user_id,name,email,gender,age,city,signup_date
U01898,Aaron Green,susannelson@example.net,F,19.0,Donnabury,2025-08-22
U00878,Jason Jenkins,gainesanthony@example.com,Other,26.0,Port Donaldport,2025-08-04
U04504,Jeffery Mejia,pwilliams@example.net,F,61.0,Kingville,2024-08-16
U04726,Blake Serrano,patricia70@example.net,F,37.0,Amberfurt,2024-12-28
U01596,Matthew Ellis,woodwarderin@example.org,F,24.0,New Debbieville,2025-01-03
U04710,Andrea Nelson,smithbryan@example.org,Other,41.0,East Johnburgh,2025-06-17
U00894,John Shelton,jamesmartin@example.net,Other,21.0,North Brandi,2025-04-10
U01293,Yvonne Ramirez,hzavala@example.com,F,54.0,South Kyleport,2024-10-30
U01169,Janet Hernandez,christopher77@example.net,,64.0,Carlfurt,2025-07-28
U01145,Maureen Nixon,kelly15@example.net,M,66.0,,2024-11-07
U04861,Karen Smith,currybradley@example.org,M,20.0,Holmesstad,2024-11-29
U00554,Leslie Nelson,wsimmons@example.org,F,,Williamport,2024-11-18
U04368,Kyle Hancock,rriddle@example.org,M,68.0,,2024-11-17
U03559,Wendy Nelson,linda70@example.org,Other,35.0,Wendytown,2025-05-30
U01737,Amanda Anderson,thomaswhite@example.org,F,50.0,New Brooke,2026-01-04
U04164,Anne Cox,medwards@example.com,F,,Garzaburgh,2025-10-19
U01322,,,Other,44.0,North Eric,2024-03-26
U02733,Nathan Serrano,staceyharris@example.net,Other,,Adamsborough,2025-03-19
U00024,Nathan Stewart,jamesrodgers@example.com,Other,65.0,Tinaborough,2024-08-10
U03502,Sara Jones,urobles@example.org,F,43.0,Tonyashire,2024-06-11
U04192,Sandra Logan,walkerbianca@example.com,F,,Lake Stephaniemouth,2024-08-30
U02230,Natasha Collins,nicole29@example.com,F,32.0,Chavezfurt,2024-02-10
U00531,Robert Preston,gerald40@example.net,F,39.0,East Davidberg,2025-05-23
U02457,Kelly Brooks,pmoore@example.org,F,50.0,Bradleyland,2024-10-25
U04350,Carol Dixon,fspencer@example.org,M,31.0,North Samanthaport,2025-03-29
U01870,,dguerra@example.com,F,43.0,Bergfurt,2024-07-30
U03594,Dawn Shaw,nicholas57@example.com,,58.0,Port Joshuaburgh,2024-08-20
U00682,Nancy Roberts,treed@example.com,M,39.0,Austinburgh,
U00169,Charles Hoover,thickman@example.org,F,56.0,New Mary,2024-10-17
U00334,Sean Tucker,aeaton@example.net,Other,27.0,South Gabriel,2024-03-03
U03545,Amy Leonard,ashlee90@example.com,M,26.0,North Matthew,2024-01-22
U03434,Marvin White,deborah96@example.com,Other,26.0,Lake Catherine,2025-07-23
U04202,Erica Sanford,debra34@example.org,F,66.0,Lake Scottland,2025-03-24
U04007,Curtis Underwood,maureenkirby@example.com,Other,37.0,Lake Eric,2024-11-16
U04142,Madison Anderson,jonesnicole@example.com,M,42.0,Lake Julianberg,2025-12-05
U03510,Anna Ramirez,tylererickson@example.org,F,23.0,East Leslie,2024-12-31
U02956,Patricia Hall,beth11@example.net,Other,40.0,Maldonadoshire,2024-05-22
U00374,Brandy Mitchell,wattstravis@example.com,M,36.0,Albertchester,2025-08-12
U00897,Bethany Holmes,wilsonjerry@example.net,M,28.0,Andrewport,2025-11-11
U02226,Brenda Mendez,simontracy@example.net,Other,66.0,East Corey,2025-02-12
U03572,Aaron Horton,rebecca91@example.org,M,61.0,New Melanie,2024-11-09
U04754,Don Miller,stephen40@example.com,Other,19.0,Ianstad,2024-06-13
U04445,Kelly Keller,jhenderson@example.net,M,67.0,Travischester,2024-01-08
U01087,Stephanie Fisher,chiggins@example.com,Other,20.0,Phelpsshire,2025-09-29
U00801,Rose Mcdonald,denise66@example.org,M,69.0,Port Nathanchester,2024-05-28
U00506,Michele Castro,devonrogers@example.net,M,55.0,Lake Timothyshire,2025-10-04
U01492,Tara Edwards,tracy75@example.net,Other,62.0,New Shannonport,2025-07-21
U01221,Steven Thomas,woodphillip@example.com,F,54.0,Kevinside,2025-03-24
U00492,William Davila,michelle88@example.org,F,39.0,Townsendborough,
,Grace Young,tgreen@example.net,Other,42.0,North Richardhaven,2024-07-18
U02986,Holly Vasquez,staffordjoshua@example.org,Other,27.0,Andreachester,2024-12-25
U01485,James Baker,ijensen@example.net,F,66.0,Lake Theresa,2024-10-22
U00080,Hannah Luna,joelthomas@example.org,,40.0,New Eric,2025-07-14
U00712,James Padilla,tomshaw@example.org,Other,44.0,Bradleyborough,2024-05-21
U01433,Katherine Cochran,gstone@example.net,M,37.0,Baileyborough,2025-05-27
U00627,Michelle Armstrong,ann18@example.org,F,47.0,New Amber,2025-07-13
U01861,Mallory Floyd,jill83@example.net,F,47.0,Port Malik,2024-11-21
U03334,Samuel Morris,,Other,65.0,New Davidtown,2024-05-26
U02234,Caroline Flynn,anthonypierce@example.org,F,55.0,Port Emilyhaven,2024-04-04
U04158,Allison Martinez,,M,54.0,Williamsburgh,2024-10-07
U01565,Rebecca Dyer,stephengomez@example.org,Other,28.0,West Stevenmouth,2025-10-18
U00417,Phillip Salazar,catherine93@example.net,Other,62.0,East Grace,2024-09-25
U03303,Katrina Buck,jonathanmoses@example.net,Other,62.0,New Natashatown,2025-04-17
U02982,Nancy Stuart,saundersjames@example.net,F,69.0,Jacobstad,2024-09-25
U01035,Mr. Kevin Callahan,cortezscott@example.net,Other,40.0,New Linda,2025-03-31
U04319,Dawn Coleman DVM,garybuck@example.com,M,38.0,Jonesport,2025-04-21
U03246,Mr. Mason Adams,lbates@example.com,M,24.0,Matthewmouth,2024-02-22
U04039,Nicole Hampton,josebutler@example.com,Other,47.0,West Alexanderburgh,2025-03-17
U02028,Patrick Medina,brobles@example.com,Other,28.0,West Kelly,2024-10-13
U00912,Susan Webster,sandra49@example.org,Other,39.0,West Jessicachester,2025-09-30
U00788,Tamara Huang,gregorymoreno@example.net,Other,67.0,Lake Ronald,2025-10-20
U01834,Jacqueline Roberts,oray@example.org,F,23.0,Gregoryville,2025-09-08
U03964,Jillian Elliott,bowmananthony@example.com,F,35.0,Lake Calvin,2026-01-01
U02243,Michael Pennington,elizabeth14@example.com,Other,37.0,Blackwellburgh,2025-01-02
U03384,Mr. Christopher Pham,beverly86@example.com,F,55.0,Harrisonton,2024-09-07
U03308,Patrick Thompson,kara42@example.com,Other,42.0,Lake Joseph,2026-01-03
U00241,Shannon Yu,janet69@example.org,M,60.0,Kevinberg,2025-12-20
U04471,Jeffrey Murphy,olsonmichael@example.net,M,51.0,Harperland,2024-01-16
U02173,Zachary Simpson,lisarussell@example.com,Other,18.0,Port April,2024-08-20
U00625,Rachael Alvarez,kathleenwagner@example.com,M,40.0,Contrerasberg,2025-10-01
U00228,Eric Baker,davislindsey@example.com,F,40.0,East Marymouth,2024-04-24
U02315,Angela Clark,dana17@example.net,M,44.0,Matthewton,2025-08-20
U02211,Harold Johnson,richardlopez@example.com,F,65.0,Edwardchester,2025-09-12
U02229,Adam Mcneil,andersondebbie@example.net,M,32.0,New Troy,2025-03-30
U02370,Patricia Baker,frankrobert@example.org,F,57.0,,2025-08-04
U00152,Jeffrey Fernandez,taylorvictoria@example.org,F,62.0,Barbaramouth,2024-06-28
U04890,Mario Brown,williamchase@example.org,M,19.0,Port Mike,2024-06-05
U01617,Tamara Peterson,,F,36.0,New Jennifershire,2025-12-26
U03435,Debbie Lewis,nelsonteresa@example.net,,52.0,Simpsonburgh,2025-09-13
U01670,Michelle Medina,istephens@example.com,Other,62.0,Evanstown,2024-03-23
U04874,Timothy Jackson,jasonsosa@example.org,M,28.0,New Sheila,2024-08-14
U00587,Rebecca Campbell,manningamy@example.net,M,69.0,Davisview,2024-05-16
U03918,John Jones,wrightgwendolyn@example.org,M,51.0,Markmouth,2024-01-28
U00953,Larry Collins,ronald04@example.com,F,19.0,Harrisview,2025-12-15
U02813,Maria Cox,kwilliamson@example.com,M,34.0,Smithville,2025-05-19
U01472,Julie Goodwin,dbeck@example.com,Other,62.0,New Michaelville,2024-07-14
U03962,John Terry,jenniferbutler@example.com,F,60.0,Lake Sandrafort,2025-08-17
U03046,Katherine Parker,james87@example.org,M,19.0,Allenmouth,2024-11-21
U01630,Lisa Hendricks,cheryl54@example.com,F,58.0,Wrightmouth,2025-07-10
U01935,Dustin Matthews,loveluis@example.com,Other,21.0,New Joshuatown,2026-01-02
U01706,Jeffrey Jackson,amandaedwards@example.com,F,68.0,East Karlstad,2024-06-14
U02781,William Parsons,michelle63@example.net,F,28.0,Wayneside,2024-04-21
U01428,John Newman,,F,33.0,Johntown,2025-02-27
U00133,Kimberly Huang,xcardenas@example.org,F,32.0,Bobbyland,2024-09-16
U03653,Joel Taylor,rkennedy@example.org,Other,28.0,Wadeville,2024-08-23
U04447,Megan Patterson,fullerdiana@example.org,F,20.0,Salazarbury,2025-05-02
U02506,Joseph Rodriguez,ramosaudrey@example.com,,20.0,North Joshuatown,2024-05-10
U02955,Matthew Black,vwilkerson@example.org,Other,20.0,Henrybury,2024-09-20
U01118,Steven Wilson,adam35@example.org,F,33.0,Serranostad,2025-11-07
U02916,Sarah Carr,terrypatricia@example.com,Other,68.0,East Patrickfort,2024-03-28
U00280,Nicholas Lawrence,daviddawson@example.org,Other,48.0,Mcdowellview,2025-07-23
U03608,,jacksonkaylee@example.com,M,57.0,Lindseymouth,2025-04-10
U01635,Andrew Murphy,james65@example.com,Other,65.0,Mcbrideberg,2025-09-26
U01273,Matthew Bender,sharon37@example.net,Other,38.0,West Ericborough,2024-09-15
U00030,Kirk Carter,keithcampbell@example.com,F,39.0,Lake Jesusview,2025-08-04
U00066,Lauren Joseph,hvang@example.com,M,37.0,Wagnerchester,2024-03-19
U02415,Andrew Pena,othomas@example.com,M,68.0,Lawrencemouth,2024-02-26
U03101,Christopher Cobb,emartin@example.org,Other,61.0,Jamesberg,2024-06-09
U00502,Matthew Davis,kcaldwell@example.net,F,24.0,Hodgeshire,2024-01-24
U01780,Alexis Taylor,barkeredwin@example.org,,50.0,New Sean,2025-11-11
U04926,Jennifer Stephens,,F,48.0,Alexandershire,2025-09-09
U01485,James Baker,ijensen@example.net,F,66.0,Lake Theresa,2024-10-22
U01584,Roy Davis,jonathanfloyd@example.net,F,28.0,Port Joanne,2025-11-24
U01150,Michael Trujillo,michelle10@example.org,Other,41.0,East Charlesstad,2024-02-23
U02112,Christopher Martin,wbrown@example.org,Other,56.0,Lake Drew,2025-08-10
U00932,Taylor Miller,watkinsmitchell@example.net,Other,27.0,Graymouth,2024-05-15
U01581,Wayne Long,reyesjackie@example.org,,36.0,New Williamfurt,2024-09-27
U00427,Steven Horne,deanjohnny@example.com,F,33.0,Foleyside,2025-08-19
U01268,,kristineprince@example.com,Other,66.0,West Brittneyhaven,2024-02-28
U00764,Danielle Hernandez,johnwang@example.com,Other,23.0,Lake Lori,2024-05-31
U00473,Megan Kaiser,amy01@example.org,Other,24.0,,2025-05-22
U01832,Ryan Gibson,henrymccarthy@example.org,F,21.0,South Dakota,2025-07-16
U00654,Sue Martinez,michael79@example.com,F,61.0,East Devin,2024-02-08
U00545,Matthew Henry,amy88@example.org,Other,56.0,South Nicoleville,2024-10-13
U00590,Kyle Davis,nshepherd@example.org,M,45.0,Mccoyland,2024-02-05
U04472,Robert Jenkins,curtisbryce@example.org,M,63.0,Carterhaven,2025-04-24
U03526,Amy Arias PhD,travis98@example.org,M,25.0,Zacharystad,2024-06-15
U01216,Emma Sanchez,msolis@example.net,Other,31.0,Mendozaborough,2024-03-19
U02513,Tina Hill MD,klinetimothy@example.net,F,33.0,Alexanderton,2024-11-16
,Judy Jackson,jeffrey49@example.org,F,,New Tara,2025-09-23
U02887,Joy Morgan,madelinerodriguez@example.com,M,65.0,Port Eric,2024-08-01
U03974,Michael Frye,staceydickerson@example.org,F,22.0,Andersonborough,2025-05-09
U04278,Shelby Rodriguez,sotoeileen@example.net,F,36.0,North Jenniferbury,2025-08-11
U00034,Casey Stone,lmoon@example.net,M,57.0,Waltersfort,2025-12-15
U00766,Corey Thomas,jensenchristopher@example.org,M,51.0,Russellport,2025-06-01
U02158,Richard Peterson,rachelmurray@example.com,M,48.0,Jordanside,2025-08-21
U01225,Louis Buchanan,james58@example.net,F,27.0,Jamesmouth,2025-03-07
U03407,Richard Hull,bridget54@example.com,M,33.0,South Jerrymouth,2025-02-12
U03091,Damon Dudley,rothxavier@example.org,,53.0,Fosterfurt,2024-09-25
U00908,Kelsey Adams,brownrachel@example.net,M,55.0,Ramirezborough,2025-11-03
,Julia Barnes,dcox@example.org,M,57.0,New Dawn,2024-12-22
U01658,Stephanie Rodriguez,thompsondouglas@example.com,F,47.0,Goodmanbury,2024-06-16
U02006,James Cox,anna69@example.net,F,46.0,South Sarahbury,2024-04-13
U01261,William Esparza,cranekevin@example.com,Other,64.0,Port Earlbury,2025-09-15
U04639,John Bradshaw,ihughes@example.com,F,43.0,Port Jacob,2024-04-01
U04690,Andrew Peterson,ruizrichard@example.com,M,33.0,Lutzchester,2024-03-04
U00880,Anthony Gallegos,cookconnor@example.com,M,37.0,Vaughnton,2024-04-04
U04559,Victoria Christensen,,F,46.0,West Kevinborough,2024-01-19
U02281,Caleb Dunn,adamgill@example.net,Other,51.0,Joshuaside,2025-01-12
U03167,Richard Schultz,richard35@example.org,M,41.0,Daniellefort,2025-07-24
U02701,Audrey Butler,turnerrichard@example.com,Other,64.0,Marquezland,2025-12-14
U03735,Harold Anderson,robertcampos@example.net,M,32.0,South Victoriastad,2025-09-18
U04840,Julie Simmons,ruth44@example.org,F,39.0,Lake Christopher,2025-01-17
U01748,Carl Anderson,kristin04@example.org,M,52.0,Port Molly,2025-10-21
U00352,Jordan Powell,greenrichard@example.org,Other,36.0,New Kellyville,2025-08-15
U00578,Amy Galvan,modonnell@example.net,M,45.0,North Jonfurt,2024-08-15
U01873,Jeffrey Taylor,jenniferprice@example.com,F,70.0,Darrenborough,2024-12-08
U02146,Linda Johnson,samantha49@example.net,M,30.0,North Michelleberg,2024-07-16
U02744,Joseph Williams,mindy69@example.com,M,32.0,Simmonsport,2025-03-11
,Hannah Browning,hbenson@example.com,Other,36.0,New Tina,2025-06-02
U02805,Jeffrey Vasquez,ndiaz@example.com,Other,45.0,Jonesport,2024-03-12
U03543,Kristen Jacobs DVM,ucoleman@example.com,F,36.0,Brownborough,2025-01-28
U03839,Jessica Jones,daniel04@example.org,Other,49.0,South Todd,2024-12-25
U02338,Monica Vincent,jessica82@example.net,M,34.0,Kyleshire,2025-06-09
U04251,Joseph Carr,escobartracy@example.com,M,31.0,North Melissa,2024-06-11
U04568,Timothy Cross,rhondasullivan@example.com,M,54.0,Shelleyborough,2024-10-16
U03753,Anthony Parks,andersontracy@example.org,Other,59.0,Buchanantown,2024-08-19
U03633,Cynthia Walker,dalehudson@example.org,F,39.0,West Anthony,2025-06-20
U04353,Roberto Larson,vanessa58@example.com,M,55.0,Reginastad,2024-12-13
U04591,Nicholas Burke,higginsdavid@example.net,F,21.0,New Michael,2025-08-15
U01426,Cindy Jenkins,stephanieoconnor@example.com,F,68.0,Lake Kevinside,2025-02-12
U01048,Randy Harrell,susan57@example.net,F,48.0,East Manuel,2024-06-21
U00747,William Walker,,F,25.0,Briannafort,2024-03-16
U02084,Mark Stewart,epeck@example.net,F,29.0,South Thomas,2025-01-13
U03269,Evan Jones,fergusonmark@example.net,Other,45.0,Hernandezshire,2024-09-20
U02233,Ariel Sanchez,ibrown@example.com,F,41.0,East Aaron,2024-06-26
U01542,John Phillips,samuel83@example.com,Other,58.0,South Alyssa,2024-10-29
U00466,Mary Carter,mitchellchristopher@example.net,M,57.0,Port Kristenview,2024-04-12
U03796,David Wright,stevenferguson@example.org,Other,37.0,North Alicia,2024-07-17
U01042,James Butler,abrown@example.com,F,53.0,South Katie,2024-01-21
U00291,Michael Gregory,tiffanysantiago@example.com,F,42.0,South Dorothybury,2024-12-24
U01306,Aaron Ford,harringtonmartha@example.net,Other,21.0,Warrenborough,2024-11-04
U03291,Karen Alexander,hannahjordan@example.net,F,27.0,Staceyton,2024-06-13
U04740,Brett Strong,samanthamiller@example.org,M,35.0,Christineshire,2024-03-22
U03586,,thomasbenson@example.net,F,26.0,Lake Heatherview,2025-02-24
U04854,Ryan Ramirez MD,kimberlyramirez@example.com,M,38.0,Hinesmouth,2025-02-16
U04607,Phyllis Ortiz,debrapowell@example.org,F,42.0,South Adrianview,2025-03-09
U02945,Whitney Levy,lauraball@example.net,F,41.0,North Coreyton,2025-01-19
U01021,Shannon Jones MD,nicole81@example.net,F,27.0,South Timothyton,2024-08-08
U03371,Christopher Robinson,jamie35@example.org,F,62.0,Fordmouth,2025-05-17
U03990,Rebecca Mitchell,xellis@example.org,Other,58.0,Jonesview,2024-01-09
U00085,Joanna Shepherd,toni18@example.net,M,44.0,North John,2024-11-22
U01339,James Gregory,aimeebrewer@example.net,M,62.0,Rickeyburgh,2024-01-22
U03017,Matthew Shelton,briana28@example.net,M,42.0,,2025-10-25
U01746,Johnny Kelley,wpearson@example.net,F,23.0,Lake Jim,2024-10-28
U02848,Jason Rose,rogersmatthew@example.org,Other,28.0,North Sharon,2024-04-06
U02856,Ashley Simmons,ericapeterson@example.com,Other,,Wilsonmouth,2024-09-29
U00735,,mturner@example.org,,68.0,Parsonsland,2025-07-28
U02436,Aaron Adams,karenrichards@example.net,M,28.0,New Regina,2024-09-14
U00240,Christina Anderson,samantharichard@example.com,F,50.0,North Dylanberg,2025-07-26
U04886,Mark Cook,sgibson@example.com,Other,61.0,West Daniel,2025-10-18
U00107,Mark Moody,jonesdana@example.com,F,31.0,North Douglas,2025-03-26
U04002,Stephen Grant,wesley46@example.net,M,18.0,Mitchellstad,2024-05-08
U02858,Mrs. Meghan Sanders,lindamcmahon@example.com,M,48.0,Lake Courtneyview,2024-03-22
U00556,Victor Harmon,oadams@example.net,F,45.0,Michaelton,2025-01-22
U00469,Cynthia Alexander,jasonnavarro@example.com,Invalid_Data,47.0,Lake Josephville,2024-02-14
U03993,Dorothy Cain,dzimmerman@example.org,F,27.0,Lake Kevin,2025-11-28
U01096,Jessica Cain,alexandersanchez@example.org,F,36.0,,2025-02-16
U01413,Maureen Weaver,jessica65@example.com,M,36.0,Gregoryberg,2024-08-16
U00297,Mark Marsh,jacqueline02@example.com,M,46.0,Port Jennifer,2025-06-17
U03514,Tracy Lawson,yphillips@example.org,Other,26.0,Clarkshire,2024-09-17
U02616,Luis Vaughan,alanyork@example.com,Other,24.0,Port Autumn,2025-10-03
U00486,Summer Hoover,bryantgeorge@example.net,F,24.0,Port Lisaville,2025-01-04
U00009,John Brown,xprice@example.net,M,32.0,Port Nicoleshire,
U01056,Penny Fernandez,murphyleslie@example.org,M,36.0,East Kevin,2024-11-12
U04363,Hunter Ford,kmorgan@example.org,,20.0,Harrismouth,2025-10-11
,Bradley Thomas,margarethart@example.net,Other,62.0,West Carriefurt,2025-12-26
U01033,Susan Anderson,bruce33@example.net,M,,,2025-10-12
U02898,Michael Brown,david43@example.com,F,50.0,Johnsonberg,2024-03-17
U01836,Zachary Zamora,erikaadams@example.org,Other,44.0,South Amyland,2024-12-01
U00655,Kevin Palmer,larry82@example.org,Other,21.0,Parkermouth,2024-08-06
U04330,Troy Morrison,eringates@example.com,F,38.0,Olsonshire,2025-04-01
U00799,Jordan Dawson,samantha84@example.net,M,59.0,South Sarah,2024-07-23
U04816,,gonzalezmeagan@example.com,M,48.0,South Gina,2024-05-18
U00732,Anne Morris,hornjenna@example.com,M,19.0,New Devin,2025-05-29
U04899,Karen Cherry,toddescobar@example.com,F,64.0,North Grace,2025-09-13
U00158,Patrick Burgess,srocha@example.net,F,29.0,South Rose,2025-02-13
U01704,Shelby Taylor,ltate@example.org,Other,42.0,New Alanbury,2024-06-12
U01865,Shirley Lucas,rosalesgavin@example.org,Other,62.0,West Christopher,2025-02-26
U00467,Scott Smith,munozrenee@example.net,M,64.0,Lake Sean,2025-08-19
U03562,Nicole Ortiz,mariavaughn@example.org,M,21.0,Lake Rebeccamouth,2024-01-26
U00656,Kelly Sandoval,brianhunter@example.net,Other,59.0,South Mauriceborough,2025-04-19
U00108,Amanda Jones,michael90@example.net,F,69.0,Lake Shannon,2024-10-04
U04033,Morgan Shelton,znewman@example.org,M,39.0,Tapiachester,2025-07-27
U00180,Catherine Saunders MD,nhahn@example.com,M,34.0,Marieland,2025-08-27
U00805,Anne Russell,shawkimberly@example.org,F,29.0,Woodston,2024-08-06
U03548,Anthony Cox,ggarcia@example.com,F,18.0,Joshuashire,2024-11-08
U03275,Jade Jackson,mooneydanielle@example.net,,41.0,Port Ronaldmouth,2024-03-15
U01269,Brenda Ford,eric81@example.com,F,33.0,Lake Justin,2024-10-20
U00168,Stacy Alvarez,glassgabrielle@example.com,M,53.0,East Sarahmouth,2024-01-18
U00081,Trevor Burton,wwebster@example.net,Other,45.0,Maldonadoshire,2025-04-21
U03827,Rebecca Chapman,,M,26.0,Shanestad,2024-08-27
U04066,Amber Gonzalez,margaret00@example.com,M,38.0,Westmouth,2024-09-07
U04507,Ann Adams,ahunter@example.net,F,61.0,South Danielstad,2024-12-24
U02378,Tracy Hall,lori39@example.org,M,63.0,West Jakemouth,2025-11-02
U03296,Philip Cisneros,johnstonrobert@example.net,F,23.0,New Kylefurt,2025-12-20
U04704,Ronald Bradley,matthewcooper@example.org,M,27.0,North Jamesstad,2025-01-31
U01666,Meredith Morales,qsanchez@example.net,F,60.0,Lake Ricky,2025-09-02
U01245,Jonathan Brown,garyharrison@example.org,M,69.0,Port Chelsea,2024-10-01
U03937,Brandon Lynch,shelbyward@example.net,F,61.0,Stanleyberg,2025-10-20
U04268,Deborah Chambers,michael42@example.org,Other,60.0,Lake Kevintown,2025-05-15
U02329,Robert Schultz,travis28@example.net,Other,48.0,Williamsborough,2024-05-01
U01421,Julie Johnson,katiepowell@example.net,F,35.0,Lake Stephenburgh,2025-10-25
U01984,Katherine Boone,reginaanderson@example.com,Other,54.0,Brownside,2025-12-17
U03152,Nathaniel Davis,richard43@example.net,M,34.0,,2025-11-23
U00879,Jacqueline Oliver,brian62@example.com,Other,23.0,South Lindseyhaven,2024-12-08
U01607,Brandon Bell,harrisonchristopher@example.org,Other,45.0,Williamsburgh,2024-10-17
U02751,Lori Ramsey,wileymatthew@example.net,M,60.0,Lake Lisashire,2024-06-17
U04264,Tony Nielsen,douglas87@example.net,F,55.0,Christiantown,2025-02-27
U04336,Mr. Brian Baker,jgarza@example.com,F,42.0,Marshbury,2024-12-19
U03840,John Ward,juliaball@example.org,Other,33.0,,2024-12-22
U02111,Shane Burke,amanda57@example.com,Other,49.0,South Grantfort,2025-02-21
U03822,Douglas Adams,adam56@example.com,M,22.0,East Davidfort,2025-08-22
U00849,Anthony Evans DVM,hallison@example.com,Other,29.0,North Jeffreytown,2024-04-17
U03257,,terrence72@example.com,F,61.0,New Vickiborough,2025-11-08
U03826,Jon Swanson,colleenclark@example.org,F,26.0,East Cindy,2024-01-30
U03054,Michelle Cruz,timothy60@example.net,F,46.0,Davidhaven,2025-05-11
U01741,Scott Brennan,cynthia47@example.org,Other,43.0,New Logan,2024-06-09
U04130,Tamara Cordova,aliciajones@example.net,Other,38.0,South Elijah,2025-12-03
U03978,Jennifer Norton,jefferydiaz@example.com,F,24.0,Allenstad,2025-03-13
U00487,Connie Brock,vrogers@example.net,Other,25.0,Nguyenshire,2025-02-09
U01346,Charles Garcia,dawsonshawn@example.com,F,53.0,New Brandonborough,2024-07-01
U02277,Joseph Munoz,jonathankennedy@example.org,,22.0,Grahamview,2025-06-24
U00812,Shawn Fleming,figueroajohn@example.net,M,52.0,East Melissaport,2024-10-07
U01821,Joel Thomas,calvin10@example.com,M,44.0,North Margaret,2024-12-11
U03862,Margaret Richardson,jasonwalters@example.com,Other,21.0,Jacquelinestad,2024-07-30
U00808,Melanie Allen,rubioashley@example.com,Other,35.0,Port Alexisport,2025-02-09
U03389,Rebecca Mullins,xgraham@example.com,Other,57.0,East Jeffrey,2024-10-02
U00255,Steven Klein,davidtodd@example.org,M,63.0,East Lindsey,2024-04-08
U04815,Amanda Becker,philip05@example.org,F,23.0,West Brendafurt,2025-10-24
U02933,Duane Henry,potterjohn@example.com,F,65.0,West Paul,2025-11-04
U02504,Matthew Sullivan,johnsonbrian@example.com,Other,68.0,Smithland,2024-11-26
U01648,Ricardo Lynch,karen53@example.net,F,38.0,East Joshuastad,2024-06-08
U01527,Pamela Howard,omarturner@example.org,M,65.0,Port Sherryshire,Invalid_Data
U02716,Mrs. Rebecca Pittman,reginaldglass@example.com,F,20.0,East Derek,
U00347,Jordan Hartman,martintamara@example.org,M,42.0,Port Dustinchester,2024-03-11
U03952,Wendy Hampton,sarahsweeney@example.com,M,56.0,Susanstad,2025-06-21
U04027,Deborah Lee,lori26@example.com,M,49.0,Deannafort,
U04718,Raven House,mwatson@example.com,F,70.0,Alvaradomouth,2025-03-20
U00722,Ann Graham,martinsarah@example.com,M,35.0,Jeffreyview,2025-05-07
U01790,Ms. Carla Stewart MD,margaretbarnett@example.org,M,33.0,Chaveztown,2025-01-13
U00200,Bernard Norton,powellkara@example.net,M,22.0,Shawnfort,2024-09-02
U01030,Susan Larsen,judithcox@example.org,F,60.0,Simsmouth,2025-01-11
,Jonathan Bush,wharvey@example.com,M,50.0,Millerport,2025-10-06
U01925,Aaron Wells,john07@example.net,Other,32.0,Ortizhaven,2024-11-16
U01882,Susan Green,stephenfoster@example.com,M,26.0,New Karenstad,2025-10-10
U02528,Erica Dalton,lawrencemeadows@example.com,Other,52.0,Jonathanhaven,2024-07-28
U04748,Michelle Jarvis,wisejennifer@example.net,,50.0,New Jonview,2025-08-08
U04317,Christopher Campbell,wrogers@example.net,Other,32.0,Troybury,2025-08-22
U01546,Justin Daniel,wheeleramber@example.com,M,40.0,Danielfort,2025-04-10
U02686,Maria Taylor,orowe@example.net,M,,Marshfort,2025-10-31
U01838,Cody Conley,jonramirez@example.net,F,65.0,Port Daniel,2025-08-19
U03626,,thomasgraves@example.org,Other,38.0,Hoffmanshire,2024-07-18
U04211,Luis Levine,joneal@example.net,F,21.0,Edwardsside,2024-10-14
U02023,Crystal Beltran,michael84@example.com,M,,Cherryshire,2025-08-21
U02255,Lisa Robinson,davismary@example.org,M,46.0,South Alyssaburgh,2025-05-31
U04733,Helen Murphy,susanvillarreal@example.com,F,37.0,Brendachester,2025-08-09
U01733,Christine Jones,sarah87@example.org,Other,22.0,Toddberg,2025-11-05
U04395,Travis Fisher,vwatson@example.org,M,21.0,South Kathryn,2024-07-11
U02222,Jacob Gray,catherinebrown@example.net,M,36.0,Kellytown,2025-07-07
U01116,Walter Cruz,tamara06@example.net,M,29.0,New Nathan,2025-06-01
U02253,Alexandra Jones,crystalcohen@example.net,M,38.0,Richardbury,2024-03-16
U02516,Linda Smith,elaine55@example.com,Other,60.0,Port Morganbury,2024-07-08
U04475,Benjamin Howard,patrick08@example.org,Other,18.0,New Codychester,2024-02-15
,Tracy Foster,byrdjorge@example.org,F,39.0,South Melissaside,
U01371,Brianna Lee,ashley14@example.org,F,42.0,Raymondberg,2024-06-30
U04606,Courtney Campbell,brian57@example.org,Other,,Vernonmouth,2024-05-11
U02094,Megan Mcneil,tuckeramanda@example.org,F,53.0,Russellborough,
U02834,Kenneth Blake,xkirk@example.org,Other,43.0,Port Ronaldton,2025-01-03
U02214,Tammy Cooper,larry37@example.net,M,39.0,Port Robertfort,2024-05-22
U04631,Mary Brown,aknight@example.net,Other,48.0,Lake Monicashire,2025-03-28
U00643,Christine Gonzalez,rrodriguez@example.net,M,69.0,Jacksonborough,2025-05-03
U01554,,rosshunter@example.net,M,37.0,Calebside,2024-08-13
U00249,Matthew Lawson,gmoore@example.com,F,53.0,East Robert,2025-02-15
U03650,Sean Woods,htaylor@example.com,M,35.0,South Abigailfurt,2024-07-09
U00945,Hannah Sanders,kimwebb@example.com,Other,44.0,Mcdanieltown,2024-08-06
U00916,Lisa Martinez,mary27@example.com,Other,34.0,South Alanton,2025-12-13
U03218,Caroline Smith,murphyjoshua@example.com,Other,,Crawfordview,2025-03-01
U03663,James Nicholson,ghudson@example.org,F,31.0,Brownside,2025-05-17
U00562,Matthew Carpenter,tyler13@example.net,M,43.0,Port Lindsaymouth,2025-09-06
U02096,Kaitlin Cline,michaelobrien@example.net,F,35.0,Anthonyview,2024-03-14
U02154,Jason Alvarez,ballmichelle@example.com,M,61.0,West Jake,2024-09-23
U01085,Brian Shaffer,brendawalker@example.com,Other,32.0,Daltonfort,2025-02-19
U03297,John Hayes,cdavis@example.net,Other,43.0,Port Gloria,2024-01-22
U02835,Kelsey Juarez,scott48@example.org,M,44.0,East Jonathanstad,2024-12-10
U00834,Lori Little,rodriguezsara@example.org,M,22.0,East Justinburgh,2024-03-14
U04254,Paige Patterson,karinahodges@example.net,F,61.0,West Susan,2025-11-20
U03575,Maria King,,Other,56.0,Lake Timothy,2025-10-11
U03542,Joel Rice,kennethfaulkner@example.com,F,64.0,Georgechester,2024-01-20
U04024,Robin Russell,powerssandra@example.net,M,20.0,Port Charles,2025-10-05
U01058,James Harris,hlawrence@example.org,Other,,New Robin,2025-06-19
,Amanda Gallegos,sheltondanielle@example.net,M,34.0,East Gregoryside,2024-08-12
U03018,Robert White DDS,holly33@example.net,Other,36.0,Leeberg,2025-06-12
U00832,,montgomeryamy@example.org,Other,68.0,Johnsonberg,2025-12-25
U01393,Thomas Rosales,beanheather@example.org,M,23.0,Proctorview,2025-01-11
U00089,Daniel Meza,ilee@example.org,Other,27.0,West Meganville,2025-01-12
U01074,Joshua Phillips,kurt68@example.org,Other,48.0,South Lori,2025-10-15
U01719,Robert Taylor,pamela64@example.com,Other,21.0,New Brianashire,2025-08-06
U04050,Sierra Anderson,smithjoseph@example.net,M,29.0,East Jennifertown,2025-07-05
U04224,Dennis Parker,erik77@example.org,Other,66.0,West John,2024-12-09
U02908,Sarah Smith,valdezbrandon@example.org,F,67.0,South Hannah,2025-05-08
U03401,Katelyn Young,kgray@example.net,F,49.0,Beverlyside,2024-03-15
U03105,Jasmin Rodgers,nbender@example.org,F,44.0,Teresaview,2025-10-18
U04878,Greg Vega,ngonzalez@example.com,M,55.0,Zacharystad,2025-04-24
U00811,Dustin Ortiz,scotthunt@example.net,F,56.0,Nathanielchester,2025-01-10
U04601,James Marshall,dwayne59@example.com,F,60.0,West Bethany,2025-09-09
U00145,Amy Kelley,ashleyhernandez@example.com,M,36.0,Wilsonborough,2025-06-14
U02062,Richard Wood,richardperkins@example.com,F,34.0,West Natalie,2025-07-28
U00316,Ronald Johns,elucas@example.net,Other,23.0,North Stephen,2024-09-05
U04701,Victoria Edwards,xtorres@example.net,F,69.0,North Brenda,2024-08-29
U04760,Katie Smith,adavidson@example.net,M,58.0,East Whitney,2025-03-06
U03478,Timothy Hall,ddavis@example.net,M,22.0,East Daniel,2024-02-22
U01505,Carol Jackson,mikaylapeters@example.com,F,68.0,Port Charles,2024-12-19
U04443,Jonathan Walker,glengood@example.com,F,62.0,West Charlesburgh,2024-11-10
U00411,Amanda Nielsen,matthew62@example.org,M,37.0,Gabriellestad,2025-04-08
U02317,Ashley Murray,jasonharris@example.org,Other,57.0,West Amanda,2025-12-04
U04148,Kelly Johnson,esims@example.com,M,20.0,Crystalview,2024-02-11
U02330,Tyler Guerrero,angelica97@example.net,F,33.0,West Linda,2025-02-16
U04609,Tammy Sanchez,sanderson@example.net,F,54.0,Kristinshire,2024-06-12
U03944,Dominique Clark,sean29@example.org,M,61.0,,2025-10-06
U04620,Nancy Elliott,peter69@example.org,M,52.0,New Kathyhaven,2024-11-09
U02938,Todd Mcbride,murphyryan@example.com,M,57.0,South Deborahville,2025-05-08
U03248,Christopher Ramos,teresa48@example.net,Other,42.0,Port Marcus,2025-06-16
U03961,Zachary Walker,rberry@example.com,F,36.0,Yolandaborough,2025-12-15
U03160,Kim Henderson,beth28@example.net,M,68.0,Jodiview,2024-12-06
U02423,Christopher Perez,garywright@example.org,M,47.0,Johnsonland,2025-04-05
U04045,James Lynn,kelseynguyen@example.org,F,59.0,Johnfort,2024-08-01
U04837,Christopher Zimmerman,rroberts@example.org,M,55.0,New Sierrafort,2024-12-28
U01913,Dr. Crystal Johnson MD,nmunoz@example.net,M,59.0,Campbellland,2024-04-10
U04791,Michael Maddox,kingdominique@example.org,M,54.0,Charlenechester,2024-08-24
U04436,Paul Ford,emartinez@example.net,M,65.0,Port Heather,2025-10-05
U03623,Gary King,davissamuel@example.net,F,34.0,,2024-01-16
U00777,Tammy Nelson,dayjohn@example.org,Other,58.0,North Deborahstad,2024-08-31
U00101,Nicholas Fuller,dennis58@example.com,M,,Port Kimberly,2024-12-11
U04375,Mariah Griffith,iwarner@example.com,M,49.0,Mahoneychester,2025-03-16
U04385,Theresa Johnson,lbennett@example.org,Other,48.0,Lake Amy,2025-12-13
U01891,Mallory Duncan,mariabenson@example.org,Other,46.0,Deborahside,2024-11-10
U04587,Diana Chung,parrishjustin@example.org,Other,39.0,Davisshire,2024-05-07
U03867,Danielle Duran,fordjoshua@example.org,Other,39.0,Andrewside,2025-10-14
U00965,Shawna Silva,michael64@example.net,F,64.0,North Brittany,2024-03-22
,Garrett Hopkins,lopezcaitlin@example.net,M,61.0,West Markview,2025-11-11
U02585,Amanda Schneider,ujohnson@example.org,Other,52.0,Erikaburgh,2024-02-04
U00804,Tony Smith,karen68@example.org,F,42.0,Karenstad,2025-12-18
U04110,Christina Adams,dclark@example.org,M,61.0,Johnsonville,2024-10-04
U04514,Lisa Nguyen,mariah26@example.org,Other,24.0,Brendaview,2024-12-11
U02419,Carlos Peterson,imorris@example.net,M,59.0,Christopherhaven,2024-09-14
U02105,Kenneth Doyle,bmorrison@example.net,M,24.0,Lake Kennethberg,2025-01-20
U00110,Deborah Green,nlewis@example.com,F,56.0,Gonzalezberg,2025-09-21
U04494,Marc Bell,jacksonjeremy@example.com,M,38.0,East Patricia,2025-02-20
,Alicia Bird,pcoleman@example.org,F,48.0,East Derek,2024-04-15
U03028,Austin Rogers,stephanienavarro@example.org,F,59.0,North Brandon,2025-01-16
U04817,Michael Moreno,joannsmith@example.com,M,38.0,East Kyle,2025-01-27
U04393,Michael Cervantes,dbaxter@example.org,F,62.0,Port Rebecca,
U00423,Melissa Mckee,cgallegos@example.org,Other,44.0,East Kimberlyside,2024-04-14
U04263,Kristina Allen,jeffrey35@example.net,Other,39.0,Ashleyland,2024-11-18
U03099,Kathy Collins,zjordan@example.com,M,51.0,Gwendolynbury,2024-11-17
U02727,Amanda Lucas,veronicasnyder@example.com,M,63.0,Port Kennethshire,2025-03-03
U02635,,,M,18.0,East Adam,2026-01-02
U04838,Samuel Carpenter,qlopez@example.net,M,34.0,Brittanyville,2024-04-19
U04786,Joseph Dillon,tcruz@example.com,M,21.0,Nicolebury,2024-07-11
U03318,Steven Moore,flemingryan@example.org,M,37.0,Steeleville,2024-08-28
U04446,Brittany Becker,olsonchad@example.org,F,66.0,West Leslie,2025-07-24
U04782,Cindy Michael,christopherruiz@example.org,Other,,Lloydport,2024-01-19
U00394,Maurice Andrade,laurapierce@example.net,M,47.0,Dianeside,2026-01-05
U04417,Mr. Thomas Ochoa,clarkelizabeth@example.com,F,28.0,Fosterchester,2025-06-03
U01740,Caleb Lopez,taylortina@example.org,F,45.0,Douglaschester,2024-06-07
U01130,Diane Jensen,pkent@example.net,F,28.0,Salazarstad,2025-12-23
U01989,Melinda Russell,mark86@example.com,Other,32.0,Karenstad,2025-10-17
U03216,Robert Bowers,brianpowell@example.com,Other,38.0,South Kristineberg,2025-06-02
,Anna Ponce,raymondschultz@example.net,F,45.0,North Jared,2024-04-02
U04952,Kyle Bennett,hoodjustin@example.net,M,50.0,Port Karenbury,2024-12-02
U00843,Richard Howard,lewisnathan@example.org,,54.0,Davidmouth,2025-05-24
U04198,Brian Barnes,fgonzalez@example.com,Other,22.0,Gallagherview,2024-04-24
U01091,Jonathan Davis,christina35@example.com,F,29.0,Lake Christopherfurt,2024-08-22
U01534,Erin Griffith,adam17@example.net,Other,69.0,East Haley,2025-06-14
U04597,Brandon Hoffman,stevenkemp@example.net,F,25.0,Monicahaven,2025-07-23
U04000,Lisa Peterson,rileyjulie@example.com,Other,67.0,Wardstad,2024-02-19
U03230,Joshua Patel,jenniferwilliams@example.com,F,32.0,Fergusonton,2025-09-19
U00298,Levi Lopez,ylewis@example.org,M,51.0,Danielchester,2024-02-09
U01756,Lauren Smith,ualvarez@example.org,M,23.0,North Troyberg,2024-09-06
U01910,Philip Smith,john52@example.net,M,23.0,Bobbystad,2024-06-17
U04560,Lisa Shea,heather13@example.org,F,20.0,Lorimouth,2024-05-29
U02441,Christina Ware,cindy78@example.com,Other,,New Terri,2024-10-08
U03025,Angela Moore,boydmegan@example.com,M,23.0,Hectormouth,2025-02-26
U00309,Jose Bennett,qramirez@example.org,F,38.0,New Meghan,2024-01-11
U00231,Maria Aguilar,samantha10@example.org,M,28.0,Lake Scott,2024-04-10
U03436,Adam Johnston,rodgersbrent@example.net,Other,69.0,Clarkfort,2025-08-31
U03928,Ronald Jacobs,vnguyen@example.com,F,39.0,East Heatherbury,2024-12-11
U04944,Jeffrey Clark,sbishop@example.org,M,69.0,New Andrewberg,2025-09-15
U03973,Leslie Kelley,kjohnson@example.com,F,29.0,North Michael,2025-06-17
U01506,Mary Brown,lawsonpaul@example.org,M,51.0,West Markborough,2024-01-31
U03708,Kenneth Mitchell,njohnson@example.com,F,54.0,New Stevenchester,2025-09-02
U01336,Julia Kelly,bartonkimberly@example.net,F,23.0,East Caleb,2024-07-20
U02102,Krista Thompson,andrewwalker@example.com,F,27.0,Zavalaside,2025-04-20
U02237,Ariel Williams,dgentry@example.org,,58.0,Allenside,2024-09-29
U04883,Donna Decker,ngill@example.org,F,61.0,Crosbyhaven,2024-04-03
U02068,Ashley Prince,heatherdavis@example.org,Other,40.0,South Lindsayfort,2024-04-11
U00472,Brett Pena,rmurray@example.net,F,45.0,Lake Emily,2025-07-23
U04937,Julia Sanders,joan88@example.net,M,59.0,West Amber,2024-10-05
U00600,Nancy Larson,benjamin67@example.net,M,51.0,,2025-01-27
U03495,Deborah Brown,corey59@example.org,M,33.0,West Samantha,2024-11-10
U03253,Dale Allen,kimberlylane@example.org,Other,65.0,Cindystad,2024-04-17
U00419,Jason Novak,stephanie33@example.org,Other,65.0,East Saramouth,2025-10-01
U01477,Samantha Russell,aaronponce@example.org,Other,23.0,Amandaside,2025-05-30
U00978,Christopher Williams,haleyortiz@example.net,M,24.0,West Joshuastad,2024-04-02
U04195,Michael Hodge,wendy16@example.com,F,58.0,Banksstad,2024-09-22
U04424,Mrs. Gail Combs MD,thomas03@example.net,Other,,Royland,2026-01-02
,Monique Reid,douglasherman@example.org,M,21.0,Hillbury,2024-02-06
U00539,Melissa Randall,angelaroberts@example.com,Other,31.0,Port Chad,2025-09-12
U04119,Latasha Watts,jamie07@example.com,F,20.0,Valentineland,2025-08-16
U03564,Megan Gilmore,tbrown@example.net,M,59.0,Mckenzieburgh,2025-06-27
U01262,Tyler Marshall,saraterry@example.net,Other,53.0,Robertfurt,2024-11-08
U04376,Cindy Knight,sarasimon@example.org,Other,,Lake Emilyberg,2025-04-29
U02485,Tiffany Lopez,hopkinsapril@example.net,Other,58.0,Port Josehaven,2025-09-19
U01236,Richard Warren MD,yromero@example.com,F,68.0,West Drew,2024-03-03
U04832,Debra Cox,christopher49@example.net,F,50.0,Cooperton,2024-02-26
U03803,Daniel Schwartz,penningtonlisa@example.com,F,53.0,Port Lindsey,2025-09-08
U04905,Peter Harper,milleralexander@example.org,M,65.0,Atkinsonfort,2025-02-05
U04012,Sheila Johnson,stevenschristopher@example.org,M,47.0,Lake Benjaminberg,2024-08-09
U04440,Samantha Torres,mterry@example.net,M,37.0,Lake Gregory,2024-06-08
U00439,Ryan Morgan,ksims@example.net,F,33.0,Lopezville,2025-09-30
U04405,Jessica Schroeder,,M,52.0,South Cody,2024-09-04
U02122,James Alexander,mary70@example.net,F,35.0,New Kennethstad,2024-05-29
U03571,Randy Evans,mariereynolds@example.net,F,29.0,Port Kimberly,2025-04-06
U01651,Brandi Williams,brian64@example.net,M,54.0,Blairville,2025-09-05
U00706,Jennifer Williams,,F,30.0,Kruegerstad,2025-01-13
U03726,Charles Calhoun,eterry@example.org,Other,69.0,Barbaraburgh,2024-11-10
U01610,James Gonzalez,imolina@example.org,M,70.0,East Tina,2025-12-25
U03711,David Shaw,alexandermaxwell@example.org,Other,39.0,Brownmouth,2024-07-13
,Emily Hicks,bondmarissa@example.org,Other,26.0,Goodwintown,2024-01-11
U02592,Brenda Ibarra,kortiz@example.com,Other,65.0,Lake Ronaldview,2024-11-23
U00150,Jessica Gray,johnreed@example.com,F,20.0,Lake Kathy,2024-01-30
U03124,Maurice Johnson,laura08@example.com,F,44.0,Frankport,2024-11-03
,John Leach,weaverhector@example.com,M,58.0,South Ernestburgh,2025-01-07
U00743,Tina Guzman,brittanyramirez@example.net,M,34.0,Jonesview,2024-07-15
U01352,Ashley Carter,randywoods@example.org,F,54.0,Port Wendy,2024-05-28
U04540,Amanda Roberts,matthew75@example.net,M,29.0,Escobarmouth,2024-06-09
U03943,Katherine Lopez,claytonangela@example.net,M,51.0,West Stephentown,2024-03-05
U00438,Joseph Cunningham,angela03@example.net,M,68.0,Laurenstad,2024-02-24
U02708,Jessica Aguirre,frankjimenez@example.net,Other,61.0,New Tamarahaven,2024-06-26
U01198,Christine Steele,colonnicole@example.net,F,52.0,New Daletown,2024-07-11
U01619,,jessicadavis@example.com,Other,61.0,East Ashleychester,2025-10-30
U01102,Monica Reeves,wjordan@example.org,M,39.0,Lewismouth,2024-08-20
U03955,Jared Baker,johnwallace@example.net,M,56.0,Derekview,2025-04-15
U03769,Ms. Candice Briggs,wkennedy@example.org,Other,22.0,Richardfurt,2025-04-24
U04259,Connie Padilla,,M,36.0,South Douglasmouth,2024-09-04
U00013,Jennifer Conley,ismith@example.org,F,44.0,Jeffreyland,2025-07-31
U00094,Ryan Rosales,christopher24@example.com,Other,67.0,Port Samuel,2025-11-28
U03551,Mitchell Werner,robbinsjoseph@example.com,M,56.0,Andrewtown,
U01814,Scott Gordon,andrewturner@example.org,F,65.0,Burkeland,2025-08-24
U01502,Crystal Nguyen,michael40@example.org,M,64.0,Scottstad,2024-08-02
U04026,Rick Taylor,zacharywest@example.com,Other,55.0,West Jenniferview,2025-04-06
U00585,Randy Rhodes,,M,43.0,Port Marcustown,2024-03-06
U02944,Belinda Bates,ueaton@example.net,Other,20.0,South Larryview,2025-05-28
U00806,Joel Mcclure,cisnerosjesse@example.org,F,62.0,Port Jennifer,2026-01-02
U01011,Ethan Craig,moorebrenda@example.net,M,55.0,Annettechester,2026-01-03
U00882,Mark Ball,shaffercindy@example.org,Other,48.0,North Aaronville,2025-01-20
U01050,Amy Mayo,allen60@example.net,Other,35.0,Kristyfort,2024-07-31
U01781,Aaron Woodward,htaylor@example.com,F,21.0,South Josemouth,2025-10-29
U03797,,zbaldwin@example.com,F,63.0,South David,2024-03-26
U01307,Brenda Ramirez,ehammond@example.net,Other,20.0,New Shawnport,2025-04-21
U04517,Elizabeth Fisher,tholloway@example.org,M,39.0,Mooreview,2025-10-13
U03266,Tracy Hernandez,youngjared@example.com,F,38.0,Charlottehaven,2025-09-01
U02043,Denise Roberts,nancy67@example.org,M,45.0,New Renee,2024-06-22
U00430,Brian Chaney,emilycarr@example.net,Other,,South Kara,2024-09-26
U03652,Calvin Leach,edward58@example.com,F,58.0,Gibsonburgh,2025-02-28
U03126,Jenna Keller,morganwilliam@example.com,F,,Jennifertown,2024-03-08
U04414,Lynn Camacho,jasonbennett@example.net,M,51.0,Gibsonport,2025-09-17
U01673,Seth Curry,larsonjennifer@example.org,,24.0,Donnaville,2025-03-28
U02058,Aaron Baker,rjordan@example.org,F,42.0,Lake Lisastad,2024-07-05
U04796,Dr. Ryan Newman,alexisbridges@example.org,Other,49.0,Timothyshire,2025-01-01
U04258,Leroy Williamson,charlesamy@example.com,Other,59.0,Russelltown,2025-05-27
U04555,Glenn Lewis,gonzalesderek@example.com,M,66.0,East Victor,2024-12-18
U04929,Nicole Campbell,chad49@example.org,M,66.0,New Jeffrey,
U01942,Susan Cochran,vgarcia@example.net,F,55.0,Angelaside,2024-02-10
,Gloria Barnes,erika67@example.org,M,60.0,East Seth,2025-11-23
U01996,Margaret Colon,kcarlson@example.com,Other,,Port Joseph,2025-12-30
U03759,,omoore@example.net,M,53.0,Michaelshire,2025-12-05
U04898,Jonathan Williams,gtaylor@example.com,Other,46.0,Port Jeffrey,2024-04-11
U01341,Mrs. Heather Christensen,michelle02@example.com,Other,70.0,Lake Emma,2024-09-11
U00288,Nicholas Watson,ian66@example.com,F,20.0,Maryfort,2025-08-13
U03405,Donald Gonzales,christopherwalker@example.com,F,53.0,Wallacefurt,2025-10-27
U03958,Shaun Pena,mark42@example.org,Other,54.0,Lake Jamesberg,2024-08-05
,Gloria Parker,,M,53.0,Lake Jamesfort,2024-12-07
U01211,Jeremy Haynes,garciadonald@example.net,Other,61.0,South Tylerchester,2024-01-22
U02455,Jesus Wright,mcclainjohn@example.com,,53.0,West Matthew,2025-04-10
U04289,Bethany Avila,pamelacook@example.net,F,34.0,North Johnview,2025-11-12
U04996,Mrs. Jessica Washington,gregory93@example.net,M,70.0,Jonathanview,2024-09-19
U04182,Joseph Reyes,weaverandrew@example.net,Other,44.0,Robertbury,2024-02-13
U02926,Ronald Murray,drakeamanda@example.com,F,22.0,South Ashleyview,2024-06-21
U04834,Melissa Boyd,anita31@example.org,F,43.0,West Nancybury,2024-02-16
U04551,Troy Chavez,devon39@example.net,F,49.0,Ricemouth,2025-07-09
U02334,Victor Green,davispaul@example.net,Other,49.0,Ryanberg,2024-06-16
U00795,Dana Carey,burgessdavid@example.net,Other,48.0,South Jessica,2025-05-29
U04155,Tyrone Matthews,littleautumn@example.net,F,56.0,Patrickberg,2024-07-13
U00752,David Davis,millerjustin@example.com,Other,47.0,South Ericaberg,2024-12-22
U02048,,aolson@example.org,M,31.0,Port Alexisside,2024-03-03
U02973,Eduardo Gonzalez,matthewcook@example.net,F,31.0,Duncanberg,2024-02-10
U03699,Jennifer Bean,harveylinda@example.net,M,28.0,,2025-12-15
U02535,Christina Rivas,ufarrell@example.com,M,65.0,New Suzanneberg,2024-07-11
U01452,Bryan Bowers,williamsanthony@example.net,M,54.0,Spencerville,2024-11-30
U04892,Valerie Oconnor,wiseamber@example.net,Other,60.0,Annetteshire,2024-12-10
U02645,Teresa Aguilar,susan64@example.org,M,32.0,Gutierrezside,2025-03-16
U01127,Allison Alexander,,Other,33.0,New Tamara,2024-02-17
U03059,Christopher Delacruz,john31@example.net,F,38.0,New Lori,2024-06-29
U00734,Miss Carol Brown,terri20@example.org,Other,59.0,Brittneyberg,2025-04-09
U01401,Christina Gomez,jacob32@example.net,F,41.0,Kristinebury,2025-10-01
U01703,Tanya Cardenas,fred06@example.org,M,55.0,North Mario,2024-09-14
U04082,Stacy Harvey,ryanshannon@example.org,M,18.0,Sharonburgh,2024-12-28
U01320,Andrew White,jamesphillips@example.org,F,19.0,Perezberg,2024-01-30
U03870,Ethan Nelson,jeremy94@example.com,M,20.0,New Allen,
U00415,Timothy Stark,carlos81@example.org,F,47.0,Maryberg,2025-06-21
U04679,Steve Atkins,csmith@example.org,F,60.0,New Monicaburgh,2024-04-09
U04242,David Morgan,johnsonmelissa@example.com,Other,62.0,East Jason,2025-01-20
U02367,David Walker,deborah74@example.org,Other,61.0,Fergusonstad,2024-12-13
U01362,Zachary Braun,richardharper@example.net,F,19.0,Wangshire,2025-08-19
U04272,Donald Lewis,lisa28@example.com,Other,26.0,South Melanie,2024-08-22
U01434,Sherry Contreras,jack86@example.org,M,43.0,East Andreport,2024-06-27
U00253,Dennis Marshall,maryelliott@example.org,M,58.0,North Elizabethside,2024-11-04
U02455,Jesus Wright,mcclainjohn@example.com,,53.0,West Matthew,2025-04-10
U00351,Curtis Smith,calhounandrea@example.net,Other,36.0,Michaelview,2024-06-20
U01833,Sandra Curtis,hsimmons@example.com,M,63.0,South Frankport,2024-05-01
U04773,Gregory Hernandez,rwhite@example.org,Other,70.0,Karenland,2024-10-05
U00458,Jennifer Flores,bsullivan@example.net,M,,Lake Glenn,2024-04-17
U01613,Stephanie Allen,plin@example.org,F,52.0,New Brianfurt,2025-05-20
U04764,Danielle Lewis,oclarke@example.org,M,51.0,West Brandon,2024-01-10
U00091,,xwilliams@example.net,Other,51.0,South Cheryl,2025-07-09
U02610,Jon Davis,qturner@example.org,M,59.0,Abigailfurt,2025-01-18
U03322,Kathryn Hamilton,owenselizabeth@example.com,F,50.0,East Theresahaven,2024-01-30
U00027,John Ray,hernandezlisa@example.com,F,32.0,East Davidchester,2025-03-25
U00995,Daniel Graham,patrick26@example.org,F,55.0,Larryfort,2024-02-01
U00182,Tammy Kane,ystephens@example.com,M,33.0,North Kaylastad,2024-05-07
U01003,Luis Sellers,uwilliams@example.com,M,,East Chelseaville,2024-10-12
U01787,Nicolas Graham,jeffrey44@example.com,M,32.0,West Dianaberg,2025-12-22
U04884,Stephanie Murray,imoore@example.org,M,39.0,Ericview,2025-05-01
U04391,Tracy Rojas,hmora@example.net,Other,21.0,Rachelstad,2025-10-02
U01963,Adriana Parks,ingramtara@example.net,Invalid_Data,51.0,Abbottland,2025-02-06
U03843,Tina Young,rhughes@example.net,Other,54.0,Randallshire,2024-10-18
U03166,,robin80@example.org,Other,56.0,Michaelport,2024-02-20
U00684,Denise Fuller,elizabeth13@example.com,M,26.0,Riddleside,2024-04-04
U02095,Gregory Sparks,donaldthomas@example.org,F,53.0,East Angela,2024-08-01
U04498,Cody Parker,seangoodman@example.org,Other,37.0,South Kathrynland,2025-03-28
U02732,Robert Mcdonald,omarbennett@example.net,M,42.0,West Jill,2025-05-01
U04850,Aaron Hunt,kfreeman@example.com,F,34.0,West Helenfurt,2025-03-27
,Anthony Hughes,vincentkathleen@example.org,M,47.0,North Deborahfort,2025-11-22
U03639,Melissa Wagner,suarezamy@example.net,F,52.0,Smithfurt,2025-07-26
U03533,Devin Mendoza,michaelclarke@example.com,M,42.0,Port Rogermouth,2025-09-08
,Heather Lane,ericolson@example.org,F,43.0,Meganstad,
U02303,Jason Riggs,hensleybenjamin@example.com,F,46.0,Port Yvonneland,2024-02-27
U03809,Olivia Gibson,mooretrevor@example.net,Other,55.0,South Ernestview,2025-01-28
U00392,Amy Jensen,navarromary@example.org,F,18.0,New Colton,
U04314,Benjamin Price,frostdaniel@example.net,Other,53.0,New Erikchester,2024-05-27
U02852,Taylor Richardson,william10@example.net,Other,57.0,Lake Elijah,2024-11-22
U00204,Shannon Mcdowell,penajohn@example.com,Other,,North Randy,2024-08-17
U00725,Brian Peterson,juliewilson@example.com,M,32.0,Port Lawrence,2024-10-10
U03968,Carrie Thompson,heather02@example.com,M,67.0,Luisfort,2024-03-03
U01540,Invalid_Data,gutierrezjessica@example.net,M,34.0,South James,2024-08-21
U00388,Albert Vincent,malikbrown@example.net,Other,61.0,Leefort,2025-07-19
U02026,Brittany Gonzales,hickssuzanne@example.net,F,63.0,Lake Benjamin,2025-02-22
U03438,Jamie Rodriguez,andreadiaz@example.org,F,62.0,Kingview,2025-11-14
U01558,Melissa Martinez,eileenhudson@example.com,F,44.0,Biancastad,2025-09-28
U04302,Jordan Mccarthy,roserhonda@example.net,M,65.0,Howardville,2025-01-04
,Stephen Morrow,bryantandre@example.com,M,25.0,Hillmouth,2024-01-09
U02063,Tammy Long,elizabeth53@example.net,M,35.0,Martinezshire,2025-02-13
U04105,David Smith,tristan32@example.org,M,47.0,North Reneestad,2024-07-19
U00222,Katherine Barton,jessicapayne@example.org,M,48.0,North Sarah,2024-01-24
U01437,Matthew Moss,brianmorrow@example.org,F,46.0,,2024-06-08
U01213,Heather Morales,rebeccahutchinson@example.org,M,65.0,East Christopherburgh,2025-05-06
U03979,Randy Hawkins,cheyennestrickland@example.com,M,52.0,Rileyton,2024-02-08
U00692,Justin Lopez,sarahfoster@example.com,Other,42.0,East Jasonstad,2024-08-30
U02724,Tracy Patterson,christina42@example.net,F,47.0,Lake Leah,2024-02-03
U03097,Brandon Hays,ashley28@example.com,F,23.0,South Lindashire,2025-08-21
U02838,Erika Weber,stacy40@example.net,M,41.0,Wendyshire,2024-06-12
U04888,Michelle Williams,patricktiffany@example.net,F,55.0,East Emily,2025-06-23
U04732,Brian Mclean,wellskenneth@example.com,M,43.0,Rhondaview,2024-10-31
U00178,Valerie Taylor,carrie37@example.com,Other,24.0,South Tanya,2024-08-07
U04190,Gregory Thomas,watersphilip@example.net,Other,65.0,Port Morgan,2025-02-24
U02368,Emily Young,amandalevy@example.com,F,29.0,Port Kimberlyshire,2025-08-03
U03906,Michael Smith,jennifer07@example.net,Other,64.0,West Dawnville,2025-04-04
U04252,Steve Bailey,daniellearroyo@example.com,Other,58.0,Raymondland,
U01879,Michael Brown,krauseaaron@example.com,M,69.0,New Nancy,2025-04-08
U01927,Vincent Douglas,uguerrero@example.com,F,21.0,North Brettfort,2025-01-03
U02965,Kelsey Howell,michaelvalencia@example.net,M,38.0,Harmonmouth,2025-10-09
U02843,Tammy Smith,david18@example.org,Other,43.0,Port Wendyfurt,2025-11-19
U03001,Gregory Wood,margaretdixon@example.net,F,65.0,Lake Jillian,2025-04-10
U02183,William Becker,emilyharmon@example.org,F,34.0,Crawfordborough,2025-03-24
U04411,Melissa Robinson,smccormick@example.com,M,52.0,Millerport,2024-03-10
U03399,Stephen Jimenez,valerie05@example.org,F,50.0,,2025-10-31
U01375,Shannon Morris,lrussell@example.net,Other,40.0,Port Brandi,2024-11-26
U01002,Parker Wright,nicholsdavid@example.org,F,61.0,Jordanview,2024-09-15
U01039,Jonathan Flores,tgarcia@example.net,Other,34.0,New Emily,2024-08-30
U01455,Evelyn Novak,michael84@example.com,Other,67.0,Jamesfurt,2024-05-13
U02390,Jennifer Carter,kwilliams@example.org,Other,59.0,Stanleyfort,2024-11-20
U04253,Timothy Nguyen,silvajessica@example.com,M,36.0,Charlesport,2025-01-05
U01718,James Miller,yramos@example.org,F,36.0,Chapmanland,2025-12-28
U03170,Sandra Barnes,millertravis@example.com,M,61.0,Port Eric,2024-12-23
U03366,Rhonda Bauer,williamsjennifer@example.org,,23.0,Port Anthonyview,2024-05-16
U00976,Amy Davis,tonya39@example.net,Other,61.0,West Marymouth,2025-10-24
U02017,Eugene Fisher,steve96@example.net,M,36.0,East Matthew,2025-05-25
U04281,Maria Skinner,leestacey@example.org,Other,52.0,Port Williamberg,2024-05-18
U03283,Kristina Kelly,leetricia@example.net,M,31.0,Davidsonville,2024-08-04
U02285,Jeffrey Nguyen,chase86@example.org,F,66.0,South Travisport,2024-07-15
U00220,,david02@example.org,F,54.0,South Caseymouth,2025-10-01
U02232,Cynthia Coleman,williamspamela@example.net,F,68.0,South Gerald,2024-02-11
U01816,Jennifer Bauer,elizabethwalls@example.com,F,41.0,West Andrea,2024-03-15
U00583,Tammy Williams MD,hellis@example.net,Other,58.0,North Michael,2024-06-03
U04042,Valerie Wang,xgonzales@example.org,Other,32.0,West Jacobfort,2024-09-10
U02520,Loretta Robertson,staceyfoley@example.org,Other,21.0,Lake Jodihaven,2024-04-18
U00044,Alexis Thomas,charlesharrington@example.com,F,38.0,Cindyfurt,2025-04-26
U00211,Matthew Bowers,troyrodriguez@example.com,M,56.0,New Pamelatown,2025-12-28
U04384,Michael Olson,edwardsrandy@example.com,F,58.0,North Heather,2024-11-23
U00355,Harry Nichols,john16@example.net,M,54.0,Charlesburgh,2024-12-20
U02534,Adriana Dean,diane99@example.com,M,29.0,Hammondmouth,2025-12-16
U00678,Thomas Cruz,jessekeller@example.org,Other,45.0,Brownhaven,2024-01-15
U01022,Rodney Mack,reginald87@example.com,,62.0,North Dustinview,2025-07-14
U03151,Sylvia Hurst,morgansteven@example.net,Other,51.0,West Mark,2024-05-29
U00368,Stephen Norman,julie87@example.com,M,58.0,East Melissa,2024-04-07
U04229,Michael Singleton,christinabrown@example.com,F,35.0,Marcbury,
U04059,Jacob Fisher,karlarobinson@example.com,M,69.0,Jacquelineton,2025-04-10
U02987,Dawn Hill,smartinez@example.com,F,69.0,Brownview,2025-02-21
U00136,Tanya Russell,mwoods@example.com,M,65.0,Justinton,2025-10-31
U02270,Jessica Bell,wilsonjill@example.com,M,58.0,West Robertview,2024-01-12
U00048,Michael Jimenez,jesselittle@example.com,M,48.0,Elizabethmouth,2025-10-26
U02750,Joshua Pruitt,cruzrobin@example.org,Other,,Cathyshire,2024-03-31
U02169,Johnathan Davidson,millershirley@example.org,Other,31.0,North Chadberg,2024-11-08
U03306,Dawn Mckinney,nelsonkevin@example.org,Other,37.0,Lake Jessicaton,2025-08-02
U01973,Amanda Ross,jessica07@example.org,Other,38.0,New Michael,2024-06-29
U00671,Robert Sutton,james92@example.net,F,53.0,Alanport,2024-07-31
U03303,Katrina Buck,jonathanmoses@example.net,Other,62.0,New Natashatown,2025-04-17
U01184,,kathleenfitzgerald@example.com,F,42.0,New Lisa,2024-09-26
U02305,Stephen Shaw,rcobb@example.com,Other,34.0,Jonesport,2024-12-15
U00062,Dr. Kimberly Lindsey,guerreroanthony@example.org,F,28.0,Kristybury,2025-03-12
U02314,Angela Craig,thomaswillie@example.org,Other,62.0,Rachelchester,2025-07-24
U04048,Laura Bailey,daniel66@example.org,M,62.0,South Nicoleview,2024-08-22
U00096,Timothy Combs,lacey20@example.com,F,70.0,Hortonberg,2025-07-14
U01955,Pamela Sanders,kmoore@example.net,M,39.0,Edwardfort,2025-04-01
U00479,Martin Fitzpatrick,sadams@example.com,F,57.0,Andrewshaven,2025-06-07
U03667,Alexis Romero DDS,james88@example.net,M,67.0,Cooperside,2025-01-01
U03277,Andrea Hart,kellychang@example.org,F,18.0,North Lori,2024-05-17
U02003,David Miranda,tashajordan@example.net,F,34.0,Jenniferfurt,2025-06-13
U04981,Mitchell Meza,michael10@example.com,M,18.0,Lindsayside,2024-04-05
U00765,Rhonda Haynes,jacobbond@example.net,Other,41.0,East David,2024-10-26
U01979,Linda Jones,vjohnson@example.net,M,42.0,Lisatown,2025-10-01
U04459,Kelly Johnson,rtaylor@example.net,M,29.0,Meganhaven,2025-04-24
U00813,Sarah Walker,wcaldwell@example.com,F,38.0,Daymouth,2024-03-26
U03444,Monica Wood,kellermary@example.org,Other,52.0,Lake Lisa,2025-02-17
U04855,Christine Ramos,zphillips@example.org,Other,49.0,North Susanhaven,2024-10-02
U00323,Sarah Randolph,enewman@example.com,M,36.0,West Coreyshire,2024-12-28
,Madison Strong,sandra56@example.com,,28.0,Alecburgh,2024-02-11
U01283,David Hays,gregory30@example.net,F,38.0,Millerbury,2025-11-28
U04928,Dustin Contreras,kevin02@example.net,Other,45.0,New Michaelmouth,2024-01-21
U00719,Nancy Gregory,catherineross@example.net,M,63.0,West Ronniefort,2025-12-28
U03541,Joseph Smith,smithpamela@example.org,F,37.0,West Jenniferview,
,Gregory Chandler,daniel93@example.net,M,50.0,East Steven,2024-05-01
U02283,Alan Haynes,pgraves@example.org,Other,26.0,Silvaland,2025-09-16
U01600,Jeffrey Fleming,dlopez@example.org,F,40.0,West Rhondaton,2025-11-13
U01551,Catherine Johns,scott95@example.org,Other,23.0,Campbellfort,2024-03-20
U01594,Barbara White,fitzpatrickjustin@example.net,Other,46.0,Debrashire,2024-05-28
U03671,Suzanne Steele,natalie04@example.com,F,50.0,Andersonfurt,2025-06-15
U00292,Margaret Hernandez,smithsarah@example.net,Other,68.0,Christianburgh,2024-03-01
U04041,Jennifer Boyd,youngmary@example.org,M,65.0,Ramosshire,2025-09-07
U01174,Donald Hill,lmitchell@example.org,M,20.0,Stephanieville,2024-02-14
U01097,Mrs. Charlotte Stone MD,tfrancis@example.com,F,59.0,Ryanstad,2025-10-25
U00534,Christine Santana,ellenjohnson@example.org,Other,60.0,Stacystad,2024-09-20
U01770,Cody Klein,jacksonwhitney@example.org,M,41.0,Parksberg,2025-10-01
U04465,Anthony Bradford,nballard@example.com,M,50.0,Bensonbury,2025-09-24
U02768,James Miller,james16@example.com,F,56.0,Taylorfurt,2024-04-06
U04106,Mark Rios,beckyblake@example.com,Other,60.0,New Nicholaston,2025-03-22
U02836,Sean Keller,parrishnatalie@example.net,Other,68.0,South Jack,2024-02-18
U00658,Jennifer Martin,cwalter@example.com,F,24.0,North Danielle,2025-05-27
U02764,Robert Arnold,joshuaelliott@example.com,M,54.0,Ashleestad,2024-01-28
U04210,Jasmine Hammond,vanessasimmons@example.org,Other,61.0,West Christopherchester,2024-05-10
U01880,Patrick Adams,myersjoshua@example.com,M,25.0,Port Laurenshire,2025-07-30
U01457,Daniel Hoffman MD,catherinemoore@example.com,Other,47.0,Maryfurt,2024-11-21
U03909,Rose Vega DVM,hamiltonamy@example.net,M,21.0,West Jenniferchester,2024-10-23
U00429,Samantha Williams,brianbailey@example.org,Other,41.0,Lake Belindaport,2024-09-05
U03723,David Gonzalez,caleb86@example.org,Other,40.0,Baileyside,2025-03-27
U01159,Karen Porter,vedwards@example.org,M,63.0,New George,2025-05-26
U04373,Chelsea Salinas,michael40@example.net,Other,60.0,Edwardtown,2024-01-13
U01331,Emily Chambers PhD,karen42@example.org,M,51.0,New Elizabeth,2025-02-04
U01296,Susan Barrett,woodardkaren@example.org,Other,39.0,Samanthachester,2024-03-14
U04777,Daniel Hayes,andrew01@example.net,F,29.0,North Margarettown,2025-10-23
U04703,James Reynolds,rachel49@example.com,M,45.0,Elizabethburgh,2024-05-12
U04750,Robin Davis,nicholasharper@example.org,F,56.0,New Ryan,2025-04-20
U03271,Aaron Barnes,walshscott@example.net,Other,,Jamesville,2025-11-01
U02593,Dawn Velasquez,gregory73@example.com,F,59.0,Nealfort,2025-01-02
U02474,Barry Hoffman,fbarry@example.com,Other,53.0,Michaelton,2024-09-19
U02147,Sean Odonnell,neilsummers@example.org,M,33.0,,2024-10-19
U01967,Jeffrey Sellers,jeffreynichols@example.com,Other,24.0,North Derrick,2025-05-22
U01621,Crystal Yates,,F,21.0,South Susanshire,2025-12-11
U02719,Emily Pena,selena03@example.net,M,34.0,Smithborough,2024-05-25
U02489,Joshua Copeland,jennifersanchez@example.com,F,55.0,South Chase,2024-10-01
U02306,Brandon Day,qdixon@example.org,F,62.0,Jennifershire,2024-11-02
U04982,Rebecca Obrien,fblackwell@example.com,M,59.0,North Tonyhaven,2024-11-22
U00380,Andrea Harrison,paulawright@example.com,F,28.0,North Theresabury,2024-10-14
,Nicholas Sanders,david61@example.net,F,32.0,Port Anthony,2024-05-24
U04554,Sarah Matthews,lawsonemily@example.com,Other,52.0,,2025-04-06
U01533,Jennifer Sampson,ijackson@example.com,F,66.0,Braunhaven,2024-05-05
U02396,Linda Fleming,tranjo@example.com,F,28.0,East Randyside,2024-04-19
U02320,Sara Moss,thompsonzachary@example.org,M,49.0,Conwayport,2024-03-13
U03520,Danny Archer,vcabrera@example.net,F,23.0,East Nicholas,2024-02-15
U03460,Anna Washington,lisa59@example.org,M,56.0,Lake Nicholaschester,2024-01-16
U04644,Jeremy Russell,breannahopkins@example.org,M,58.0,East Carlosside,2024-11-22
U02437,Lynn Watson,lisa16@example.org,,26.0,Millerburgh,2025-12-18
U04807,Robert Nunez,stacymolina@example.org,F,29.0,North Amy,2024-05-25
U01535,Chad Barnes,idavid@example.com,M,54.0,South Cameronstad,2025-11-26
U02648,Joshua Smith,diazjeffery@example.com,M,60.0,Maryborough,2024-09-01
U00103,Eric Sanders,wking@example.net,Other,60.0,West Michael,2025-07-30
,Amber Hopkins,mwright@example.net,F,63.0,Brownton,2025-04-18
U04448,Rachel Walker,johngonzalez@example.org,M,24.0,Fuentesside,2025-01-15
U04918,Christopher Reese,gilbertjason@example.com,F,69.0,Christopherfort,2024-11-06
U02804,Kathryn Fischer,clarkmelissa@example.org,M,62.0,Rogersfort,2024-05-15
U04284,Donald Davis,mccarthyamber@example.net,Other,60.0,,2024-03-16
U02349,Susan Williams,michaelgordon@example.org,M,60.0,Port Danielborough,2025-09-09
U00071,Darrell Patterson,lynchdiane@example.net,Other,30.0,Anthonyview,2025-06-03
U03304,Nathan Bailey,nancy37@example.net,Other,70.0,North Jasmin,2024-07-28
U04931,Invalid_Data,belljon@example.org,F,57.0,Smithview,2024-06-22
U02288,Nicole Baker,laurahamilton@example.com,M,32.0,West Laurie,2024-04-06
U03382,Joel Figueroa,,Other,62.0,North Jamesstad,2025-07-19
U03540,Hannah Soto,hughestimothy@example.net,,21.0,Port Jonathanview,2025-12-03
U04681,,awilson@example.org,Other,20.0,Theodoreside,2024-05-18
U04410,Daniel Duran,ibrooks@example.net,Other,41.0,Morrischester,2025-04-03
U01060,Heather Scott,duffyallen@example.com,Other,34.0,Rossville,2024-09-22
,Martin Taylor,rhernandez@example.org,Other,59.0,Lake Ronaldfort,2025-01-04
U02381,Jackson Fuller,ann26@example.org,Other,54.0,Port Matthew,2025-11-30
U01364,Laura Thomas,phillipskelsey@example.com,M,66.0,East Pamela,2024-03-26
U03506,Kyle Hensley,burnettjennifer@example.net,F,Invalid_Data,Thompsonfort,2025-01-15
U01633,Sara Lyons,dustinwilliams@example.com,Other,68.0,Andersonfort,2025-06-18
U00927,Mary Jacobs,matthew11@example.com,M,62.0,Wagnerberg,2025-03-03
U04525,Samantha Rogers,karen74@example.net,F,66.0,New Roger,2025-01-21
U02644,Carla Stephens,michael77@example.org,M,28.0,Lake Melindaburgh,2024-06-29
U04798,Andrew Salinas,Invalid_Data,Other,31.0,East Stephen,
U04099,Jamie Mckinney,hillmikayla@example.net,,18.0,Dylanberg,2025-07-12
U02670,Nicole Bray,finleykathleen@example.net,M,18.0,Heathborough,2024-02-20
U03286,Mr. John Vazquez,holtthomas@example.com,F,53.0,Melissatown,2024-01-28
U04914,Jasmine Jackson,katelyn19@example.org,F,36.0,West Robert,2025-08-11
U04303,Kristina Mitchell,jenkinsjake@example.net,Other,50.0,Matthewport,2024-05-28
U01182,Adam Burton,joseph58@example.com,Other,64.0,Port James,2025-03-26
U04487,Eric Robinson,joanwhite@example.com,F,25.0,Cynthiastad,2024-11-06
U01504,Vanessa Fleming,hayesrachel@example.com,F,39.0,East Elizabeth,2025-04-22
U04709,Thomas Wiggins,tjones@example.com,M,49.0,Shermanview,2024-03-24
U02119,Gloria Garcia,jackpeterson@example.net,F,39.0,Hollyland,2025-01-16
U02581,Fred Ayers,brent63@example.net,F,59.0,Royfort,2025-01-05
U04222,Mercedes Mack,rita14@example.net,Other,25.0,West Erikland,2024-09-23
U00382,Caitlin Chandler,kingdanielle@example.org,F,69.0,Paigeborough,2025-12-18
U03971,Richard Castaneda,shall@example.com,F,39.0,East Joshua,2024-11-05
U04441,Carol Tran,bmason@example.net,M,31.0,South Michael,2025-12-16
U04298,Christopher Villegas,cmcintyre@example.com,M,19.0,Robinfort,2024-09-15
U03117,Kelly Callahan,justinreeves@example.net,,36.0,East Maryburgh,2024-03-29
U01515,Robert Acevedo,tonyaholmes@example.net,Other,24.0,Lake Belindaborough,2024-05-08
U00839,John Ashley,jean47@example.net,Other,27.0,Grahamfurt,2025-11-11
U02046,Michael Roberts,justin77@example.net,Other,48.0,Colemanhaven,2024-05-28
U02758,John Davis,wilsonryan@example.net,Other,44.0,New Christopherville,2025-05-08
U03931,Adriana Wright,cookjames@example.net,Other,55.0,New Teresa,2025-09-30
U03910,Rebecca Lee,bellchristopher@example.net,M,47.0,West Sarah,2024-07-25
U00234,Dr. John Miller MD,zgonzalez@example.net,F,60.0,Lake Virginia,2025-02-07
U00713,Clayton Malone,tonya67@example.net,M,70.0,Port Danaland,2024-08-08
U02030,Tanya Wilson,ramosmatthew@example.org,M,21.0,North William,2024-03-15
U04765,Kara Johnson,timothyferguson@example.com,Other,,Port Michaelfurt,2025-02-06
U00997,Jonathon Parks,tuckersusan@example.com,Other,52.0,Wiseport,2024-11-12
U00634,Bradley Fields,kristathomas@example.net,F,55.0,Port John,2025-12-03
U01845,Krystal Kirby,brookemartin@example.org,Other,26.0,Kimberlyport,2025-10-12
U00416,Sheryl Gutierrez,vturner@example.net,F,60.0,Edwinborough,2024-03-25
U01555,Anna Walker,nicole92@example.net,M,29.0,Michaelbury,2025-11-01
U04876,Ashley Day,szuniga@example.com,F,54.0,North Kimberly,2024-09-15
U03847,Anthony Stewart,,F,25.0,Patricktown,2024-06-29
U02289,Sarah Rivera,ambersavage@example.com,Other,26.0,Garnerfurt,2025-10-07
U01324,Diana Green,sarayates@example.org,Other,64.0,South Kenneth,2025-07-24
U00758,Nathan Morales,garciatravis@example.org,Other,27.0,South David,2024-12-28
U02260,Mark Thomas,kimberly51@example.com,Other,45.0,Chadburgh,2024-08-29
U02324,Erika Mercado,loganjudy@example.org,M,40.0,East Richardview,2024-09-12
U00018,Alexandria Fisher,xgarcia@example.net,Other,62.0,Zimmermanchester,2024-05-14
U02136,Michael Cline,karenliu@example.net,F,65.0,Whitebury,2025-06-30
U02139,Johnathan Bradley,nathanielshields@example.com,M,50.0,South Andrewbury,2025-04-25
U04649,Mr. Paul Dennis,gedwards@example.net,Other,47.0,Samuelchester,2025-08-19
U03947,Haley Armstrong,longdebra@example.org,F,34.0,Heatherchester,2024-02-13
U00597,Brian Smith,micheleclark@example.net,F,67.0,Lake John,2025-09-13
U01488,Michael Bell,wellsroberto@example.net,M,24.0,East Marissaside,2025-07-10
U02342,Leslie Jackson,moniquemoore@example.org,M,24.0,Port Kathrynhaven,2024-06-14
U03312,Chloe Morales,alvarezsarah@example.net,F,44.0,West Bryanburgh,2024-09-18
U01744,Jody Singleton,chavezpamela@example.org,Other,27.0,Shafferside,2025-12-27
U02081,Jeffery Dominguez,tuckersheila@example.net,Other,61.0,East Samanthafurt,2024-02-18
U04847,Charles Johnson,brian94@example.org,M,49.0,Hudsonbury,2025-03-22
U00372,Brandy Fry,brittanybryant@example.net,Other,41.0,Millsside,2024-08-20
U03897,William Harris,meganbailey@example.org,Other,20.0,South Laurieburgh,2025-12-24
U02472,Nathaniel Norman,brandonross@example.com,Other,65.0,Dakotaview,2024-09-16
U00653,Gina Pace,gibsonmark@example.org,F,44.0,North Alexanderland,2025-03-15
U00599,Scott Richards,kennethgallegos@example.com,Other,58.0,West Alanchester,2025-12-23
U00677,Jocelyn Kline,jacksonemily@example.org,M,,Port Hannahfort,2024-01-26
U00239,Tracy Weaver,tracydavis@example.org,F,25.0,North Alisha,2024-01-07
U03719,Jessica Wilkinson,smithvincent@example.com,M,63.0,Lake Robertohaven,2024-02-29
U01500,Tamara Brown,jeremy75@example.org,M,36.0,Reedshire,
U04868,Sierra Aguirre,qgreene@example.com,Other,49.0,Nguyenstad,2024-06-26
U01254,Allison Powell,ureed@example.com,F,23.0,Brenthaven,2025-03-10
U03703,Shane Hodges,davidwarner@example.net,M,31.0,Invalid_Data,2025-09-10
U01264,Brittany Kennedy,cookmitchell@example.com,M,39.0,South Natasha,2024-12-31
U00076,Donna Wilson,lburgess@example.org,F,61.0,Patelbury,2025-01-06
U04049,Amber Walker,julie61@example.com,Other,26.0,East Hannah,2025-12-27
U02771,Sherri Wheeler,cwebb@example.org,Other,60.0,Woodburgh,2025-09-11
,Daniel Smith,lisaperez@example.net,M,66.0,Andrewchester,2025-04-16
U03934,Benjamin York,cantrellvictoria@example.org,M,64.0,Smithberg,2024-12-04
U02998,Mckenzie Stewart,awilson@example.org,M,31.0,Elizabethshire,2025-06-12
U01095,Ronald Sanchez,elizabethhill@example.com,Other,24.0,Port Heather,2024-06-15
U03939,Michael Hernandez,umiller@example.net,F,53.0,,2024-02-23
U01567,Michael Jackson,carlosmeadows@example.net,M,29.0,New Ashleyfort,2025-06-18
U02227,Steven Buchanan,drobinson@example.com,M,61.0,Wilsontown,2024-09-25
U02481,Patricia Brown,carpenterkelly@example.com,F,61.0,New Kyle,2025-11-21
U04439,Mark Williams DVM,rodney59@example.com,M,,Lake Kathrynside,2024-11-05
U01361,Invalid_Data,romerovictoria@example.net,M,29.0,Port Keithshire,2024-05-18
U00829,Robert Wilkins,matthew96@example.org,Other,61.0,Leefurt,2025-09-03
U01481,Ronald Johnson,michaelblanchard@example.com,M,59.0,Thomasville,2025-04-01
U00097,Luis Bullock,scottmary@example.net,Other,55.0,Rodriguezport,2024-06-28
U02343,Daniel Kim,ronald46@example.com,M,20.0,Fowlerhaven,2024-01-20
U03936,Christopher Macias,anitawise@example.net,M,51.0,Newmanview,2025-04-01
U03186,Mitchell Flores,franciskenneth@example.net,M,49.0,Kimville,2025-11-18
U01808,Jason Boyer,whitejustin@example.org,F,36.0,Kristenmouth,2025-10-01
,Terri Carter,kylescott@example.org,F,42.0,Cherylfurt,2025-02-26
U00622,Justin Dorsey,,F,58.0,Ashleyton,2025-01-23
U03270,Ashley Smith,alison10@example.com,Other,38.0,Burgesston,2024-05-19
,Joseph Norris,bonnie41@example.org,F,34.0,Port Julia,2024-07-16
U01175,John Thomas,opierce@example.com,F,40.0,Randallmouth,2025-03-30
U00567,Elizabeth Mayer,kennethvillarreal@example.org,F,36.0,Welchchester,2025-08-05
U02032,Kevin Roth,heathercochran@example.com,M,30.0,Lake Wendyshire,2025-08-21
U03272,Stephanie Anderson,joshua06@example.com,Other,52.0,Gardnerport,
U01392,Kristopher Williams,joe99@example.net,M,63.0,Kristatown,2025-12-03
U00749,Jennifer Vargas,albert82@example.net,F,25.0,East Nicholas,2025-06-27
U01210,Renee Whitehead,lwilliams@example.org,M,46.0,Michelleshire,2025-09-16
,Christopher Wilson,,Other,67.0,Montgomeryville,2024-01-26
U00052,Michelle Hopkins,courtneyberger@example.net,Other,22.0,West Kristinaton,2025-03-05
U00890,Matthew Johnston,david59@example.net,F,26.0,Breannafurt,2024-02-25
U03728,Erik Mathews,rsullivan@example.org,F,54.0,Mollyville,2024-06-09
U03327,Andrew Wong,elizabeth15@example.org,Other,54.0,Mcbrideshire,2025-10-05
U02414,Daniel Anderson,ecasey@example.org,Other,18.0,Waremouth,2024-11-22
U01514,Sandra Wong,pmartin@example.org,M,39.0,East Theresaside,2025-01-06
U00535,Phyllis Austin,garciabelinda@example.org,F,22.0,Lake James,2024-07-31
,Brian Kelley,murphychristopher@example.com,Other,51.0,Dustinbury,2024-07-25
U03479,Jerry Guzman,leslie40@example.com,M,46.0,New Elizabethshire,2024-09-27
U04823,Michael Thompson,steven99@example.org,F,22.0,Davidton,2024-12-22
U00444,Nichole Johnson,danielle35@example.org,Other,31.0,West Joshua,2024-08-27
U04004,Taylor Smith,masonanderson@example.net,F,25.0,Leahview,2025-10-20
U00196,Scott Miller,rowejoel@example.net,M,45.0,Michellechester,2024-05-07
U04805,Chris Cooper,hking@example.com,F,64.0,,2025-06-15
U02269,William Salas,eric02@example.net,M,61.0,Johnstad,2024-01-12
U00803,,allenchristopher@example.net,F,65.0,New Valeriefort,2024-02-09
U04474,Zachary Stone,ktaylor@example.org,M,66.0,Port Darleneside,2024-08-03
U01701,Suzanne Gaines,schmidtfernando@example.net,M,23.0,North Danielborough,2024-11-14
U03278,Stephanie Jones,brandonwillis@example.net,Other,20.0,Dillonmouth,2025-10-06
U03818,Lauren Simmons,scarter@example.com,F,41.0,Deannachester,2024-10-28
U03659,Dustin Logan,smithcarla@example.com,M,35.0,Kellyshire,2025-10-06
U02789,Benjamin Flynn,hdavis@example.net,Other,50.0,Jeremybury,2025-10-16
U03185,Matthew Edwards,marshalldouglas@example.com,M,34.0,South Dillonchester,2024-01-17
U02691,Erin Guerrero,nancy14@example.org,M,70.0,Jonathanfurt,2024-11-14
U01104,Bryan Madden,morenojessica@example.net,F,59.0,East Tina,2025-07-25
U00645,Denise Abbott,braunheather@example.net,M,50.0,Erinmouth,2024-01-08
U02452,John Wilkinson,louis04@example.org,Other,26.0,North Richard,2025-01-01
,Dorothy Lopez,lonniewallace@example.com,Other,58.0,Lovebury,2025-05-18
U01537,Miss Emily Simmons,manningjeremy@example.com,Other,29.0,Port Ashleyborough,2024-02-08
U04599,Brandon Wong,thomas08@example.org,M,52.0,New Franklin,2024-03-15
U00121,Derek Wright,williamssonia@example.net,M,23.0,Wrightburgh,2025-08-23
U03816,Jonathan Powell,lisastephens@example.net,F,26.0,Parkfort,2025-11-14
U02630,David Hamilton,christopher02@example.net,F,61.0,West Donald,2025-11-22
U04978,Robert Esparza,sandra69@example.net,M,45.0,West Ericaside,2025-02-26
U02517,Michael Hendrix,vsanders@example.net,M,42.0,West Marco,2025-03-23
U00207,Jacob Evans,wayala@example.org,F,62.0,North Alyssa,2024-01-13
U01943,James Lopez,rodriguezdiana@example.org,M,63.0,Virginiaburgh,2024-04-23
U04030,Mary Gibson,smithaaron@example.net,F,49.0,West Susan,2025-01-08
U01612,Natalie Moore,gregorymullen@example.com,M,54.0,South Isaacmouth,2024-06-09
U02479,Willie Hunter,wadebrenda@example.net,Other,63.0,New Melanie,2024-10-26
U02442,George Sullivan,jeffrey80@example.org,M,25.0,Port Lindaview,2025-11-15
U00135,Taylor Perez,briangutierrez@example.net,M,38.0,Garciaberg,2024-01-10
U04538,John Castro,zhurley@example.net,M,22.0,Lake Alicia,2024-03-26
U02676,Stephanie Blevins,maynardsamantha@example.net,Other,64.0,Port Karen,2024-11-15
U04321,Wayne Thomas,cassandra80@example.com,Other,30.0,Jeromeland,2025-04-02
U02488,,kevin20@example.org,F,53.0,Port Tiffany,2025-05-28
U00185,Thomas Miller,michaelcooper@example.org,M,44.0,Baileyville,2024-11-22
U01593,Eric Griffin,castanedajohn@example.com,,66.0,Derrickstad,2025-07-27
U03894,Andrew Smith,mary34@example.org,M,34.0,West Cherylside,2024-05-13
U00512,Katelyn Wade,kellis@example.org,M,36.0,Georgeview,2024-06-20
U02776,Loretta Roberts,johnmartinez@example.net,M,44.0,North Cassandraberg,2025-11-10
U00063,Derek Martinez,vfox@example.org,Other,56.0,Weststad,2025-01-16
U03050,Daniel Robinson,davidhart@example.org,M,23.0,South Hollyville,2024-06-09
U03429,Angelica Reid,fcosta@example.org,Other,27.0,Allenview,2024-11-23
U02909,Haley Anthony,fmarshall@example.com,M,66.0,North Joshuashire,2024-12-11
U04056,Christopher Randolph,dawnmedina@example.com,M,25.0,Port James,2024-10-25
U01345,Daniel Robinson,james84@example.net,F,42.0,,2024-10-21
U03340,Natasha Wood,tyler16@example.com,M,48.0,Travishaven,2025-04-12
U00252,Elizabeth Sanders,qjacobson@example.org,F,25.0,Lopezfurt,2024-10-03
U00626,Robert Beck,zhughes@example.com,Other,22.0,Lake Pamelaview,2025-04-23
U01243,Cynthia Morton,carriejones@example.org,M,32.0,Lisaburgh,2025-01-31
U03716,Stephen Gallegos,diazwilliam@example.org,M,42.0,South Lindsay,2025-08-16
U04844,Tonya Carpenter,gwalter@example.net,F,27.0,North Anthonymouth,2025-11-24
U01747,,hallalan@example.org,Other,31.0,West Jameschester,2025-12-15
U00123,Tracy Lewis,brandon47@example.net,F,62.0,Mitchelltown,2025-09-17
U03484,Mr. Carl Crawford DDS,rbenson@example.com,M,56.0,South Traci,2024-08-24
U03662,Laura Peck,mparks@example.org,F,46.0,Ayalaborough,2024-05-01
U04723,Rebecca Romero,birdtonya@example.net,,62.0,New Diane,2024-09-16
U02676,Stephanie Blevins,maynardsamantha@example.net,Other,64.0,Port Karen,2024-11-15
U03749,Richard Page,nnash@example.net,Other,24.0,Port Sherri,2025-06-12
U02498,Jordan Adams,jasonkaiser@example.com,M,60.0,Jonathanshire,2025-03-30
U00568,Bobby Chan,aruiz@example.com,F,25.0,Mcdowellville,2025-08-31
U01664,Christian Barnes,fbailey@example.org,Other,41.0,North Destiny,2025-02-28
U01579,Paul Schmidt,raymondanthony@example.org,M,23.0,Carlfurt,2024-10-19
U03481,,christopher63@example.com,Other,38.0,West Daniel,2025-04-27
U00694,Kathryn Mooney,johnathandavis@example.com,M,62.0,Gregoryberg,
U00865,Latoya Mooney,aliciajackson@example.org,Other,52.0,North Kevinmouth,2024-12-02
U03835,Dr. Kelsey Green,taylorjulia@example.org,F,42.0,Port Shannon,2024-02-17
U04792,George Evans,amy79@example.net,M,18.0,Christopherfurt,2024-02-22
U01026,Mark Alvarez,jnunez@example.net,Other,64.0,East Catherine,2025-09-26
U01721,Michael Fernandez,salvarado@example.com,F,25.0,Lake Kenneth,2024-07-27
U00857,Ashley Murray,mcgeejohn@example.com,M,25.0,West Anthony,2025-05-04
U02073,Ryan Miller,whiterobert@example.com,Other,44.0,Ashleyland,2025-04-04
U02940,Ashley Campbell,,M,25.0,Port Christopherhaven,2025-12-09
U03800,James Kennedy,smithmiranda@example.net,Other,50.0,Jeffreyborough,2024-02-09
U01993,Joseph Simmons,maryhoover@example.org,Other,22.0,South Andrewbury,2024-10-31
U00721,Kimberly Baxter,peggyfriedman@example.com,F,23.0,East Jason,2025-07-10
U04506,Jamie Landry,bellthomas@example.org,M,61.0,Colemanhaven,2024-07-22
U04943,Heather Mitchell,,,45.0,Lake Alan,2025-11-22
U01627,Ernest Walker,benjaminstevenson@example.com,Other,43.0,Jensenmouth,2024-11-24
,Raven Cruz,bday@example.org,F,19.0,Mckenzieberg,2025-03-13
U03492,Michelle Marks,melissajones@example.com,M,51.0,,2024-08-15
U00603,Michael Moyer,laura29@example.org,Other,70.0,Hannahland,2025-05-08
U01176,Maria Nguyen,warebrian@example.net,Other,22.0,South Caleb,2024-02-25
U02678,Michael Jenkins,tdiaz@example.com,F,46.0,Roachview,2025-01-19
U04756,Nicole Pearson,zwebb@example.com,Other,29.0,Taylorside,2025-08-02
U00970,Larry Lewis,soniabass@example.net,Other,30.0,Port Samuel,2024-11-24
U04618,John Li,tcooper@example.net,F,30.0,North Patriciaton,2025-10-08
U01439,Melody Stevens,igoodwin@example.org,Other,56.0,New Kelseyland,2024-03-31
U04010,Amanda Mcintyre,john12@example.org,M,41.0,Frankfurt,2024-07-26
U04678,Autumn Underwood,jeffrey35@example.com,M,34.0,East Bianca,2025-08-05
U00319,Lisa Campbell,qjames@example.org,M,46.0,Moorebury,2024-04-15
U01222,Savannah Harrison,shughes@example.net,Other,67.0,South Matthew,2025-05-26
U01892,Angela Lin,zjohnson@example.org,M,23.0,Port Bruce,2024-02-26
U00275,Mr. Christopher Walters,hayesjason@example.org,M,36.0,South Kristen,2025-07-29
U04499,Jennifer Martin,michaelpayne@example.net,Other,46.0,Dorisville,2024-06-12
U00550,Leslie Lozano,meltondanny@example.org,F,46.0,New Markmouth,2025-05-01
U03812,Anne Simmons,john53@example.com,F,,East Stacey,2025-07-27
U03083,Timothy Myers,carly00@example.net,Other,49.0,Maryborough,2024-10-20
U00503,Raymond Sawyer,xlopez@example.net,Other,65.0,Padillatown,2025-09-26
U03198,Henry Williams,gmeyer@example.org,,36.0,Michaelmouth,2024-03-27
U00606,Justin Tucker,kristen08@example.com,M,27.0,Port Hannah,2025-01-17
,Robert Adams,olivia29@example.net,M,19.0,South Roger,2025-03-28
U00528,Catherine Davis,amybrennan@example.net,Other,35.0,Josephstad,2024-03-17
U04925,Walter Hernandez,falexander@example.net,F,46.0,New Alex,2024-11-26
U02555,Daniel Bird,amanda03@example.org,M,68.0,Rebekahstad,2025-08-15
U04351,Michael Rocha,cmyers@example.com,F,48.0,New Nicholas,2025-04-13
U00830,Laura Anderson,,M,19.0,Zacharychester,2024-06-23
U01177,Joseph Bentley,christopherward@example.com,Other,21.0,Christophermouth,2025-07-08
U02573,Connor Baldwin,justin33@example.com,F,68.0,Davidside,2024-09-06
U04112,Ms. Shannon Lucas DDS,linkevin@example.net,M,28.0,Williamschester,2024-07-26
U03158,Kimberly Thomas,jeffersonchristine@example.com,Other,45.0,Wagnerview,2024-05-05
U00296,Sarah Rivera,xmoran@example.net,Other,39.0,Wilsonbury,2024-01-08
U01075,Brenda Becker,gonzalezjulie@example.net,M,61.0,New Michelle,2025-01-24
U01783,Manuel Riddle,andrearivera@example.net,M,41.0,Lake Robertland,2025-04-10
U00299,Megan Martinez,lellis@example.net,F,18.0,South Adam,2025-06-28
U00069,Laurie Hoffman,elizabeth65@example.net,Other,61.0,Parrishton,2025-12-14
U04590,Christina Smith,timothy41@example.org,F,44.0,South Robert,2024-05-02
U01398,Jose Gonzalez,gibbsamanda@example.net,F,41.0,South Dawnbury,2024-10-02
U03536,Annette Munoz,zryan@example.net,M,39.0,Joshuachester,2024-09-01
U02458,Roberto Murphy,freemanchristopher@example.com,M,62.0,Amandafort,2024-02-15
U04069,Margaret Romero,susanbaker@example.org,M,39.0,Turnermouth,2024-03-01
U04958,Philip Gordon,csmith@example.org,F,40.0,Port Julie,2024-11-15
U03651,Brian Ramos,richard62@example.org,M,39.0,Dixonmouth,2025-09-13
U03519,Sandra Wright,riggstheresa@example.net,Invalid_Data,30.0,Benjaminborough,2024-12-22
U00151,Lisa Mayer,allencarlos@example.net,M,53.0,South Carlaton,2024-07-03
U00757,Stephanie Walls,abrown@example.net,Other,33.0,,2024-03-25
U04397,Christine Aguilar,awilliams@example.org,F,58.0,North Rachel,2024-12-28
U02695,Lisa Higgins,brownsean@example.com,M,,East Feliciaport,2025-04-16
U02641,Miss Elaine Garcia,imaddox@example.org,Other,40.0,Kristinachester,2025-04-17
U01469,Bryan Arroyo,alejandra39@example.com,F,56.0,Samueltown,2025-02-04
U00377,Scott White,daniel79@example.com,M,26.0,Jackiefort,2024-05-23
U03373,Jessica Davis,ruizthomas@example.net,F,48.0,Port William,2025-12-05
U00860,Ashley Williams,susanrobinson@example.org,Other,46.0,New Josephland,2025-01-29
U03100,Abigail Faulkner,jason68@example.org,Other,69.0,Rebeccatown,2025-01-27
U04979,Allen Sanchez,umullins@example.net,Other,19.0,West Elizabethport,2025-04-17
U00379,Daniel Fisher,dbolton@example.net,Other,50.0,West Christopherberg,2024-02-16
U02440,Suzanne Luna,kathleenbrewer@example.net,M,34.0,Castilloview,2024-08-11
U01076,Heidi Hall,nicholasgarcia@example.org,M,18.0,Port Sarah,2025-06-13
U03040,Autumn Diaz,ebranch@example.org,Other,62.0,North Anthony,2025-07-30
U01868,Amber Wolf,johnhines@example.net,M,,East Ethan,2025-09-09
U02728,Danielle Hansen,jennifer10@example.org,Other,58.0,Jacobberg,2025-09-24
U00842,Joanna Preston,brenda49@example.net,F,66.0,,2024-05-17
U01894,Zachary Velasquez,tracyhoffman@example.com,M,47.0,Tammyborough,2025-07-24
U00176,Christopher Hill,todd15@example.com,Other,57.0,Lake Colleen,2025-03-16
U02174,Deborah Small,vanessajimenez@example.org,F,26.0,Aaronton,2025-05-24
U00928,Patricia Yoder,hsmith@example.com,M,28.0,Kathyfort,2025-07-03
U02500,Jennifer Turner,bassandre@example.org,F,66.0,Blakemouth,2024-09-19
U00046,Michael Mitchell,juliehamilton@example.org,F,35.0,South Garrettport,2025-10-28
U01742,Jason Salinas,Invalid_Data,,58.0,New Glennhaven,2025-02-02
U02276,Shannon Carter,lcoleman@example.net,Other,37.0,West Robert,2024-06-02
U03712,Leslie Kelly,burnettjames@example.org,Other,46.0,Chavezberg,2025-06-21
U03674,Jonathan Henderson,susan70@example.org,Other,51.0,Zacharyland,2024-01-08
U04610,Todd Barber,romankevin@example.org,M,69.0,Heatherland,2025-09-02
U00284,Michael Phillips,kelleyrenee@example.net,F,38.0,Riveratown,2024-01-16
U03893,Kevin Williamson,juliadavid@example.net,F,41.0,Invalid_Data,2024-08-23
U01753,Maria Lewis,igarcia@example.net,F,62.0,North Jamesfurt,2025-01-25
U01484,Juan Davis,ramosrobert@example.org,Other,59.0,Port Mark,2024-05-21
U04705,Michelle Waters,richard34@example.net,M,29.0,Christinaton,2025-01-11
U01766,Justin Moody,dmartinez@example.com,M,49.0,North Vincentview,2024-08-22
U02373,Todd Watson,djohnson@example.org,F,49.0,New Makayla,2024-03-20
U01232,Juan Stewart,georgeburch@example.com,Other,45.0,New Christina,2025-12-04
U01920,Julie Ross,fryekevin@example.net,F,40.0,Port Arthur,2024-08-01
U03908,Angela Davis,gloria33@example.net,Other,34.0,Christopherberg,2025-11-12
U02331,Brianna Bailey,matthew05@example.net,M,18.0,,2024-10-24
U03264,Michael Warren,jasonray@example.com,M,52.0,Thompsonport,2024-10-21
U03983,Christopher King,brownjohn@example.org,Other,34.0,Port Benjaminchester,2025-09-21
U04758,Matthew West,greenmichelle@example.net,Other,26.0,Martinhaven,2024-07-07
U00258,Olivia Ayers,hartcraig@example.com,Other,44.0,Natalieview,2024-10-13
U01723,Hannah Meyer,,Other,56.0,South Juliemouth,2025-06-24
U00100,Katie Smith,ywilliams@example.com,F,46.0,Juliestad,2025-08-05
U02389,William Lam,lopezgary@example.org,F,60.0,Smithtown,2025-01-12
U04230,Luke King,scooper@example.com,Other,61.0,Nicholasside,2024-08-01
U02978,Jordan Calderon,oclayton@example.com,Other,26.0,New Angelatown,2025-01-05
U04429,William Johnson,joshuarowland@example.com,F,40.0,East Richardview,2024-05-20
U03556,Stephanie Martin,david99@example.org,F,23.0,South Ryanshire,2025-01-03
U01757,Tracie Johnson,drobinson@example.org,F,25.0,Port Kimberly,2025-04-29
U00367,Mark Duncan,millermatthew@example.com,,58.0,Deniseview,2025-03-24
U03966,Keith Larsen,robertdavis@example.org,Other,67.0,Stonemouth,2025-10-01
U02246,William Hughes,nmcintosh@example.com,M,39.0,North Anthony,2025-02-05
U02766,Kristopher Robinson,ashley07@example.com,M,34.0,New Tonya,2024-03-04
U00950,James Gutierrez,shelbyjohnson@example.org,M,49.0,New Raymondfort,2024-02-06
U01282,Sean Oconnor,kayla07@example.net,F,31.0,New Donna,2024-08-04
U00020,Stephen Sanchez,qhudson@example.com,Other,42.0,Anthonymouth,2024-05-18
U01601,Heather Hernandez,erandolph@example.org,M,46.0,Markhaven,2025-05-02
U00669,Jonathan Nelson,whitejesus@example.net,M,56.0,West Rachelport,2025-09-13
U00219,Dana Ruiz,lmora@example.org,Other,70.0,Walkerbury,2024-11-06
U01294,Dustin Lopez,,M,49.0,West Danielview,2025-07-21
U01809,Alexis Curtis,james23@example.com,F,38.0,East Tara,2024-04-04
U03593,Karen Burke,laurenpark@example.com,M,54.0,Barajaschester,
U03752,Brandon Mckay,danielmoore@example.com,M,38.0,Christinemouth,2024-08-20
U03013,Shane Becker PhD,scottrodriguez@example.org,F,40.0,Port Dustin,2025-05-20
U04787,Jordan Mcguire,gholmes@example.net,F,57.0,North Taylorside,2025-10-06
U04067,Frank Bonilla,timothy60@example.net,M,66.0,South Michele,2024-06-07
U01539,Edward Cochran,laurenboyd@example.com,,47.0,Port Meredith,2024-09-14
U01019,Casey Brown,clarksteven@example.org,M,19.0,Fritzburgh,2025-12-18
U02451,Andrew Mata,reynoldsmegan@example.com,Other,55.0,Port Maryport,2024-08-14
U03061,Jonathan Watson,michael96@example.org,Other,35.0,Charlesborough,2024-11-03
U00518,,kimberlywang@example.org,M,24.0,North Amandamouth,2025-05-15
U02608,Eddie Pugh,christopher33@example.com,F,61.0,,2024-11-11
U03443,Deborah Garcia,russellcampbell@example.com,F,22.0,New Rebecca,2024-11-04
U02092,Karen Alvarado,carteryolanda@example.com,F,64.0,Port Jeffreyfurt,2025-01-13
U04924,Rhonda Noble,wrightalexander@example.net,Other,30.0,Amymouth,2024-07-08
U02482,Mrs. Valerie Ramirez,kfrey@example.net,M,63.0,Edwardsview,2024-11-04
U01435,Bradley Armstrong,daniel15@example.org,,57.0,Port Jessica,2025-10-24
U01420,,bennettalan@example.org,M,35.0,South Jose,2024-05-03
U02595,Thomas Gardner,raymondbrown@example.net,Other,27.0,New Laura,2024-04-23
U02310,David Gomez,nancypatel@example.com,F,44.0,West Toddmouth,2025-10-02
U01053,Matthew Morgan,zpreston@example.net,Other,42.0,Adamfurt,2024-01-20
U04275,,lisa20@example.net,F,41.0,Michaelshire,2025-06-07
U00760,Ryan Martin,julie05@example.net,M,57.0,North Jake,2024-02-05
U03465,,ivan68@example.com,F,26.0,Cantuton,2025-12-23
U01201,Ashley Thomas,nealkristopher@example.com,F,40.0,Marciaside,2025-04-17
U00215,Troy Allen,christopherhamilton@example.com,M,23.0,West Elizabethburgh,2024-04-03
U02868,Stephen Gilmore,jocelynstephens@example.com,Other,21.0,East Kellyfurt,2024-11-19
U02099,Mark Boyle,sue80@example.net,Other,57.0,Warrentown,2024-04-09
U02304,Robin Richards,madison11@example.net,F,25.0,,2024-03-10
U01686,,kaylahowell@example.com,M,24.0,Huberville,2024-12-08
U03440,Randy Martin,sarah94@example.com,M,45.0,Michaelside,2024-02-19
U00197,Daniel Clark,hudsonamanda@example.net,M,,West Tiffany,2024-08-07
U04664,Jodi Alvarez,mendezkaren@example.org,F,70.0,East Tamara,2024-11-16
U01789,Lori Harris,travis24@example.org,M,20.0,Angelachester,2024-03-07
U01407,Lauren Adams,millermichael@example.com,F,24.0,Christopherport,2024-12-03
U01057,Timothy Robinson,anthony71@example.com,M,36.0,South Mikaylaborough,2024-10-11
U03244,Benjamin Taylor,kathrynbaxter@example.org,F,22.0,New Tara,2025-12-31
U00888,Mrs. Savannah Gordon,rachel86@example.net,F,47.0,East Dianastad,2025-04-30
U04806,Casey Davis,owenscody@example.org,Other,30.0,Port Jaclynmouth,2024-09-08
U03566,Deborah Thompson,james50@example.org,M,20.0,Morrisonfurt,2025-08-15
U02705,Jared Luna,amberward@example.net,F,41.0,New Victoria,2025-09-03
U00569,Katie Bell,shawn00@example.net,M,49.0,Lake Scott,2025-04-19
U01895,Brandon Mclaughlin,fergusonlynn@example.com,M,28.0,Georgeshire,2024-08-07
U02790,Tasha Martin,dwilkinson@example.org,Other,44.0,North Karenborough,2025-08-07
U04177,Cody Powell,hodgeschase@example.com,Other,70.0,Danielstad,2025-03-22
U00140,Edward Craig,gregorychase@example.com,Other,48.0,Robertsonland,2024-10-26
U01922,Louis Graham,marissa64@example.org,F,42.0,West Regina,2024-09-03
U01667,Mary Finley,reynoldscharles@example.net,Other,28.0,Cindytown,2025-04-23
U02427,Clayton Hawkins,ruizandrew@example.org,Other,41.0,East Alisonport,2024-09-10
U00464,Lauren Austin,amanda07@example.com,Other,24.0,Berrymouth,2024-11-09
U02537,Tyler Ford,kgarcia@example.com,F,20.0,Jessicaburgh,2024-06-05
U00595,William Green,hamiltonandrew@example.com,F,65.0,North Georgefort,2024-12-08
U02364,Sandra Baker,tuckerstacey@example.net,M,24.0,West Michelle,
U00451,Kenneth Romero,yroth@example.org,M,25.0,Angelaland,2025-08-08
U03646,Jonathan Peters,seanthompson@example.net,Other,19.0,Janicebury,2024-11-22
U03071,Lindsay Duke,benjamin24@example.org,F,40.0,South David,2024-06-30
U01823,Mr. Darren Smith,pamelaphillips@example.org,Other,,Wesleymouth,2025-06-05
U04113,Erin Kelly,vegaashley@example.org,Other,20.0,Lake Justin,2025-09-14
U03129,Angel Williamson,coxguy@example.org,M,66.0,Edwardsland,2025-05-13
U04619,Noah Hernandez,shannon70@example.net,F,58.0,New Markton,2024-04-20
U03243,Autumn Walker,jonesterry@example.com,Other,22.0,West Samuelmouth,2024-10-29
U00452,Jennifer Gutierrez,amydickson@example.com,Other,19.0,West Jaredshire,2024-11-17
U04396,Brian Fletcher,whitejoseph@example.net,F,41.0,Jameschester,2025-01-21
U03255,Christina Martin,wanda27@example.org,Other,24.0,Rodriguezhaven,2025-07-06
U03188,Kevin Brown,mandy25@example.org,Other,36.0,East Jeremystad,2025-01-11
,Jason Snow,newmanelaine@example.com,Other,41.0,Port Rebecca,2024-03-13
U02192,Jasmine Webb,ashleyashley@example.org,Other,56.0,Michellestad,2025-08-14
U04887,Eric Phillips,floydtravis@example.org,M,43.0,Freemanfort,2025-01-20
U01000,Andrew Parrish,mrichardson@example.net,F,70.0,Johnnymouth,2025-05-14
U03406,Scott Oliver,frivera@example.net,Other,,East Jessica,
U04577,Sabrina Horne,millerbrandon@example.com,Other,42.0,North Marie,2025-04-26
U00193,John Mckinney,fburns@example.net,M,34.0,Port Kathleenport,2024-01-30
U04090,Ronnie Cardenas,maynardmichael@example.com,F,51.0,Port Henry,2024-02-24
U04574,Sara Arellano,tknight@example.com,M,50.0,West Kimberlytown,2025-02-23
U03766,Ronald Smith,kayla55@example.net,F,52.0,Paulport,2025-04-20
U04415,Nicolas Braun,james71@example.net,F,41.0,New Jacobton,2025-10-27
U04622,Karen Jones,mflores@example.com,F,21.0,Sarahburgh,2025-05-24
U02198,Chad Green,rebeccacurtis@example.com,F,34.0,West Jacqueline,2025-03-01
U02785,Kimberly Booker,manuel87@example.org,M,32.0,North Connie,2024-08-23
U04356,Nicholas Welch,victortorres@example.net,Other,35.0,Tinaport,2024-09-13
U01947,Tammy Cox,taylorpatrick@example.net,M,69.0,Allenstad,2024-12-27
U03791,Tammy Stewart,,F,,Webershire,2024-10-08
U04377,Terri Larson,michellewood@example.net,M,19.0,South Megan,2024-12-28
U03414,George Smith,parkskelly@example.com,Other,37.0,South Janetfurt,2024-04-30
U02900,Daniel Pruitt,pdavis@example.net,M,50.0,Oscarville,2024-12-03
U03239,John Phelps,chaneypaul@example.org,F,68.0,Paulaland,2025-10-21
U01965,Michael Hale,kristianderson@example.net,F,63.0,Robertston,2024-05-21
U01771,Gary Johns,aaronsmith@example.net,M,65.0,Wrightport,2025-07-03
U01860,Mrs. Anna Salas,martintanner@example.net,M,46.0,Susanview,2024-02-17
U02188,Chloe Schneider,herringveronica@example.com,Other,24.0,East Andrea,2025-04-19
U03898,Melinda Glenn,pattonkaitlyn@example.com,F,23.0,,2025-06-11
U00065,James Parks,cjoseph@example.org,M,67.0,West Charleneland,
U00192,Ryan Harvey,stephanie72@example.org,M,61.0,Maynardhaven,2025-04-28
U01695,Mark Drake,murphygeorge@example.org,M,46.0,South Donald,2024-12-07
U03081,Carlos Hancock,walkersamantha@example.net,F,48.0,East Valeriestad,2025-03-20
U04962,,cwebster@example.com,M,65.0,Port Noahhaven,2025-04-23
U03103,Michael Mcdonald,kimberlyfrazier@example.com,Other,65.0,Nancychester,2024-11-06
U02952,Robert Brock,melvinwhite@example.com,Other,26.0,Nicolechester,
U01380,Thomas Morales,fstephens@example.com,Other,56.0,East Melissaburgh,
U04573,Jason Williams,amyaguilar@example.com,F,53.0,South Anthony,2024-11-08
U01859,Karen Williams,kwalters@example.org,Other,40.0,,2025-03-12
U02570,Tammy Crawford,,Other,57.0,South Thomasport,2026-01-04
U02943,William Palmer,npowell@example.com,Other,18.0,Lake Amymouth,2024-05-22
U04563,Samantha Larson,jennifercarlson@example.com,F,63.0,Teresamouth,2024-08-24
U02672,Michael Brown,rrodriguez@example.com,M,,Port Anthonyfort,2025-10-01
U03717,Steven Wheeler,ryan44@example.net,M,23.0,Brianstad,2025-05-19
U00313,Tamara Sanchez,flemingmanuel@example.org,M,33.0,Scottport,2024-01-25
U02352,Shelly Arellano,alan33@example.com,F,57.0,North Marymouth,2025-10-04
U00167,Adam Jackson,pbruce@example.com,M,33.0,New Samanthabury,2024-06-09
U01850,Natalie Cooke,daviddecker@example.com,F,46.0,Christophershire,2024-02-18
U04949,,jasonjohnson@example.net,F,36.0,Port Karenton,2024-03-31
U01025,Linda Juarez,aimeejohnson@example.com,Other,48.0,Jenniferport,2025-11-27
,,vfuller@example.net,F,61.0,East Ericton,2025-08-15
U03204,Anthony Erickson MD,henrybailey@example.net,M,19.0,South Johnbury,2024-01-10
U02005,Christopher Garza,watsontina@example.net,M,21.0,South Amberberg,2024-08-09
U02448,Joseph Mclaughlin,kowen@example.org,Other,61.0,Port Laura,2025-07-16
U01958,Jacob Jones,erinjones@example.org,Other,29.0,South Tylerville,2024-08-25
U02791,Edward Greene,tdiaz@example.net,M,56.0,Lisachester,2025-04-09
U00664,Vanessa Sanchez,hinesbrenda@example.net,M,55.0,Kristinemouth,2024-07-05
U04652,Tracy Donaldson,samanthawilson@example.net,Other,67.0,East Adam,2025-08-25
U03155,Tyler Fuller MD,colemanmelissa@example.com,F,21.0,Millershire,2024-01-13
U02165,James Mckinney,zbailey@example.com,M,28.0,Russellton,2025-03-25
U03227,Christopher Smith,xwalker@example.com,Other,57.0,South Michael,2024-12-25
,Victoria Boyd,dturner@example.net,M,58.0,Lake Erika,2025-02-16
U02499,Joanna Munoz,johnrodriguez@example.org,M,30.0,Adkinsport,2024-03-12
U02760,Nichole Mack,brianfrench@example.org,M,26.0,Port Justinmouth,2025-03-20
U04941,Diamond Reeves,rwilliams@example.com,Other,51.0,Anneborough,2025-09-28
U03825,Kayla Bennett,michele08@example.com,F,60.0,New Margaretmouth,2025-11-08
U01698,Nancy Green,,Other,27.0,East Saramouth,2025-08-05
U02747,Amanda French,david89@example.org,M,27.0,East Nathan,2025-09-15
U01875,Amanda Ramirez,elamb@example.com,F,46.0,Craigside,2024-11-24
U03120,Dylan Rice,garyhughes@example.net,Other,18.0,North Karaland,2024-10-26
U04431,Stephanie Pitts,,F,26.0,Jacobsport,2025-06-21
U04637,Bruce Perez,sfletcher@example.net,Other,52.0,Lake Stephentown,2025-05-12
U04173,Amanda Wells,jjones@example.net,F,64.0,Stanleystad,2024-07-17
U01819,Kevin Hubbard,vhunter@example.com,Other,66.0,Ericton,2025-07-17
U00032,Eric Curry,scott74@example.net,F,64.0,Benderhaven,2025-02-04
U00938,Dennis Lin,jessica15@example.org,Other,24.0,Lake Charles,2024-04-30
U02615,Miranda Gonzalez,heather80@example.org,M,40.0,East Diane,2024-11-07
U00753,Yolanda Barron,sullivanchristina@example.net,M,25.0,Lake Ronaldside,2025-07-08
U01303,Anthony Jones,nanderson@example.com,M,64.0,New Aaronborough,2025-06-14
,Timothy Williams,candice94@example.com,Other,63.0,Charlesmouth,2025-01-25
U02674,Elaine Keith,cindycurtis@example.org,F,35.0,Rogerstown,2025-09-12
U01676,Lisa Johnston,pearsonwillie@example.org,M,55.0,Lake Andreaton,2024-06-15
U03404,Dennis Rubio,bbrown@example.org,M,50.0,Herbertfort,2024-07-08
U04812,,ebonylee@example.net,F,33.0,Sabrinamouth,2025-04-09
U00496,Jaime Walker,drichards@example.com,F,38.0,East Sarah,2024-12-04
U03917,Mrs. Michelle Atkinson,kevinkirk@example.com,F,34.0,Shelbyville,2024-11-03
U00206,Ruth Mcneil,ebenson@example.org,F,62.0,South Christopher,2025-08-18
U01136,Tanner Sosa,nwilliams@example.com,Other,32.0,Lake Patrick,2025-01-19
U04334,Andrea Brown,hsnyder@example.org,F,27.0,Carrollbury,2024-04-28
U03670,Mason Mitchell,kimberlyhester@example.net,M,69.0,Michaelmouth,2025-01-24
U00702,Angela Kaufman,egray@example.com,Other,68.0,Wagnerchester,2025-07-15
U00306,Ashley Parrish,juliahoffman@example.org,F,59.0,Heatherton,2025-11-14
U01193,,shansen@example.com,Other,32.0,Lake Melinda,2024-02-10
U04260,Lori Martin,henrythompson@example.org,M,22.0,New Alexander,2025-03-06
U03008,Victoria Walker,taylor79@example.org,Other,56.0,Farleystad,2025-05-09
U01062,Cassandra Smith,donaldharrison@example.org,M,30.0,New Leahport,2024-10-04
U00844,Cindy Bradley,rachel81@example.com,M,51.0,Carolynhaven,2024-06-13
U04292,Donna King,victoria17@example.com,Other,20.0,Hallview,2025-03-10
U02603,Tammy Williams,gwilliams@example.com,M,34.0,Anthonyburgh,2024-01-15
U00212,Bonnie Valencia,rdiaz@example.org,M,45.0,Bestland,2024-01-19
U01109,Michael Moore,audrey72@example.net,Other,66.0,Port Lori,2024-01-29
U04895,Susan Tate,yorkbeth@example.net,Other,60.0,Amyfort,2024-02-04
U00680,Jeffrey Mckinney,kmoore@example.com,M,41.0,New Jennifer,2024-12-07
U00566,Mark Haynes,nicholsjoel@example.com,M,66.0,Smithfurt,2025-11-15
U01731,Kim Farrell,pparker@example.com,F,67.0,Davidchester,2024-02-06
U03911,Jennifer Morris,schwartzsarah@example.com,F,48.0,Gilbertbury,2024-08-01
U00681,William Griffin,pjacobs@example.net,F,29.0,Reneefort,2024-12-08
U00181,Jennifer Porter,john26@example.com,Other,23.0,South Vickifort,2025-03-07
U04378,Ashley Montoya,larryschmidt@example.com,M,66.0,North Jeffreyville,2025-06-29
U01406,Marcus Rich,housedaniel@example.com,Other,50.0,Martinborough,2025-01-22
U02523,Tracy Hardy,obriendavid@example.org,Other,67.0,,2024-06-10
U04461,Debra Salinas,hannah51@example.com,M,23.0,West Wesleymouth,2025-07-06
U00279,Whitney Cooper,mhoward@example.org,M,46.0,Smithbury,2025-06-21
U02846,Cynthia Gallegos,michele82@example.com,Other,32.0,Port Erika,2025-07-18
U01205,Jenny Matthews,stacy70@example.com,Other,44.0,South Katherineland,2024-12-19
U01478,Andrew Graham,randall28@example.com,M,67.0,South Andrewland,2024-03-12
U00433,Debbie Andrews,sara99@example.com,M,25.0,Vasquezburgh,2025-10-13
U00290,Catherine James,cheryl27@example.com,F,63.0,South Scottland,2024-07-16
U01028,Laurie Mason,nicholas72@example.net,M,51.0,Thompsonfurt,2024-01-17
,Kimberly Beltran,glasssamantha@example.net,M,65.0,Richardsonshire,2024-05-21
U03749,Richard Page,nnash@example.net,Other,24.0,Port Sherri,2025-06-12
U01188,Jacob Brewer,xharmon@example.org,Other,26.0,Roberttown,2024-08-11
U00189,Scott Rose,candice96@example.net,M,36.0,West Michaelmouth,2025-04-02
U03410,Isabella Duffy,sarah98@example.org,F,65.0,Brightburgh,2025-01-09
U00707,Michael Horton DDS,pfitzgerald@example.com,F,61.0,,2025-05-30
U04706,David Pollard,samanthaenglish@example.org,M,35.0,Hardyburgh,2025-11-21
U00271,Rachel Knox,william28@example.org,Other,26.0,Connorberg,2025-07-01
U02643,Michael Hurst,oporter@example.org,Other,50.0,Lake Gregory,2025-09-17
U04265,Joshua Crawford,karen73@example.org,F,59.0,North Justinchester,2024-06-29
U02347,Tanya Patterson,kathleen19@example.net,M,24.0,Colemanmouth,2024-06-18
U04036,Tracy Williams,ppark@example.com,F,25.0,Smithmouth,2024-09-21
U00112,Sarah Joseph,laurahicks@example.org,Other,18.0,Port Dominic,2025-08-06
U01171,,cassandra83@example.net,F,70.0,New Cassie,2024-08-10
U02925,Jacqueline Schneider,nlopez@example.com,Other,65.0,,2024-10-30
U00221,Emily Miller,msmith@example.com,M,66.0,Jodibury,2024-12-11
U04983,Jesus Smith,danielnicole@example.net,F,47.0,Lake Darryl,2025-07-14
U00628,Kelly Christensen,martinezsharon@example.org,F,20.0,West Kristinbury,2025-09-04
U04414,Lynn Camacho,jasonbennett@example.net,M,51.0,Gibsonport,2025-09-17
U03669,Thomas Hill,andrewhopkins@example.net,F,50.0,New Susan,2024-12-06
U02639,Patty Walker,georgecooper@example.com,F,31.0,West Jennaview,2024-02-06
U00791,Diana Davis,huntercruz@example.com,M,68.0,Colemanchester,2025-03-21
U02650,Isabel Terry,michael75@example.net,Other,47.0,Cherylstad,2025-12-20
U00462,Timothy Johnston,goodashley@example.net,F,46.0,Danielfort,2025-12-10
U04598,Tina Gardner,meganschmidt@example.com,F,28.0,Caldwellmouth,2025-07-06
U00552,,tyler52@example.net,F,56.0,Michaelchester,2024-06-02
U04100,,susan50@example.com,Other,33.0,Weaverburgh,2024-02-19
U01335,,tranbenjamin@example.com,F,35.0,South Jaredchester,2025-03-22
U00199,Charles Morris,kathleenlowe@example.com,M,35.0,New Cynthia,2025-04-09
U02821,Shawn Young,joshua07@example.net,M,54.0,West Jeromeborough,2024-05-31
U02078,Joshua Garcia,hesterbeth@example.net,F,63.0,Port Angelport,2025-04-30
U00403,John Mcgee,zbaker@example.net,Other,38.0,Ayalaberg,2025-07-17
U03337,Steve Yu,martinstephanie@example.com,M,43.0,Esteschester,2025-07-27
U04104,Melanie Terry,fmeyer@example.net,Other,50.0,North Lori,2025-10-27
U04973,Jason Alexander,devin22@example.org,F,39.0,Cruzstad,2024-05-13
U04371,Eric Williams,diane43@example.net,Other,,Tracymouth,2024-04-13
U02971,Keith Berry,clarkdavid@example.org,F,41.0,Jacobport,2025-05-06
U04661,Melinda Hogan,rileygerald@example.com,F,38.0,Lake Ashley,2024-02-08
,Melissa Patton,ellisonscott@example.com,M,41.0,Joneston,2025-02-18
U04183,Robert Washington,alexander36@example.net,M,26.0,West Thomastown,2025-04-03
U00709,Janice Mccarthy,stonejacob@example.com,F,67.0,Port Ronald,2025-05-26
U04625,Derek Kirby,stephensstephanie@example.net,M,57.0,Ramosshire,2025-06-13
U04611,Sandra Stewart,patrick41@example.net,F,24.0,Stewartfurt,2024-11-08
U01663,Christine Meza,robert42@example.com,F,,Wellsburgh,2024-05-02
U04927,Judy Owens,geoffreymccarty@example.org,F,54.0,Priceside,2024-01-17
U03635,Robert Pearson,kwilliams@example.com,F,69.0,Thomashaven,2025-03-24
U02093,Jennifer White,cobbwilliam@example.org,M,23.0,North Tanyachester,2024-11-01
U02054,William Hall,jackthompson@example.com,F,60.0,Taylortown,2024-03-16
U00315,Tyler Medina,simsjason@example.net,F,32.0,Port Gina,2025-09-08
U03820,Stacy Cox,haileyhill@example.com,F,60.0,South Charles,2025-12-18
U03553,Tyler Walton,osanders@example.net,M,55.0,Barnesview,2025-09-22
U04673,Neil Patterson,ashleyramirez@example.com,F,53.0,Nathanborough,2025-06-08
U00114,Samantha Jones,dawn77@example.net,M,33.0,Davidside,2025-04-18
U00961,Bruce Forbes,alexandra95@example.net,Other,48.0,East Kelly,2025-05-21
U03173,Kelly Miller,justinperry@example.net,M,40.0,Terrymouth,2024-06-16
U02460,Marc Watson,melissa25@example.org,Other,,South Kelliland,2025-03-10
U01889,Rhonda Williams,kwalton@example.com,M,19.0,West Erin,2024-05-09
U03629,Breanna Edwards,bradleypatricia@example.com,F,43.0,Mollychester,2024-08-11
U00861,Stephen Lyons,gmyers@example.org,M,69.0,Tylerburgh,2025-08-03
U04051,Matthew York,vkelly@example.net,Other,21.0,North Jasmine,2025-03-11
U03490,Shannon Ortega,gibsonanthony@example.org,Other,51.0,Theodorefurt,2024-09-24
U01908,Elizabeth Stanley,kennethsandoval@example.com,,44.0,South Candice,2025-03-10
U03733,Kimberly Stone,michaelreed@example.com,Other,63.0,New Jaime,2025-06-25
U04727,Jeremiah Wise,chelsea59@example.com,Other,62.0,West James,2024-10-06
U04152,Steven Holt,dawnbowman@example.net,F,47.0,West Robertmouth,2025-09-22
U04206,Troy Baird,simmonsgregory@example.com,M,,North Samantha,2024-08-29
U04829,Alexis Young,amanda55@example.org,Other,63.0,Benjaminhaven,2024-04-02
U00327,Sarah Trevino,patriciagonzalez@example.net,F,54.0,Lake Charlestown,2025-09-19
U00605,Stanley Kelly,greggvillarreal@example.net,M,33.0,Port Brycechester,2024-03-30
U04374,Kevin Ross,juarezmary@example.com,F,44.0,Laurenstad,2024-06-07
U04326,Jessica Flores,nwatson@example.com,Other,46.0,Greenstad,2025-06-26
U02811,Jasmine White,silvapreston@example.org,Invalid_Data,54.0,Port James,2024-05-18
U04524,Tasha Sheppard,nkelly@example.net,Other,55.0,Gregoryport,2024-08-03
U01376,Charles Blair,dananelson@example.com,M,24.0,,2024-10-18
U02816,Megan Wells,vincent79@example.com,F,56.0,,2026-01-01
U02345,Hunter Gonzalez,wmorris@example.net,Other,38.0,Carolburgh,2025-11-12
U03576,Stacey Mitchell,alyssaevans@example.org,Other,68.0,Ballbury,2024-08-18
U04747,Danielle Clark,christopherbrooks@example.com,M,62.0,Jacksonside,2025-09-25
U03632,Lisa Riley,pnorman@example.net,M,30.0,East Jamesview,2024-04-29
U01644,Wyatt Turner,brian38@example.com,M,68.0,East Fernandoside,2025-03-27
U02395,Traci Ball,obrewer@example.com,Other,48.0,West Lisa,2026-01-05
U01972,Peggy Mcintyre,dcole@example.org,Other,49.0,North Robert,2025-06-20
U00790,Vanessa Strickland,lukemyers@example.net,F,30.0,Briggsville,2025-03-04
U02664,Justin Velasquez,clintonhaley@example.org,F,57.0,Ibarrafurt,2024-12-29
U04530,,colinli@example.net,Other,35.0,East James,2025-02-16
U01729,Lauren Walker,christopher58@example.net,Other,61.0,Port Jennifertown,2025-07-21
U00872,Justin Martin,zroberts@example.com,M,68.0,South Blakeport,2025-09-01
U01974,Frances Edwards,derek41@example.net,M,63.0,Lake Thomasport,2025-06-22
U02975,James Norman,despinoza@example.com,F,41.0,Alvarezmouth,2025-11-07
U02219,Kimberly Hardin,robinpadilla@example.com,F,50.0,Perezville,2025-11-29
U04827,Cindy Ross,tmartin@example.com,F,40.0,Tanyaborough,2025-02-21
U00074,Matthew Tucker,nperry@example.net,M,24.0,West Russellport,2025-05-16
U04399,Renee Hansen,mckayamanda@example.net,F,36.0,North Robert,2024-01-08
U02869,Mr. Robert Parker,scottdeborah@example.org,M,58.0,Port Troy,2025-08-28
U03500,Scott Ramirez,tracy73@example.org,Other,21.0,Jacquelinestad,2025-12-27
U03287,Heather Rice,rose86@example.com,Other,53.0,Websterfort,2024-08-08
U00093,Jennifer Martin,laurietaylor@example.com,Other,69.0,Lake Timothystad,2025-02-15
U04774,Mikayla Daniels,hfisher@example.net,F,69.0,Elizabethside,2024-12-12
U04127,Kevin James,connie67@example.org,Other,55.0,East Amy,2025-04-24
U04310,Raymond Ford,daniel65@example.org,F,39.0,New Brandonstad,2024-07-26
U03146,Brian Morgan,kelly95@example.com,,42.0,Garrettland,2025-04-12
U02175,Mary Smith,fbeck@example.com,Other,29.0,Tylermouth,2024-03-09
U00495,Steven Griffith,robert53@example.org,M,38.0,Jeremybury,2025-06-29
U04451,Crystal Welch,danielmunoz@example.org,Other,21.0,Mcmahonview,2025-11-12
U04662,Melissa Thomas,whitekaren@example.com,M,58.0,East Deannahaven,2024-09-21
U04114,Margaret Hayes,cory93@example.com,M,59.0,New Corey,2024-01-08
U01165,Adam Parker,matthewcollins@example.net,F,47.0,Carrberg,2025-01-28
U01425,Justin Aguilar,suehowe@example.com,F,37.0,East Eric,2025-12-05
U01271,Rebecca Boone,jason72@example.net,Other,31.0,North Christopher,2025-03-11
U03660,Tommy Walls,benjamindavis@example.net,F,23.0,Melissaberg,2025-04-29
U02125,Matthew Robles,moorejohn@example.net,F,Invalid_Data,South Timothyside,2025-05-17
U02371,Jill Turner,zgarcia@example.net,M,61.0,Schultzville,2024-07-11
U03658,Matthew Johnson,hernandezronnie@example.com,F,,Fieldston,2025-03-09
U00619,Jose Lee,shawn26@example.com,Other,38.0,North Bryanberg,2024-12-20
U04035,Steven Robinson,hsmith@example.com,Other,20.0,Port Jamie,2025-08-25
U01938,Alexandria Myers,cathymorgan@example.com,,29.0,Heatherborough,2025-10-01
U04463,Mike Freeman,jbryant@example.org,F,55.0,Lake Ruben,2025-10-04
U04762,Katherine Osborne,brianachung@example.org,Other,23.0,West Christopher,2024-01-18
U04154,Anthony Parker,matthew30@example.org,F,32.0,South Jamesview,2024-03-23
U03665,Christopher Irwin,qodonnell@example.org,M,25.0,Marilynport,2025-07-17
U02459,Tracy Walters,hilledwin@example.net,Other,29.0,Staceyfurt,2024-08-17
U02252,Joshua Ortiz,vanessa58@example.net,F,58.0,New Christineville,2026-01-03
U03729,Stephanie Mcgrath,ericmcconnell@example.com,M,23.0,Alexanderborough,2025-03-27
U00870,Jason Mcknight,james98@example.net,F,50.0,Maryville,2024-11-18
U03483,Christopher Lee,salexander@example.org,F,43.0,Bethanystad,2024-12-16
U01043,Christine Moran,marissa05@example.com,F,32.0,Nguyenside,2025-06-30
U02697,Carrie Thornton,lawrencebell@example.org,Other,48.0,Lake Jason,2024-05-09
U00357,Sara Kelly,wilsonchristian@example.net,Other,21.0,,2025-12-07
U01163,Eric Moses,jeremy79@example.net,M,47.0,Reynoldsburgh,2024-12-28
U03786,Barbara Combs,maxwelljacob@example.org,Other,69.0,Port Michelleborough,2024-01-18
U03015,Michelle Miranda,tiffany46@example.com,Other,49.0,Coryburgh,2025-02-13
U01422,Frank Francis,anna47@example.org,,27.0,Mooreshire,2025-11-25
U04174,Paul Todd,james70@example.org,Other,20.0,Elliston,2024-09-04
U04642,Bethany Delgado,christopher52@example.org,Other,66.0,Hesterborough,2024-09-01
U04835,Lisa Young,desireelopez@example.net,Other,41.0,East Jenniferport,2025-10-09
U04185,Lauren Mccoy,tmayo@example.net,M,59.0,Morganmouth,2024-07-15
U03874,Mr. Gregory Glass MD,marypatrick@example.net,Other,34.0,New Beverly,2024-08-05
U03977,Lisa Smith MD,thomassingleton@example.org,M,59.0,West Brett,2024-12-31
U01449,Maria Walker,antonio01@example.org,M,38.0,Rebeccafurt,2025-12-06
U03709,Brittany Roy,,M,28.0,Jennifermouth,2025-09-18
U00333,Patrick Lane,nicholasgray@example.net,M,49.0,New Johnbury,2025-01-18
U01727,Ashley Miller,chelseaodom@example.net,F,54.0,West Sierramouth,2025-03-03
U02985,Maxwell Frost,mackchristine@example.com,M,27.0,North Kimberlyport,2024-10-27
U01863,Daniel Deleon,jillian19@example.com,M,28.0,New Erik,2024-05-20
U01259,Ashley Caldwell,christina57@example.com,Other,20.0,Crystalmouth,2025-01-26
U04006,,hartmansarah@example.com,F,39.0,Lake Lawrencefurt,
U04362,Raymond Rodriguez,nmonroe@example.org,,53.0,Johnview,2024-05-03
U01117,Annette Dodson,jenniferjones@example.org,M,48.0,Clarktown,2024-02-09
U02104,Kenneth Flores,angela57@example.com,Other,55.0,Heiditown,2025-02-08
U03883,Andrea Foster,sarah61@example.net,,50.0,Perrychester,2024-07-25
,Scott Newman,zramirez@example.net,M,50.0,West Sarah,2024-08-11
U02689,Jennifer Sellers,antonio11@example.org,M,19.0,Laraview,2025-09-23
U03568,Amy Rodriguez,shirleypatterson@example.com,Other,37.0,Port Maryfort,2025-08-15
U02380,Stacey Sampson,abigail03@example.net,Other,54.0,Lake Brettmouth,2025-05-13
U00446,Michael Campbell,georgecollins@example.com,M,68.0,Williamstown,
U02446,Brittany Allen,goodwinjack@example.org,F,24.0,Collinsland,2024-07-14
U03569,Christopher Johnson,wobrien@example.com,F,23.0,Morenofort,2025-04-07
U01414,Barbara Miller,bduke@example.org,F,42.0,North Bradport,2024-10-05
U00453,Ms. Gloria Benson,elainemiller@example.net,M,18.0,Wilsonmouth,2024-08-31
U04061,Lindsey Johnson MD,kelly86@example.org,F,69.0,,2025-08-09
U04632,Madeline Conner,randy61@example.com,F,31.0,New Audreyville,2024-03-14
U03221,Michael Garner,joy57@example.com,M,30.0,Boyerland,2025-06-17
U00015,Michael Wang,catherinestuart@example.net,F,44.0,Port Loriport,2024-03-26
U02859,Mallory Williams,justin55@example.net,Other,45.0,Port Keith,2024-09-22
U00946,Stacy Patton,hartmarcus@example.net,M,28.0,Robertmouth,2024-11-12
U00248,Christopher Bennett,paynerachael@example.org,M,31.0,Brookefort,2025-06-04
U03517,Cassandra Green,stephanie41@example.org,M,29.0,East Mackenzie,2024-04-08
U00361,Mr. Michael Watson PhD,shannon92@example.net,F,32.0,Port Cory,2024-07-22
U04860,Carl Osborne,lopezcarlos@example.com,M,32.0,Lindaside,2024-04-28
U03379,David Wolfe,dianasantiago@example.org,F,53.0,Port Ashleyburgh,2025-09-27
U04175,Jason Wilcox,johnhayes@example.org,F,51.0,Randyview,2025-07-24
U04624,Ronnie Norton,cjohnson@example.net,F,69.0,Morganmouth,2024-02-05
U01486,Jessica Conrad,sbradley@example.org,F,68.0,Matthewview,2025-12-22
U04216,Cheryl Shepard,christinefrey@example.com,M,59.0,Port Michele,2024-06-03
U02035,Jamie Perry,acisneros@example.org,Other,52.0,Juliebury,
U03815,Dr. Kristina Cowan,kenneth12@example.org,Other,29.0,Port Robert,2024-08-02
U01544,Kathy Payne,louisperez@example.net,F,57.0,Richardberg,2025-02-04
U00564,Katherine Brooks,stewartrodney@example.net,,31.0,West Natasha,2025-11-21
U04993,Carlos Matthews,robertvaughn@example.org,F,23.0,,2025-07-10
U00491,Christopher Holt,jennifersalazar@example.org,F,32.0,Michaeltown,2025-02-17
U03748,Felicia Grant,jose43@example.com,Other,26.0,Port Daniel,2024-05-31
U00863,Carol Cook,athomas@example.net,Other,40.0,Pattersontown,2024-05-15
,Peter Hunter,mistykelly@example.com,Other,57.0,Shawnburgh,2025-03-21
,Bruce Rodriguez,kashley@example.com,Other,59.0,Parkermouth,2024-09-27
U01384,David Garcia,jferguson@example.com,F,49.0,Contrerasburgh,2025-11-05
U02118,Christine Montgomery,fmunoz@example.net,F,20.0,North Briantown,2024-05-20
U03012,Lindsey Goodman,jennifer57@example.net,M,67.0,East Shaneborough,2025-06-20
U01887,Alison Sullivan,kelleyderek@example.net,,55.0,South Robert,2025-09-24
U01363,Mary Greer,hdavis@example.com,M,55.0,New Kristen,2025-03-05
U04231,James Gonzalez,kimberlyrosales@example.net,F,35.0,Nicolechester,2024-09-13
U00507,Nicole Hodges,michael48@example.net,Other,53.0,Ramirezland,2024-10-05
U01418,Jason Burgess,michaelrobertson@example.net,M,61.0,West Keith,2025-12-01
U02917,Jason Richards,jasonallen@example.org,M,61.0,Lake Charles,2025-07-18
U00026,Ashley Smith,taylor75@example.org,Other,Invalid_Data,West Shelleyfort,2024-03-30
U03557,Alexis Leon,cwalton@example.com,Other,56.0,North Courtneychester,2025-06-26
U01223,Kim Jensen,kingjoseph@example.com,Other,70.0,Brookebury,
U01114,John Henry,anna96@example.com,F,23.0,Gayport,2025-07-23
U04475,Benjamin Howard,patrick08@example.org,Other,18.0,New Codychester,2024-02-15
U03782,Ryan Reyes,aramirez@example.com,F,59.0,Greenside,2025-08-25
U04070,Melissa Maldonado,dwells@example.com,M,25.0,West Monicafurt,2024-01-28
U04877,Eric Griffin,timothyklein@example.com,Other,55.0,Phamview,2024-05-06
U04699,Carmen Wong,xedwards@example.net,F,39.0,South Heatherport,2024-03-31
U00434,Dylan Lee,johnsoncolleen@example.org,F,,Port Christina,2024-11-05
U02245,Darrell Burke,aclark@example.com,M,26.0,Johnsonview,2024-10-16
U03448,Justin Thomas,fcortez@example.org,M,66.0,Sheilastad,2024-09-14
U03090,Meagan Foley,shawna15@example.com,F,30.0,Navarromouth,2024-04-04
,,thomas80@example.net,Other,29.0,Lake Codyton,2025-06-27
U04323,Bryce James,jimmy99@example.com,M,68.0,North Cody,2025-07-02
U03457,David Williams,angelaferguson@example.org,Other,57.0,North Destiny,2025-08-10
U02318,Steven Cannon,haneysusan@example.org,M,36.0,Michelleborough,2024-07-14
U01624,Gregory Aguirre,victoria97@example.com,M,33.0,Smithton,2024-01-07
U04964,,adriana07@example.com,M,68.0,South Nancy,2025-10-09
U01103,Elizabeth Hall,ithomas@example.net,M,64.0,Michelleton,2025-06-10
U04196,Nicole Jones,abolton@example.net,F,63.0,Sullivanburgh,2024-04-16
U03036,Emily Gibson,jonesernest@example.net,M,29.0,Port Daniel,2025-07-01
,,pruittchristopher@example.net,Other,37.0,Lake Amy,2025-02-21
,Frank Wood DVM,zsmith@example.com,F,35.0,East Richard,2024-05-15
U00157,Shelly Lopez,timothybooth@example.com,F,46.0,Susantown,2024-06-09
U03249,Tiffany Berry,mannlisa@example.com,M,30.0,Port Saraville,2024-08-24
U00195,,veronicagarcia@example.net,Other,69.0,West Nancy,2024-01-30
U00616,Nicole Moore,zamoraamber@example.com,Other,54.0,Port Kim,2025-06-21
U00644,Melanie Cunningham,chapmanjulie@example.org,F,63.0,Sarahbury,2025-10-12
U01671,Kiara Baker,pricevanessa@example.org,M,45.0,North Lauraburgh,2025-02-26
U03648,Christina Miller,teresawilson@example.com,,39.0,Paulberg,2024-07-22
U01069,Michael Murray,kathleen25@example.com,M,60.0,Donnashire,2025-06-28
U03902,,jonesshannon@example.org,F,33.0,Fergusonhaven,2025-04-22
U03903,Willie Decker,carterolivia@example.com,Other,46.0,Ronaldshire,2024-09-08
U02882,Karen Henderson,jacobburns@example.net,M,35.0,Port Joshuaborough,2024-06-04
U04425,Rachel Mcmahon,karinagarza@example.org,M,44.0,Kendraborough,2025-01-22
U01570,Patricia Stark,znichols@example.net,F,18.0,North Amy,2024-10-07
U00331,Nancy Webb,billy73@example.org,Other,42.0,Miketon,2025-05-09
U02293,Olivia Williams,paulperry@example.org,M,41.0,Lake Roberto,2024-07-10
U02883,James Mora,doyletravis@example.org,F,40.0,Edwardland,2025-01-27
U02828,Ashley Russo,danny48@example.com,M,45.0,Alvarezfort,2024-06-02
U00623,Eric Brooks,todd22@example.net,F,68.0,Williamsport,2025-10-17
U02743,Heather Rice,gregory12@example.org,M,46.0,Paulbury,2025-01-09
U02532,Carolyn Kelly,wattsalfred@example.net,F,46.0,Stephaniebury,2024-12-14
U03738,,john28@example.net,F,29.0,Port Gregoryberg,2025-04-29
U03163,Lisa Blair,stewartkelsey@example.org,M,18.0,East Matthewchester,2025-07-02
,Margaret Terry,vsmith@example.net,M,29.0,Catherineport,2025-10-19
U02187,Candice Glass,brittanywhite@example.com,Other,43.0,Wallacehaven,2024-01-15
U02953,Kim Lambert,toddanthony@example.net,M,51.0,New Andrea,2025-06-01
,Edwin Carter,aaronwelch@example.com,Other,50.0,West Sarah,2025-12-08
U00519,Vanessa Foster,mstewart@example.net,F,53.0,Lake Michaelberg,2025-06-13
U04218,Robert Johnston,matthewholland@example.com,M,53.0,South Heather,2024-05-29
U00033,Kyle Preston,cassandra01@example.org,M,47.0,Port Emilyview,2025-03-03
U03201,Jennifer Lopez,josewatson@example.org,M,67.0,West Randall,2024-10-28
U04595,Carlos Cannon,john59@example.com,Other,23.0,New Brittany,2024-03-18
U01158,Michelle Smith,floreskelsey@example.com,M,61.0,New Josemouth,2024-12-01
U02779,Timothy Simmons,jeremyrobinson@example.net,M,,New Danieltown,2025-12-08
U00745,Maria Dixon,roberthernandez@example.com,Other,64.0,Johnsonbury,2024-03-03
U01618,Joanne Crawford,brianlara@example.org,Other,35.0,West Garyburgh,2025-05-08
U04717,Monica Spence,rcraig@example.net,F,63.0,Hortonfurt,2024-09-22
U01906,Sara Allen,bryantcynthia@example.org,Other,33.0,Leeview,2024-07-30
U02823,Roberta Johnson,stephenbrown@example.com,Other,18.0,West Aaronfurt,2024-06-14
U00784,Linda Sparks,rosariodaniel@example.net,Other,47.0,,2024-06-02
U04450,Susan Gray,,Other,50.0,Stokesbury,2024-12-22
U03113,Jennifer Johnston,smithadam@example.org,M,38.0,South Nicholasmouth,2025-09-14
U00230,Joel Lara,davidbrown@example.org,F,60.0,East Madison,
U00858,Derek Mcintosh,gomezjason@example.com,M,22.0,Romeroton,2024-11-24
U01730,Christie Nunez,reesedavid@example.net,M,66.0,Port Breanna,2024-01-14
U01402,Tyler Bradshaw,petersonfrank@example.org,F,24.0,Jacobmouth,2025-06-18
U02571,Eric Williams,brianramos@example.net,M,20.0,Port Gloriamouth,2024-12-12
U00409,Denise Marshall,jonesdonna@example.net,F,25.0,Michelletown,2024-08-07
U00171,Larry Austin,unovak@example.org,Other,32.0,Kristenmouth,2024-12-30
U00541,Natalie Stafford,calvinhester@example.com,F,39.0,,2024-10-28
U02408,Joshua Prince,willisjaclyn@example.com,F,38.0,Port Dave,2024-03-14
U02510,James Rodriguez,dholland@example.org,Other,53.0,South Jayshire,2025-10-03
U03675,Julie Berry,wardmelinda@example.net,F,67.0,Jeremystad,2025-10-20
U00614,Lisa Thomas,ngriffin@example.net,Other,66.0,Terryfurt,2025-07-26
U01724,Stephanie Singleton,wilkinskevin@example.net,M,51.0,Lake Charlene,2025-09-26
U02079,Stephanie Johnson,hcastaneda@example.com,M,50.0,Lake Tammieton,2024-07-05
U03758,Sarah Wall,adam46@example.net,M,57.0,Millerbury,2025-08-25
U01162,Carrie Watkins,jaysmith@example.com,F,69.0,West Matthew,2024-01-22
U02238,Rebecca Lambert,dalton37@example.org,Other,55.0,Christopherville,2025-10-12
U04731,Jose Franklin,hernandezchristian@example.org,F,42.0,Johnsonton,
U04745,Wendy Dean,michael67@example.net,F,70.0,South Shannonville,2025-05-19
U01872,Charles Walker,harrismichelle@example.org,Other,37.0,Wilsonview,2024-07-31
U02406,Douglas Collins,qrhodes@example.org,Other,46.0,Lake Kathrynbury,2024-02-08
U04516,Hailey Clark,xoneal@example.com,M,41.0,Colinstad,2025-08-20
U00565,Mike Underwood,brewerrebecca@example.org,F,31.0,Lake Samanthabury,2024-07-09
U04518,Ann Pena,dannyphelps@example.com,M,56.0,Port Caseyland,2025-06-02
U04970,Melissa Brown,zwiley@example.net,F,66.0,Elizabethfurt,2024-10-06
U02889,Tanner Faulkner,william62@example.com,M,53.0,Nguyenmouth,2024-04-25
U04881,John Davis,taylor33@example.org,F,22.0,Wendyhaven,2024-06-09
U03771,Rachel Martin,pamelascott@example.net,Other,49.0,Millertown,2025-09-03
U04523,Jason Reed,fbrown@example.net,Other,67.0,North Garyland,2024-07-04
U01616,Rachel Williams,john12@example.net,F,63.0,West Christopherview,2024-02-28
U01276,Brittany Henson MD,mkrueger@example.net,Other,40.0,South Benjamin,2024-01-13
U04257,Martin Edwards,morganbridges@example.com,F,46.0,Smithburgh,2024-11-12
U02621,Erin Ramirez,nicole41@example.org,F,42.0,Adamberg,2025-06-17
,David Roberts,lsnyder@example.org,Other,21.0,Dakotafort,2024-03-06
U02606,Shannon Cook,mirandahenderson@example.net,F,45.0,Goodmanview,2025-09-05
U02707,Linda Riggs,pwilliams@example.com,Other,33.0,New Crystalchester,2025-11-08
U02842,Robert Skinner,feliciaclark@example.org,F,67.0,North Dustinstad,2024-06-12
U01173,Mathew Fisher,steven27@example.net,M,55.0,Invalid_Data,2025-07-14
U02748,Mike Morales,briggszachary@example.com,M,28.0,Port Michelleburgh,2025-03-10
U00326,Destiny Ward,natalie77@example.com,M,51.0,Tonyville,2024-05-14
U01052,Julie Santos,,Other,61.0,Stevenberg,2025-04-26
,Angela Hawkins,alexandersanchez@example.net,F,30.0,Lake Meganshire,2024-09-03
U03600,Mary Krause,robertking@example.net,F,34.0,Williamsberg,2024-07-11
U04759,Jessica Bailey,adamwalton@example.net,M,43.0,Lake Brett,2025-12-24
U04501,John Andrews,fgarcia@example.com,F,36.0,Petersonfort,2025-03-13
U03190,Larry Lynn,vshelton@example.net,F,30.0,Lake Jasmineshire,2024-07-26
U01197,Carly Williams,carolfernandez@example.net,Other,52.0,Port Lauren,2024-04-17
U00621,Christopher Wagner,idawson@example.net,M,48.0,Lake Jasonfort,2024-01-30
U03666,Charles Jordan,bruce53@example.com,F,68.0,Onealview,2024-03-05
U03139,Amanda Ochoa,barbaramorales@example.com,F,67.0,Lake Catherine,2025-01-27
U01483,Ana Black,brooke98@example.net,Other,59.0,New Ambertown,2025-10-01
U01190,Carrie Rodriguez,spencertanner@example.net,M,29.0,Josephshire,2024-12-22
U00329,Raymond Quinn,dennis88@example.org,M,28.0,Coxtown,2025-05-05
U00649,John Morton,mary31@example.com,F,51.0,West Marissa,2025-08-29
U01739,Loretta Horton,cynthia35@example.net,Other,50.0,Robertview,2024-02-07
U00898,Michael Jones,tammyjones@example.net,F,63.0,Port April,2025-03-28
U04984,Shane Lopez,owilliams@example.org,Other,43.0,South Colleenfort,2024-11-07
U01124,Cathy Farmer,allenchristina@example.com,Other,54.0,South Carla,2024-02-06
U02544,Michael Smith,csmith@example.org,M,20.0,East Marco,2024-04-28
U04846,David Potts,reynoldskristin@example.org,F,20.0,Smithburgh,2025-01-04
U02601,John Garcia,ruizjustin@example.com,F,53.0,East Roger,2025-02-10
U01659,Christopher Ward,edward16@example.org,M,45.0,Sheltonview,2025-03-14
U02182,Michael Scott,wbradford@example.net,F,40.0,North Victoria,2025-09-28
U02143,Amber Beasley,wesley42@example.com,M,67.0,Kerriside,2024-06-03
U01919,Vanessa Greene,vickiepowell@example.org,F,52.0,North Keithton,2025-04-27
U03618,Melinda Ruiz,mitchelltaylor@example.net,F,40.0,Lake Mariamouth,2025-07-06
,Benjamin Walls,christinelee@example.net,M,43.0,Stephaniemouth,2025-01-26
U01520,Sydney Smith,sherry96@example.com,M,39.0,West Andrewton,2024-11-20
U02210,Austin Stout,kelsey33@example.com,F,43.0,Jacobville,2024-03-28
U03900,Julie Webb,garciasean@example.net,M,49.0,Blacktown,2025-02-22
U04544,Gerald Gonzales,alvaradosarah@example.net,Other,57.0,Lake Kendramouth,2024-09-04
U01024,Judy Fletcher,katherinepeterson@example.net,Other,67.0,Riveramouth,2025-06-01
U04628,Jeffrey Luna,mary23@example.com,M,55.0,South Ruth,2024-06-25
U02604,Gregory Roberts,wmartin@example.net,F,42.0,Lake Felicia,2024-05-14
U03274,Laura Reed,melanie07@example.org,Other,65.0,Lake Saramouth,2025-07-12
U03409,Leonard Wright,hamptonkathryn@example.com,F,49.0,East Nathan,2025-08-07
U03095,Invalid_Data,jason29@example.com,Other,42.0,New Chrisfort,2024-04-29
U02694,Clinton Edwards,cabrerajennifer@example.net,Other,,Port Francis,2024-07-28
U00810,Christopher Ingram,valerie47@example.net,F,23.0,North Teresa,2024-12-28
U03107,Anthony Hoffman,heatheryoung@example.org,M,26.0,New Anthony,2024-10-21
U00979,Russell Miller,fdavis@example.org,F,41.0,East Lonnietown,2025-07-20
U02788,Angela Weeks,douglas96@example.com,M,30.0,Jeanport,
U03686,Jason Hardin,stewartjennifer@example.com,M,39.0,,2024-11-28
U02918,Daniel Flores,gmoreno@example.net,Other,32.0,Brooksbury,2024-09-03
U04103,Jeffrey Huerta,sharptiffany@example.net,Other,41.0,East Benjamintown,2024-01-11
U04256,Mr. Bruce Russell,shelley06@example.com,F,40.0,Mcleanmouth,2024-02-24
U04657,Charles Hooper MD,william56@example.org,F,27.0,Rodriguezborough,2024-12-12
U04060,Edward Rogers,,M,45.0,Lake Jon,2025-12-23
U02618,Jillian Hughes,greg37@example.org,Other,37.0,Griffithview,2025-05-19
U03625,Micheal Summers,cgreen@example.com,F,50.0,Carloschester,2025-03-06
U02679,Terri Baker,xhall@example.org,F,67.0,North Richard,2024-03-24
U02657,Mrs. Donna Houston PhD,christopher18@example.org,F,40.0,Jenniferburgh,2024-09-21
U00175,Jason Maxwell,ashleyjackson@example.com,F,37.0,East Joseph,2024-07-21
U01804,Samantha Murphy,samantha11@example.org,M,29.0,Petersonmouth,2025-01-28
U04340,Rita Williams,bbrown@example.org,F,53.0,East Karenberg,2025-06-19
U02313,Wendy Medina,fgutierrez@example.com,F,57.0,Codyland,2025-12-15
U00710,Kim Tanner,jessica11@example.net,F,67.0,Lisaview,2025-07-07
U00218,Carol Moore,shannonemily@example.org,M,66.0,Lake William,2024-02-08
U04640,Kathy Moore,clayscott@example.com,F,57.0,Samuelstad,2025-01-28
U04064,Zachary Pacheco,whiteallison@example.net,M,61.0,Michaelland,2025-01-12
U01445,Michael Crawford,frankjeremy@example.com,F,36.0,East Joshuachester,2025-11-20
,Michael Walker,roblesmaria@example.org,Other,26.0,North Robert,2024-03-25
U02749,Karen Clarke,rodrigueznancy@example.org,F,56.0,East Melissastad,2025-09-23
U02969,Trevor Espinoza,hardindavid@example.net,M,35.0,West Charles,2024-07-09
U02433,William Hernandez,richardjones@example.net,F,53.0,Vincentville,2025-04-04
U02438,Julie Rivas,hturner@example.com,Other,65.0,West Anna,2024-12-13
U01107,Miss Gina Walton,andrew90@example.net,Other,39.0,Lake Nathanielburgh,2024-01-08
U03888,William Reyes,valerie71@example.org,F,18.0,Williamsfurt,2024-02-20
U00819,Michael Martin,sgomez@example.net,M,62.0,Morrowside,2025-08-01
U01774,Jesus Decker,nsingh@example.org,M,39.0,Smithmouth,2024-08-13
U00612,Robert Acevedo,morganrichard@example.org,Other,49.0,Brownton,2025-05-03
U03136,William Bernard,shannon27@example.com,F,,West Michelle,2025-06-22
U03544,Lindsey Rodgers,huertadaniel@example.net,,29.0,Port Lisastad,2024-05-15
U04149,John Green,george43@example.com,Other,54.0,South Peter,2025-12-06
U00577,John Savage,tmcdaniel@example.com,F,65.0,Fitzgeraldview,2024-02-29
U02241,Kathryn Brady,wallen@example.com,Other,25.0,East Judyfurt,2025-11-12
U04634,,nathaniel00@example.com,M,59.0,Joshuastad,2024-11-13
U01181,Kevin Clark,ssmith@example.org,M,67.0,Williamburgh,2024-10-23
U00889,Julia Trevino,joshuafarmer@example.com,Other,51.0,Jonesfort,2024-10-08
U03419,Brenda Boyd,arthur70@example.com,M,53.0,Port Jameston,2024-10-31
U02016,Lawrence Hall,rebecca86@example.net,M,69.0,Catherinemouth,2025-11-10
U02903,Whitney Bennett,mjohnson@example.net,Other,34.0,Jenniferton,2024-10-14
U00818,Cathy Brown,wpeterson@example.com,Other,45.0,East Michael,2024-11-08
U03581,,williamsandrew@example.com,F,38.0,New Nicholas,2025-04-04
U03886,Christopher Carroll,brownstephanie@example.com,M,57.0,Port Joannafurt,2025-06-09
U00209,Nicholas Bell,iedwards@example.org,Other,52.0,Deannabury,2025-02-14
U00294,Jillian Wilson,bmcgee@example.org,F,20.0,Gutierrezside,2025-02-11
U01120,Rodney Bennett,lisafreeman@example.net,F,33.0,Lake Heatherton,2025-05-29
U03784,John Smith,xavierwilson@example.org,,31.0,Courtneyville,2024-07-08
U01871,Michelle Gomez,armstrongjeremy@example.org,Other,21.0,West Rodney,2024-11-27
U01265,Leah Sullivan,justinbishop@example.org,F,18.0,Erikmouth,2025-03-15
,David Harris,,M,38.0,Adamburgh,2024-09-14
U04383,Caleb Miller,aarongreene@example.org,Other,45.0,Guerrerofort,2025-02-18
U01615,James Brown,elizabeth39@example.net,Other,28.0,Sandovalfurt,2024-02-22
U03680,Claudia Marshall,dwilliams@example.com,Other,20.0,South Anthonystad,2025-11-29
U04780,Rachel Stafford,josephmorrison@example.com,M,19.0,North Theresa,2024-08-01
U03866,Paul Smith,houstonjohn@example.net,F,54.0,Tanyamouth,2025-08-10
U00354,Stephanie Atkins,ewilson@example.com,F,35.0,Lake Jacqueline,2025-08-13
U04095,Lisa Sweeney,oruiz@example.org,M,63.0,Smithchester,2025-01-30
U01722,Paula Evans,caguilar@example.org,M,49.0,Madisonfort,2024-09-03
U01655,,christopherkrause@example.org,M,58.0,Churchton,2024-06-27
U03324,Brian Wilson,vsmith@example.com,M,21.0,Tinatown,2024-09-29
U01490,John Williams,lindsay48@example.net,Other,65.0,Haroldport,2025-11-09
U04638,Steven Ramirez,mariahtaylor@example.net,F,30.0,Vancefort,2025-11-07
U03197,Dylan White MD,mistywolf@example.com,Other,27.0,Mcdanielhaven,2024-09-10
U04969,Daniel Cox,silvabrian@example.net,Other,64.0,Port Jonathan,2025-05-06
U01229,Jeffrey Holden,alvarezpaul@example.org,M,53.0,East David,2025-07-15
U00260,John Adams,andrew44@example.com,M,47.0,Garrisonville,2025-12-17
U01761,Matthew Smith,herbert94@example.org,Other,60.0,Lake Robin,2025-05-06
U04054,Mike Walker,ymckee@example.net,,28.0,New Tanyaton,2025-01-15
U04948,Isabella Bryant,theresajones@example.net,M,51.0,Linfurt,2025-10-31
U04430,John Wright,harrislisa@example.org,F,62.0,Bryanmouth,2024-04-06
U03602,Dennis Simmons,omoore@example.net,Other,40.0,Myersville,2025-05-20
U00053,Ann Phillips,ithompson@example.net,Other,20.0,Alyssaview,2025-09-05
U02392,Brandon Thomas,amy86@example.net,Other,57.0,Lake Kevinhaven,2024-10-18
U00412,William Mason,garrettnatasha@example.org,F,25.0,Jeremiahmouth,2025-10-23
U02388,Jonathan Miller,klambert@example.org,M,48.0,West Dorothybury,2024-05-30
U02623,Michael Clark,hhuang@example.net,Other,19.0,North Ericview,2025-09-13
U03039,Michael Lawrence,basskiara@example.org,Other,34.0,South Stephanie,2025-12-11
U02551,Christie Rivera,jeanettewatson@example.net,F,22.0,Lake Francisco,2025-05-03
U02810,Rebecca Morrison,cooperrebecca@example.org,Other,66.0,South Shawnshire,2024-10-11
U03045,Dominic Bennett,kristin37@example.org,F,53.0,Port Joshuashire,2024-03-05
U01480,Daniel Cortez,petersontina@example.org,Other,40.0,Manuelhaven,2024-03-16
U01508,Rachel Yang,espinozarandy@example.com,F,24.0,Willieland,2025-09-13
U01034,Richard Jones,fwilson@example.com,Other,39.0,North Amy,2024-06-12
U01098,Erica Kelly,marccarey@example.net,Other,51.0,Port Amanda,2024-04-10
U01470,Alexander Fernandez,ewells@example.net,F,55.0,Port Meganborough,2024-10-10
U00544,Christopher Jacobs,eric99@example.org,F,67.0,Lake Karenfort,2025-08-08
U01047,Leslie Andrews,gonzalesmark@example.net,Other,49.0,Angelaport,2025-05-25
U02128,Angela Mitchell,catherinelee@example.org,M,32.0,Lake Johnmouth,2025-07-24
U03168,Theresa Rivera,asharp@example.net,M,33.0,Kiaramouth,2024-12-07
U00031,Mary Peck,owilson@example.net,Other,61.0,West Margaret,2024-02-28
U00726,Emily Lawrence,melaniewhitney@example.com,F,40.0,Laurenberg,
U02652,Sara Merritt,claudiamcmahon@example.net,M,36.0,Davidstad,2024-04-20
U02278,Patty Cox,gregory38@example.org,M,37.0,Acevedoberg,2025-02-15
U01077,Tina Coleman,joshuahaley@example.com,Other,28.0,Peterhaven,2025-12-17
U01427,,kristinafoley@example.net,M,41.0,West Angela,2024-08-19
U02690,Theresa Allen,anna37@example.com,Other,58.0,North Hannahburgh,2025-08-21
U04181,Morgan Lang,,M,62.0,West Marthashire,2024-05-19
U00437,Sydney Robles,timothyburton@example.net,Other,19.0,Stevenchester,2025-11-15
U02216,Nathan Booth,kathleenscott@example.org,M,61.0,Port Roger,2025-01-16
U03150,Scott Brown,lisa45@example.net,M,65.0,Port Allisonview,2024-12-22
U00913,Tanya Goodwin,transtephanie@example.net,Other,20.0,Micheleside,2024-12-10
U04406,Cheyenne Jackson,,F,38.0,Davidmouth,2024-01-24
U01589,Scott Osborne,khendricks@example.net,Other,25.0,Victormouth,2024-10-26
U04347,April Beard,donald42@example.com,Invalid_Data,44.0,East Tammie,2024-05-17
U04711,Joshua Smith,millerjessica@example.org,Other,25.0,North Michael,2025-04-16
U02659,Jason Miller,blevinskimberly@example.org,Other,33.0,Joycebury,2024-07-16
U04935,Jason Reid,grivera@example.net,Other,39.0,Mitchellport,2025-06-05
U01591,Linda Shaw,jordanrebecca@example.org,Other,70.0,East Matthewstad,2024-01-23
U04864,Richard Ayala,cortezalexandra@example.com,F,45.0,New Natashabury,2024-06-07
U01841,Catherine Callahan,patriciawilson@example.com,M,58.0,West Denise,2024-08-12
U01239,Nathaniel Blankenship Jr.,michael45@example.com,F,27.0,Moorebury,
U00904,Bruce Gilbert,michael56@example.org,M,58.0,East Christopher,2024-01-14
U04503,Kevin Avery,keithwood@example.org,M,69.0,Youngside,2024-07-08
U04946,Rebecca Parker,myersterri@example.com,M,,Osbornestad,2024-01-09
U01745,Nina Combs,kimberly03@example.com,F,23.0,New William,2025-01-23
U00508,Jonathan Gallegos,rmckinney@example.net,F,60.0,Shannonstad,2025-08-13
U03521,Zachary Carlson,gjones@example.net,F,38.0,North Sara,2025-09-13
U00184,Lauren Johnston,dbrooks@example.net,M,28.0,West Whitney,2024-12-24
U04908,Shane Wong,joseph54@example.com,M,43.0,Valentinemouth,2025-01-20
U01498,Jose Foster,ifrey@example.org,M,40.0,East Beckystad,2024-11-26
U00450,Erin Valencia,shawn01@example.com,F,69.0,West Timothyburgh,2024-07-31
U00322,Taylor York,eugenewalker@example.com,M,38.0,North Howard,2025-08-13
U01212,Melissa Reid,,Other,21.0,Jonesland,2024-07-17
,Laura Harris,nathanielbraun@example.com,Other,22.0,East Keith,2024-07-18
U03002,Carolyn Holmes,anthony75@example.org,F,34.0,Moranhaven,2024-03-11
U02417,Marissa Jackson,franklee@example.org,Other,37.0,Port Douglasshire,2025-11-16
U02999,Nicholas Gutierrez,fergusonmelissa@example.com,F,48.0,Jasonmouth,2025-02-01
U04409,Cameron Rivera,william77@example.com,Other,62.0,Port Michaelborough,2025-07-22
U03642,Levi Hartman,hsmith@example.org,M,,New Jasonside,2025-06-19
U02100,Sarah Johnson,curtis45@example.org,Other,51.0,Chrismouth,2025-10-05
U04052,Jonathon Morales,morgan99@example.org,F,70.0,Lake Brenda,2025-12-22
U01552,Corey Anderson,galvanjeanette@example.net,Other,26.0,,2025-05-08
U04636,Sheila Johnson,hayesamber@example.org,F,45.0,New Jackie,2024-08-28
U01147,Zachary Morgan,karen71@example.com,Other,68.0,,2025-06-27
U03622,Jill Cooper,ivanwood@example.org,M,62.0,,2025-10-24
U02536,Michael Jones,zleonard@example.com,Other,25.0,East Jenniferchester,2024-04-24
U00045,Sarah Villarreal,ofinley@example.net,F,66.0,Brennanton,2025-04-02
U02319,Vicki Thompson,curtisfranklin@example.com,M,68.0,Garnerbury,2025-12-21
U02901,Jaime Gomez,snyderjodi@example.net,F,39.0,North Kathryn,2024-02-26
U02806,Kyle Richards,kimforbes@example.org,M,69.0,Haroldfort,2025-09-22
U02087,George Rivera,bcarlson@example.net,M,45.0,South Carl,2025-02-10
U03646,Jonathan Peters,seanthompson@example.net,Other,19.0,Janicebury,2024-11-22
U01379,Kim Jones,jameschavez@example.org,Other,67.0,West Michael,2025-11-17
U04478,Melissa Watson,etorres@example.org,Other,48.0,Raymondberg,2024-06-19
U03290,Terry Garrett,torresbeverly@example.com,M,47.0,South Andrewfurt,2025-03-26
U00414,Matthew Carpenter,michelleparker@example.net,,26.0,South Wendy,2025-12-20
U02348,Heather Flores,kimberly64@example.org,M,18.0,Alexanderchester,2024-06-28
U01408,Garrett Rodriguez,michaelmercado@example.com,M,23.0,Lunahaven,2024-03-18
U02355,Chad Soto,randallhorton@example.com,F,29.0,North Carolberg,2025-06-09
U00802,Blake Morrison,anthony42@example.net,F,45.0,North Jasontown,2025-07-13
U01289,Mr. Michael Cherry,marypeck@example.com,Other,64.0,Hughesstad,2024-05-31
U01559,James Ellis,matthewsmith@example.org,Other,26.0,Marialand,2025-01-01
U02374,Gregory Byrd,changsamuel@example.org,M,44.0,Stevensview,2025-03-02
U02660,Holly Jones,carolynjennings@example.com,M,36.0,South Ronald,2024-11-06
U03135,Jay Rivera,dberg@example.org,F,70.0,East Elizabeth,2025-02-15
U04930,Michael Taylor,theresaorr@example.org,F,69.0,Mejiahaven,2025-04-14
U01700,Jasmine Davis,katrina37@example.net,Other,46.0,Ryanshire,2024-02-13
U00257,Kelly Stark,buchanancindy@example.net,Other,18.0,Rodriguezberg,2024-04-24
U02656,Melinda Allen,floydjoann@example.com,Other,49.0,Alecburgh,2025-03-07
U01966,Brandi Allen,lisadonovan@example.com,Other,43.0,Williamsonshire,2025-04-28
U01152,Maurice Salazar,padillajames@example.net,M,21.0,East Christopherland,2024-01-09
U04767,Matthew Dixon,brivers@example.net,M,56.0,Levyport,2025-03-04
U00648,Wanda Perez,prosario@example.org,Other,46.0,West Lance,2025-04-08
U01768,Andrew Powell,philliphayden@example.net,Other,68.0,Port James,2024-09-01
U03695,,ukeller@example.net,F,35.0,Thompsonview,2025-05-10
U02550,Aaron Anderson,wilsonadam@example.org,Other,53.0,Gilbertchester,2024-03-19
U03956,,loretta45@example.org,M,42.0,Elizabethfurt,2024-06-09
U04115,Patty Jones,zolsen@example.com,F,36.0,Mcdanielstad,2024-04-29
U03011,Brittney Middleton,fdavis@example.net,Other,52.0,Ashleyview,
U00025,Eric Erickson,joshuamccann@example.net,Other,52.0,Heidiberg,2025-04-17
U01316,Brent Scott,rmartinez@example.net,F,21.0,Orozcoland,2024-09-12
U01089,Jason Johnson,,M,20.0,Michaelbury,2024-07-27
U02178,Andrew Williams,cameronramos@example.org,F,56.0,Port Sheliaside,2025-12-14
U02687,Melissa Pearson,zmanning@example.org,Other,58.0,Yatesbury,2025-02-01
U02421,Kenneth Molina,scottmichael@example.com,F,41.0,New Leah,2024-08-30
U01351,Jenna Lynch,dennis01@example.com,F,59.0,Port Davidhaven,2025-04-18
U02723,Michael Moody MD,ryanjohnson@example.org,F,42.0,Lake Madison,2024-05-30
U00113,Julian Wood,cherylmiller@example.com,Other,30.0,Keyfort,2025-01-25
U03425,Erin Garcia,floresjulie@example.net,Other,61.0,Olsonberg,2024-09-21
U00264,,nathanwheeler@example.org,Other,63.0,Matthewsstad,2024-09-14
U01394,Carlos Khan,meghan98@example.net,F,27.0,Lake Christopherstad,2024-12-02
U02120,,nriley@example.org,Other,33.0,North Justin,2025-07-29
U01187,Aaron Johnson,vincentstacey@example.org,Other,60.0,Seanshire,2025-12-09
U02560,Joshua Werner,tammy97@example.org,M,31.0,West Donnaburgh,2024-05-18
U04809,Stephanie Doyle,mhernandez@example.com,M,19.0,Whitakerville,
U00057,Julie Haynes,cwilson@example.org,M,26.0,Wendyville,2024-03-18
U01310,Emily Powell,bradleynicole@example.org,M,44.0,Johnnybury,2025-07-13
U00696,Alexis Smith,parkerjoann@example.org,M,64.0,North Devinfort,2024-08-10
U04387,James Walsh,,M,41.0,North April,2024-10-20
U01903,Jennifer Thompson,marissa85@example.org,F,46.0,South Dylanhaven,2025-05-03
U02439,Jason Cruz,carolyn88@example.org,Other,44.0,East Kevinshire,2025-12-03
,Glenn Brewer,markmassey@example.com,M,68.0,Robertsside,2024-09-22
,Steven Johnson,sallen@example.com,Other,53.0,,2024-03-18
U00277,Nicole Schmidt,rhodescourtney@example.org,Other,55.0,Lake Natalie,2024-08-22
U02060,Ruben Davis,wendyholden@example.com,F,20.0,Lisashire,2025-09-17
U00320,Robert Gardner,kennetheaton@example.net,M,62.0,Susantown,2025-02-14
U04212,Vincent Smith,lawsondouglas@example.com,M,42.0,Johnville,2024-12-03
U01590,Michelle Mooney,stacey53@example.com,F,67.0,Anneview,2024-10-20
U00683,Luke Reynolds,lbartlett@example.net,F,30.0,South Hollyton,2024-06-30
U02403,Angela Tucker,leemichael@example.net,F,43.0,Solomonshire,2024-08-15
U02522,Antonio Ortega,snyderpamela@example.com,F,30.0,Lake Victoria,2025-09-23
U02626,Andre Stewart,curtisjohnson@example.net,M,65.0,South Cynthia,2024-08-12
U00480,Karen Powell,,Other,55.0,Martinezside,2025-11-20
U03832,Erin Cook,jose06@example.net,M,47.0,West Kimberly,2024-05-18
U03110,Aaron Hernandez,coxjavier@example.org,Other,46.0,Port Margaret,2025-04-16
U00287,Samuel Zamora,christianelizabeth@example.org,F,32.0,Michaelmouth,2025-12-05
U02663,Megan Turner,eric19@example.org,F,46.0,New Ericborough,2024-05-26
U02340,Nicolas Wells,wilkinsmark@example.org,F,36.0,Lake Jessica,2025-01-01
U02874,Richard Thomas,josephcastro@example.org,M,20.0,North Jeremy,2024-06-06
U02631,Kelly Fernandez,usilva@example.net,Other,59.0,Peterhaven,2025-07-16
U03048,Bryan Hernandez,rparker@example.org,M,24.0,Hunterbury,2025-04-09
U02624,Rachel Mendoza,robertkramer@example.com,F,28.0,Wilsonland,2025-12-24
U04537,Duane Archer,alexissalazar@example.net,M,65.0,Hicksland,2025-03-20
U01599,Marvin Martin DDS,holtrobert@example.com,M,46.0,East Rebecca,2024-12-10
,Patricia Warren,bill17@example.org,Other,45.0,North Karen,2025-12-01
U02407,Dennis Moody,wcook@example.com,M,49.0,Virginiamouth,2024-04-01
U00737,Victoria Mendoza,bauerherbert@example.com,M,36.0,Evansberg,2024-03-19
U02019,Ryan Flores,howarddawn@example.net,F,24.0,Williamsonbury,2025-01-18
U00337,Amy Scott,zacharysullivan@example.net,F,34.0,Lake Jessicaport,2025-11-29
U02597,Jessica Cook,adaniels@example.org,Other,39.0,Lake Maryfurt,2024-10-09
U03836,Matthew English,natashaburke@example.net,F,32.0,Kellyland,2025-05-22
U02878,Deborah Donaldson,gabrieljohnson@example.com,M,61.0,West Suzannestad,2024-05-26
U04600,Blake Evans,larryblackwell@example.org,F,20.0,Joanntown,2024-07-25
U01072,Jeremiah Mcgee,matthew24@example.com,M,24.0,Ingrammouth,2025-05-05
U03760,Noah Kemp,,M,48.0,South Jenniferchester,2024-04-12
U01946,Dominic Walter,alara@example.org,M,54.0,Whitemouth,2025-06-03
,Stephanie Chavez,donna87@example.net,M,19.0,North Andrew,2024-03-23
U03372,Mr. Steven Buchanan Jr.,amanda75@example.org,M,37.0,Lake Chad,
U02101,Philip Hodges,spearsjose@example.com,F,25.0,Marshport,2025-06-25
U02108,Mark Hunt,timothyross@example.net,F,52.0,Lake Chloe,2024-10-23
U04295,Justin Moore,sheilagarcia@example.com,F,46.0,Petersonhaven,2024-06-14
,Mrs. Tricia Stewart,cjones@example.net,Other,41.0,,2024-02-17
U02634,Theresa Mills,david77@example.net,M,25.0,Taylorside,2025-06-03
U03871,Amy Fritz,danielkelly@example.org,Other,56.0,Castrobury,2024-01-18
U01715,Stacy Burnett,gomezgrant@example.net,M,51.0,Gonzalezport,2025-09-02
U01489,Jennifer Fisher,robertfletcher@example.org,F,32.0,New Bethmouth,2024-10-05
U01778,Ryan Smith,james34@example.com,Other,58.0,Johnsonmouth,2024-10-07
U00499,Scott Burns,brittanyhood@example.com,Other,48.0,Lake Ronniebury,2024-07-06
U04578,Shelley Garrett,danielle51@example.net,Other,61.0,New Connie,2025-12-24
U03149,David Chandler,jason99@example.net,,64.0,Brooksshire,2025-08-22
U03439,Christian Gonzales,mooremichael@example.com,Other,51.0,East Scottshire,2025-01-06
U02756,Jack Peters,cmoore@example.com,,31.0,South Reginaldland,2025-05-25
U04975,Jonathan Dean,thompsonbrent@example.net,M,23.0,New Patrick,2025-12-12
U03319,Heather Alvarado,philipbrown@example.com,Other,20.0,Lake Cindyfort,2024-06-20
U02923,Benjamin Martinez,jason53@example.com,M,36.0,New Sara,2024-03-02
U01611,Christopher Joseph,walterskaren@example.com,M,69.0,,2025-02-19
U03140,Donna Mitchell,ericawright@example.net,F,33.0,West Jennifer,2024-10-20
U04241,Bernard Flores,guzmanandrew@example.org,F,69.0,Katieberg,2025-01-21
U04122,Neil Mitchell,gabriel53@example.net,M,28.0,Thomasstad,2024-11-17
U02218,Alejandro Anthony,stephanie67@example.org,F,60.0,Matthewmouth,2025-06-17
,Rebecca Bowen,robert52@example.org,M,44.0,Clarkville,2024-09-04
U02487,Cameron Rose,kelsey79@example.org,M,66.0,Marshchester,2024-03-07
U00864,Billy Shelton,wheelertara@example.net,Other,22.0,South Morganfort,2024-03-26
U02465,Benjamin Williams,brianlawson@example.net,F,44.0,Masonstad,2025-05-09
U04763,Carol Mendoza,meganmonroe@example.net,M,28.0,West Kristina,2025-05-26
U04488,Steven Tran,chodges@example.net,F,25.0,Samanthaton,2024-01-29
U02586,Ryan King,bryantcarol@example.org,M,58.0,South Ianland,2025-02-12
U00666,Cassidy Marquez,fbaldwin@example.com,F,37.0,Biancashire,2025-04-25
U02774,James Brown,danielsosa@example.org,Other,48.0,Kendratown,2025-04-08
U02875,Mr. Derrick Zavala,harrisrobert@example.com,Other,50.0,Tylerbury,2024-02-13
U01553,Amber Haas,susan93@example.com,F,,East Hannahshire,2024-04-02
U04808,Chloe Smith,harrisonjennifer@example.net,F,68.0,Josephmouth,2025-04-11
U04801,Jesse Bruce,millervanessa@example.net,Other,49.0,East James,2025-07-26
U01018,Rachel Price,melissamartin@example.com,Other,25.0,East Thomas,2025-06-11
U00558,Dawn Burke,jallen@example.org,Other,61.0,East Lauraport,2024-12-11
U02613,Anne Wilson,bartlettapril@example.net,Other,55.0,New Johnchester,2025-10-23
U01208,Karl Solis,,M,22.0,Thompsonmouth,2024-08-08
U03314,Mrs. Wanda Keith DDS,bgarcia@example.org,M,65.0,Albertport,
U02894,Jennifer Kennedy,kempbonnie@example.org,Other,30.0,Port Daniel,2025-01-26
U02322,Andrew Brown,kenneth77@example.net,M,67.0,Lake Jenniferton,2025-04-01
U01511,Jonathan Guerrero,klara@example.net,F,22.0,Mcneilhaven,2025-01-17
U02827,Michelle Chang,lisa10@example.org,F,24.0,East Courtneychester,2024-02-08
U02358,Christopher White,jeff95@example.com,F,42.0,Davidsonview,2024-08-04
U01685,Katherine Davis,,M,64.0,North Cynthia,2025-11-19
U00246,Jeffrey Barnes,nicolesnyder@example.com,F,58.0,Amyville,2025-09-03
U01164,Heather Rodriguez,janice94@example.org,M,50.0,New Sherry,2025-08-16
U02694,Clinton Edwards,cabrerajennifer@example.net,Other,,Port Francis,2024-07-28
U03130,Sandra Foley,,M,21.0,Williamsfurt,2024-07-23
U03134,Mr. John Butler Jr.,david96@example.net,M,30.0,North Timothyshire,2024-04-28
U00267,Desiree Woodard,stephen37@example.com,M,47.0,Silvatown,2025-01-14
U02575,Michelle Lamb,cindy24@example.net,F,52.0,East Donaldberg,2024-07-04
U01115,Kelsey Williams,parkerbriana@example.net,F,60.0,Lake Lee,2024-02-11
U00064,Jonathan Dougherty,acostaregina@example.net,Other,63.0,Stephentown,2024-02-20
U02405,David Cruz,darius87@example.com,F,46.0,Marshallchester,2025-09-24
U03037,Michael Boyd,saragreen@example.org,M,26.0,Payneview,2024-11-23
U04686,Emily Merritt,yherrera@example.com,M,44.0,Mejiaview,2024-11-02
U04307,David Berry,livingstondavid@example.org,Other,60.0,East Michaelside,2025-11-25
U03289,Justin Daniels,samuelwheeler@example.net,M,24.0,West Mary,2024-04-13
U03362,Miss Kelly Mcguire,alewis@example.net,M,70.0,Port Jeffreyshire,2024-08-31
U04134,Carolyn Nichols,andrewmoore@example.org,M,65.0,Zhangfurt,2024-08-23
U01877,Jon Robinson,ross53@example.net,Other,33.0,Armstrongmouth,2025-02-26
U04341,James Poole,floresmegan@example.org,M,31.0,Port Chaseside,2025-11-01
U02463,Robert Thompson,tinaortiz@example.org,Other,56.0,Martinezchester,2024-04-14
U04509,Janet Johnson,zthompson@example.com,F,51.0,Port Mistyton,2025-02-01
U03873,Alexander Rivera,kayla55@example.net,Other,68.0,Fuenteshaven,2024-08-14
U02820,Daisy Simpson,hansenjoshua@example.net,Other,68.0,Edwardsbury,2025-04-20
U01785,Jason Brown,annaboyd@example.com,M,54.0,North Christopherburgh,2024-06-01
U01238,Shawn Yu,debbiebrown@example.net,Other,44.0,South Ashleystad,2024-10-11
U00104,Evelyn Martinez,samuel67@example.com,F,39.0,Terrifort,2025-05-26
U01874,Matthew Price,thomas60@example.com,M,19.0,Port John,2024-08-07
U03829,Seth Rogers,timothy84@example.org,F,,New Richardtown,2025-07-05
U02880,David Miller,armstrongallison@example.net,M,59.0,Port Matthewstad,2025-04-09
U00273,Julie Wilson,delacruzbrandy@example.net,F,39.0,South Pamelahaven,2024-04-03
U00509,Rhonda Everett,lopeznicole@example.org,M,44.0,South Rachaelport,2025-12-07
U04102,Samantha Larson,garciapamela@example.net,Other,24.0,,2024-12-30
U00996,Jennifer Martin,marshallchristopher@example.net,F,50.0,Lake Michelletown,2024-05-03
U03347,Jennifer Thomas,kgraham@example.org,M,22.0,South Amber,2024-03-07
U00866,Wanda Scott,dking@example.org,F,37.0,Kevinmouth,2025-10-19
U02651,Grant Mosley,haleyhughes@example.net,Other,53.0,South Dannyhaven,2024-09-29
,Kelly Torres,davidhardy@example.org,Other,27.0,East Hollymouth,2025-12-03
U02300,Jeremy Gonzalez,joneskaren@example.org,M,59.0,North Christy,2024-02-18
U03114,Samantha Thompson,melissa83@example.com,M,27.0,Port Michelle,2025-11-01
U01304,Alexis Rodriguez,sergiothomas@example.net,Other,49.0,Port Miguelchester,2024-10-09
U01628,Mark Santos,ashleyjames@example.com,F,27.0,North Heather,2025-03-15
U03133,Kimberly Sandoval,rayrobin@example.org,Other,48.0,Lorimouth,2025-05-31
U01523,Amanda Gilbert,kendra36@example.com,F,58.0,West Angela,2024-10-09
U00836,Steve Schultz,lstokes@example.com,Other,41.0,East Donnaton,2024-04-01
U00359,Karen Fernandez,phillip27@example.org,F,36.0,Stewarttown,2024-01-15
U00139,Brandi Gordon,james15@example.org,M,31.0,Wongburgh,2024-01-17
U00300,,heatherthompson@example.org,Other,27.0,South Dianemouth,2025-01-09
U01557,Kenneth Hahn,jonespaul@example.com,M,50.0,Bakerbury,2026-01-04
U01004,Mrs. Tammy Curry,lmorales@example.net,Other,37.0,Jenniferland,2025-09-09
U00383,Jeffrey Smith,brenda63@example.org,F,65.0,New Kristenfort,
U00942,Justin Clark,benjaminwatts@example.net,M,27.0,Welchbury,2025-04-17
U02851,Amanda Lowery,wallacemelissa@example.net,F,69.0,Michaelstad,2025-03-21
U04096,Jacqueline Gonzalez,jonesjoseph@example.org,F,57.0,Kristopherfurt,2025-08-17
U00762,Michelle Nguyen,vshaw@example.com,Other,44.0,North Susan,2025-08-08
U04357,,cortezeric@example.org,F,29.0,Jesuschester,2024-09-01
U02116,Larry Wells,fostervalerie@example.com,Other,56.0,East Davidbury,2025-03-10
U02777,,jessicamcguire@example.com,Other,27.0,West Michelleside,2025-11-14
U02265,,debra16@example.com,Other,30.0,North Natalieborough,2025-12-10
U02891,Tyler Berger,cpierce@example.com,Other,55.0,West Stevenland,2025-07-24
U00899,Luke Gardner,aguilarsharon@example.com,M,40.0,North Matthewview,2024-06-01
U04225,Robert Olsen,oconnellkristina@example.net,Other,62.0,Hudsonfort,2024-08-28
U02196,Mario Snyder,ashleycosta@example.com,F,35.0,Edwardburgh,2024-05-04
,Cassandra Landry,kjackson@example.org,M,23.0,Shahbury,2025-10-02
U02228,Melanie Freeman,wschneider@example.net,F,59.0,West Michelleton,2024-07-10
U01878,Carol Sawyer PhD,julie62@example.com,M,47.0,West Haleyburgh,2024-05-30
U04734,Nichole Miller,bsullivan@example.net,M,70.0,South James,2025-01-15
U04579,Christian Gonzalez,johnfitzgerald@example.org,F,67.0,East Barbara,2025-04-02
U01933,Amanda Cervantes,william55@example.net,M,35.0,Lake Jillville,2024-08-28
U03222,Joshua Richard,colleen00@example.net,M,49.0,Lake Michaelstad,2025-06-16
U01513,Chad Bennett,patrickmichelle@example.net,Other,25.0,Pageburgh,2024-07-20
U01189,Bryan Thomas,zconrad@example.org,Other,40.0,Lake Julietown,2025-10-11
U04869,Larry Morales DDS,ismith@example.org,F,49.0,Lake Zachary,2024-01-15
U02224,Savannah Beck,rwebb@example.net,M,65.0,West Alfredberg,2025-05-20
U04166,Stephanie Robinson,huynhstephen@example.org,Other,33.0,New Steven,2025-04-02
U04327,Lynn Wong,simonmelanie@example.org,Other,60.0,Morenofort,2024-09-01
U02684,Tammy Hahn,vincentdavis@example.com,F,70.0,East Kellyview,2025-04-12
U00109,,raymond43@example.org,F,39.0,Lake Jacobhaven,2024-10-15
U02837,Bruce Hayes,latoyahartman@example.com,Other,48.0,Lake Stacy,2024-11-14
U02981,Lauren West,johnathan63@example.net,M,64.0,Melaniemouth,2024-01-13
U04078,Christina Stanley,jonesanna@example.net,Other,57.0,Cruzburgh,2025-09-08
U00431,Randy Morris,wwilkins@example.com,F,21.0,West Thomasville,2025-05-28
U00059,,scottsampson@example.com,M,54.0,Lake Michaelstad,2024-02-20
U00077,,grahamsteve@example.org,Other,69.0,Barbarashire,2024-10-28
U00797,Ronald Butler,terrytaylor@example.net,Other,30.0,Theodoremouth,2024-11-26
U00369,David Manning,clarkrandy@example.org,Other,20.0,South Amytown,2025-07-23
U00201,Raymond Oconnor,sreid@example.com,M,28.0,Port Amandaborough,2025-12-14
U00786,Joshua Garcia,othomas@example.org,Other,,South Paul,2024-09-21
U02225,Michael Mcdonald,petercasey@example.com,F,64.0,South Jasonburgh,2025-01-13
U02365,John Martinez,beckdaniel@example.com,F,55.0,Stevenbury,2025-07-20
U02171,Jonathan Clark,mkline@example.org,F,50.0,West Ashleyfort,2025-02-26
U04972,Stacey Collins,bonniesnyder@example.com,Other,69.0,North Carrieberg,2025-08-16
U01893,Laura Hayden,wellssherry@example.net,F,25.0,Port Mary,2025-09-11
U02292,Walter Bishop,aaroncarter@example.net,Other,,Dylanfort,2024-12-08
U03858,Erin Norris,stevenholmes@example.org,Other,22.0,South Shane,2025-11-07
U03209,Carrie Wallace,yclark@example.com,Other,70.0,Lake Jenny,2025-08-04
U03470,Carrie Andrews,tamaramurphy@example.org,F,48.0,West Brittanybury,2025-02-12
U00122,Michelle Lee,tyronerobertson@example.com,F,32.0,Tylerland,2025-11-27
U02379,Johnathan Collins,ryanrosales@example.org,Other,51.0,Timothyshire,2024-11-04
U01962,Daniel Rivera,spencerjames@example.com,M,67.0,Bakerside,2024-12-08
U02578,Heather Hill,hlloyd@example.org,F,50.0,New Anneland,2025-12-06
U03980,Ian Dawson,margaretrandall@example.net,F,31.0,South Cindyberg,2024-10-29
U00911,Janice Williams,nicolaskeller@example.net,Other,64.0,Lake Kevinside,2025-07-17
U00125,Pamela Ramirez,andersoncolin@example.com,Other,55.0,Angelastad,2025-07-11
U02706,Invalid_Data,richard82@example.org,Other,18.0,Port Alexanderfort,2024-01-14
U02168,William Warner,ssmith@example.com,Other,32.0,Powerschester,2024-02-12
U04889,Alexandra Lewis,david87@example.org,M,38.0,Jasminetown,2026-01-01
U01587,Stacy Cortez,stacey25@example.net,F,,West Amandabury,2024-07-04
U01258,William Martin,bakertimothy@example.org,Other,56.0,South Rose,2024-05-07
U03965,Fernando Singleton,bryan84@example.com,F,62.0,Amandamouth,2024-11-11
U03804,,leerhonda@example.org,,18.0,New Julie,2024-01-12
U03700,Amy Nelson,wanda10@example.org,F,25.0,Valdezmouth,2024-12-03
U01179,Crystal Brown,williamsmegan@example.org,M,36.0,Williamsbury,2025-07-14
U02963,Jonathan Dorsey Jr.,josebarnes@example.net,Other,31.0,Bridgesmouth,2025-10-02
U04437,Katherine Griffith,wsmith@example.com,M,32.0,North Davidmouth,2025-03-04
U04966,Jeffery Mueller,alyssa73@example.net,M,23.0,East Melody,2024-02-28
U03162,Mr. Matthew Burke MD,,M,43.0,Jenniferville,2024-02-05
U04297,Zachary Arellano,moranmelissa@example.net,Other,37.0,West Katherine,2024-05-21
U00443,Kelly Smith,mcdanielbrooke@example.org,Other,31.0,Steventon,2024-03-22
U02134,Debbie Alexander,brianna22@example.com,M,30.0,Jeanville,2024-01-22
U03131,Robert Gonzales,jgaines@example.com,F,67.0,Lake Diane,2024-05-05
U00926,Martha Jacobs,ohartman@example.net,F,47.0,New John,2025-11-01
U04508,Tyler Berger,collinsmichael@example.com,M,43.0,Markborough,2025-02-06
U04418,Tracy Frederick,ghicks@example.com,M,31.0,Foxhaven,2025-12-29
U02527,Stephen Trujillo,lbuck@example.com,F,66.0,South Brandy,2025-03-24
U04980,Keith Dickerson,rickymcdonald@example.org,M,43.0,South Lawrencemouth,2024-10-22
U01412,Jennifer Webster,kramirez@example.org,F,42.0,Mccarthyhaven,2024-09-09
U03789,Amanda Gomez,wcarter@example.com,M,46.0,Sharonview,2024-01-24
U04320,Diamond Kelly,sheila24@example.net,M,56.0,Lake Bradley,2025-03-18
U01510,Lance Robinson,smithgina@example.net,Other,46.0,Johnville,2024-04-23
U01228,Mrs. Chelsea Villa,jgibson@example.net,F,35.0,Williamchester,2024-05-31
U03935,Matthew Decker,melinda28@example.com,Other,55.0,West Amanda,2025-09-20
U03003,Stephanie Nicholson,michaelkramer@example.com,F,41.0,West Henry,2025-06-04
U03837,Craig Chaney,mark79@example.net,M,45.0,North Thomasmouth,2024-10-26
U03423,Thomas Harris,wosborne@example.net,M,23.0,Invalid_Data,2025-02-01
U03584,Danielle Brown,robertkim@example.org,F,53.0,Christinebury,2025-08-14
U00325,Kevin Cunningham,lindsey62@example.org,F,,Johnbury,2025-06-10
U03365,Jamie Rivas,katie99@example.com,M,66.0,Hudsonfort,2025-02-14
U02628,Edward Brennan,robert11@example.org,Other,36.0,East Amytown,2024-12-31
U03480,Linda Mckinney,skinnerkatherine@example.com,Other,49.0,Wisebury,2025-04-17
U02132,Carla Patterson,jack73@example.com,Other,44.0,Port Drewburgh,2026-01-02
U03604,Michelle Herrera,smithshane@example.com,Other,49.0,Haroldport,2025-12-18
U03317,Mrs. Andrea Dixon,enelson@example.org,Other,42.0,Robertport,2024-10-13
U01499,Alexis Pham,ttaylor@example.com,M,48.0,Melissachester,2024-03-02
U01503,Patrick Kane,rodriguezsheryl@example.org,M,40.0,,2025-03-31
U01007,Albert Perry,joshuaford@example.net,Other,48.0,Coltonbury,2024-01-20
U04698,Edward Ramsey,emiller@example.net,M,67.0,North Courtney,2025-01-31
U03143,Devin Brown,hayley21@example.com,Other,67.0,Norrisview,2025-10-12
U02012,Shannon Chung,jross@example.org,F,68.0,Maldonadoburgh,2024-03-30
U03841,Kevin Ruiz,kimberly91@example.org,Other,50.0,Port Cassandramouth,2024-07-17
U01468,Alex Huff,sarah80@example.org,F,22.0,Shannonport,2025-02-01
U01226,Nathaniel Walter,jamietyler@example.com,Other,51.0,Lake Lisa,2024-10-07
U03876,Ryan Peterson,jessicagreer@example.org,F,55.0,Stonetown,2025-05-19
U04088,Anna Adams,steve25@example.com,M,31.0,Heatherborough,2025-12-06
U02471,Mark Spencer,seth37@example.org,F,56.0,Roberttown,2024-12-12
U04318,Brandon Wood,clarkmatthew@example.com,F,40.0,Ericborough,2024-11-24
U01217,Mark Weaver,thomasdavid@example.net,M,26.0,Port Kathleen,2024-12-21
U04214,George Reed,ocardenas@example.org,Other,20.0,Christopherberg,2024-09-23
U03823,Gary Moyer,gentrykatherine@example.net,Other,19.0,East Samuelchester,2024-06-07
U00421,Linda Fox,meyershannon@example.org,F,59.0,New Amanda,2025-12-26
U03741,Rachel Ingram,erica29@example.net,F,47.0,Martinezhaven,2024-02-17
U00007,Scott Cole,maryramirez@example.net,F,52.0,Simsview,2024-11-23
U00933,Diana Mejia,kennethpeterson@example.net,F,63.0,Mitchellfurt,2024-08-26
U01692,,wscott@example.net,M,51.0,Richardland,2025-12-04
U00440,Michele Edwards,nelsonchristopher@example.org,M,68.0,Shannonport,2024-06-12
U01314,David Cook,ryanhart@example.net,M,31.0,North Annetteberg,2024-06-24
U00679,Theodore Myers,andersonrobert@example.net,Other,41.0,South Stephanieborough,2024-04-10
U01944,Kyle Ruiz,alvarezstephanie@example.com,Other,40.0,Kennethton,2025-09-29
U02115,Charles Anderson,christopher78@example.org,F,27.0,West Gabrielleshire,2024-05-14
U03207,John Davidson,tracy56@example.net,F,64.0,Gabrielhaven,2024-08-20
U04810,Amanda Torres,hannah74@example.org,F,34.0,Petersonstad,2025-12-23
U02979,Mary Maxwell,wrightcynthia@example.org,Other,61.0,Nancymouth,2025-01-13
,Mr. Andrew Williams,roberttran@example.net,M,,Reedside,2025-09-12
U03321,David Reid,eric16@example.net,Other,27.0,Jeffreybury,2025-06-02
U01065,Shane Mcintyre,ryankathryn@example.net,F,26.0,East Craig,2024-09-17
U02877,April Tanner,carlos26@example.net,M,57.0,Pearsonview,2025-04-18
U01475,Michaela Campbell,preyes@example.net,F,62.0,Selenachester,2024-01-25
U03685,Laurie Nunez,shaun92@example.net,Other,56.0,South Lindsey,2025-07-02
U03821,Kayla Wolfe,icarter@example.net,M,26.0,East Katherine,2025-10-16
U02655,Marcus Baker,anthonycross@example.net,M,64.0,West Stephanie,2024-05-23
U02022,,manningbrandi@example.com,M,64.0,Williamsonside,2024-02-15
U03850,Mrs. Tiffany Monroe,tholt@example.net,M,64.0,Olsenland,2025-07-17
U03810,George Johnson,butleramanda@example.org,F,58.0,South Chelsea,2024-06-16
U01131,Karen Roach,xherrera@example.org,F,61.0,West Dana,2024-05-13
U01462,Katherine Walker,gonzalezbrittany@example.net,F,61.0,Port Robertside,2025-07-08
U04728,Misty Williams,damon26@example.com,F,69.0,West Alex,2025-03-25
U04897,Brian Baker,scottbonilla@example.com,M,59.0,Pamelabury,2024-01-17
U03205,John Sullivan,rodriguezpeter@example.org,Other,41.0,New Margaretchester,2024-07-03
U00223,Makayla Steele,tapiaaaron@example.net,Other,59.0,,2024-03-22
U04843,Alexis Rasmussen,jessicabrown@example.org,Other,51.0,New Wesley,2025-07-31
U00049,Brooke Alexander,vanessa46@example.net,M,65.0,Stephenport,2024-05-31
U00574,Jessica Mora,fwilcox@example.org,Other,53.0,Lake James,2025-11-28
U01237,Melinda Jackson,uclark@example.com,Other,,Hillport,2025-10-24
U03872,Melinda Perkins,allenjoseph@example.net,Other,37.0,East Julie,2024-05-02
,Jennifer Adams,xparker@example.net,M,21.0,New Alexisview,2025-10-18
U04695,Anthony Harmon,joshua68@example.net,Other,34.0,Allenborough,2025-04-12
U00268,Sarah Brooks,kenneth17@example.org,Other,27.0,Vanessamouth,2025-09-27
U01105,Sara Johnson DVM,riveraclinton@example.com,F,63.0,Ballardfurt,2025-05-30
U01936,Thomas Joseph,gregorybrock@example.org,M,54.0,New Patrick,2025-07-22
U00387,Suzanne Spencer,schmidtshannon@example.com,M,61.0,Shawnhaven,2024-10-10
U03614,Cassandra Marks,brandon80@example.com,M,65.0,Andrewmouth,2025-02-18
U04234,John Webb,jameshiggins@example.net,F,49.0,Port Jeanne,2024-02-07
U03907,Monica Welch,donaldbrown@example.com,F,21.0,Bartlettberg,2024-09-09
U04576,Joshua Rogers,hendersonalexis@example.org,F,49.0,West Jill,2025-12-05
U01564,Kevin Watkins,zcollins@example.org,Other,29.0,Port John,2025-05-11
U02754,Victor Robinson,charleslee@example.net,M,48.0,Frankberg,2024-02-06
U00210,Lisa Maxwell,abbottdominique@example.com,F,46.0,New Catherine,2024-05-23
U00910,Russell Nelson,,M,60.0,Melissafurt,2025-01-03
U01290,Jesse Smith,andre55@example.com,F,36.0,West Michelleland,2024-04-14
U04539,Maria Eaton,anna74@example.com,F,61.0,East Jimmyland,2025-03-19
U03385,Kevin Klein,wellsvalerie@example.net,Other,51.0,Lynchville,Invalid_Data
U01843,Elizabeth Rowland,vbaker@example.net,Other,54.0,Andrewtown,2025-01-10
U04274,Ryan Rodriguez,paul49@example.org,F,32.0,Tannerhaven,2025-04-22
U04490,Brandon Edwards,gabriellearcher@example.net,F,66.0,Shawnville,2025-02-19
U00959,Kayla Trevino,morseronald@example.org,F,49.0,Martineztown,2024-05-04
U01794,Dillon Clark,parkerrobert@example.net,M,53.0,Kelleyville,2024-04-26
U02089,Ana Zimmerman,abigail56@example.com,F,30.0,Williambury,2025-12-24
U00332,Rebecca Hughes,ckeith@example.net,Other,61.0,Dakotahaven,2025-04-14
U02562,Laura Black,adrianmcneil@example.com,F,41.0,Peterville,2025-07-01
U03211,,hartjames@example.net,Other,61.0,Lake Dakotaburgh,2025-01-08
U02299,Karen Owens,qcampbell@example.org,M,60.0,Port Timothymouth,2024-09-22
U01775,Tiffany Bender DVM,qcastillo@example.com,F,35.0,North Brent,2025-11-10
U02755,Shannon Stokes,wadesherry@example.org,Other,48.0,Salasland,2025-11-20
U02861,Melissa Valencia,dperry@example.net,F,32.0,Katherineport,2025-12-29
U04536,George Gibson,xkim@example.org,M,19.0,Smithburgh,
U02202,Jennifer Pennington,elizabethbrennan@example.net,Other,66.0,Port Kenneth,2025-07-01
U02906,Sabrina Jenkins,,Other,46.0,Frenchland,2024-04-04
U02155,Leah Henderson,ithornton@example.com,M,33.0,West Stephanie,2025-12-28
U03683,John Howell DDS,scottmiddleton@example.com,M,,Alvaradoburgh,2025-06-01
U03899,Angela Martin,wayne44@example.net,M,,North Raymond,2024-08-26
U01367,Misty Meyer,markbates@example.com,F,28.0,New Dillon,2025-10-23
U00174,Jeffrey Hawkins,fgarcia@example.com,F,,New Carlymouth,2025-09-29
U03108,Debra Fisher,ballarddeanna@example.org,F,25.0,Sheppardbury,2025-04-12
U03640,Sarah Gordon,Invalid_Data,F,47.0,West Jessicaburgh,2024-10-03
U02223,Cheyenne Miller,deborahwright@example.net,M,48.0,Jeffreyland,2025-10-16
U01953,Mark Crane,,M,19.0,Heathermouth,2024-06-19
U04194,Corey Berry,medinateresa@example.com,F,29.0,Michellechester,2025-11-22
U02037,Christine Kim,aspencer@example.com,Invalid_Data,37.0,Christinatown,2024-03-15
U02988,Bradley Trujillo,shawsteven@example.org,M,29.0,East Eric,2024-12-10
U03605,Jeffrey Moreno,emccall@example.org,Other,64.0,Pattersonberg,2025-05-23
U03999,Craig Peterson,jaredboyd@example.net,F,43.0,Kristinland,2025-06-24
U00001,Megan Orr,richard04@example.com,Other,49.0,South Kristi,2025-03-25
U01357,Jasmine Cohen,floresjulie@example.org,F,20.0,,2025-10-24
U04674,Rebecca Smith,angela58@example.net,F,45.0,Taylorborough,2025-05-19
U03607,Jack Chavez,juliedean@example.net,F,69.0,East Roberto,2025-09-03
U02418,James Cobb,davenportstephanie@example.com,Other,53.0,Jasminetown,2024-10-24
U00397,Abigail Joyce,melissasmith@example.net,F,55.0,Samanthahaven,2025-02-16
U03781,Pamela Crane,lauriehenderson@example.net,F,38.0,Ryanville,2024-04-15
U02569,Tamara Clark,stephanie90@example.com,M,59.0,Coxmouth,2024-12-01
U01813,Mariah Wang,julianlewis@example.net,F,54.0,New Amandabury,2025-03-04
U03456,Maria Clark,anthonyjones@example.org,M,66.0,Port Daniel,2024-12-01
U03411,Barbara Powell,foxann@example.net,M,19.0,Cynthiahaven,2025-04-27
U00817,David Thompson,chadsullivan@example.com,F,56.0,Savagehaven,2024-06-11
U01573,Tony Brown,ramireztony@example.com,F,53.0,Lake David,2025-07-07
U03236,Briana Harris,belldavid@example.net,Other,21.0,Dianaburgh,2024-09-25
U01801,Krista Vargas,millerlindsey@example.org,M,54.0,East Kennethfort,2025-08-23
U04136,Breanna Watson,robinsonnicole@example.com,F,32.0,East Alexisville,
U03828,James Walters,kaufmangina@example.net,Other,69.0,Caldwelltown,2025-08-02
U02518,Amy Johnson,pedrobrown@example.org,F,44.0,Port Susanville,2025-05-08
U04513,Allen Vasquez,iallen@example.com,F,62.0,East Jamie,2025-01-03
U03476,Anthony Edwards,davischristine@example.org,Other,60.0,West Jacob,2025-09-18
U02654,Anna Collier,travis45@example.org,F,24.0,Port Jamesberg,2024-12-18
U03649,Desiree Sharp,jamesrodriguez@example.net,F,22.0,South Jeremy,2025-08-19
U03299,Mario Ramirez,anthonyfoley@example.org,Other,22.0,Lake Wesleyhaven,2024-12-05
U03459,Shelby Walker,stephanie11@example.com,Other,57.0,Kimberlybury,2025-02-21
U00555,Christina Morales,jpowers@example.org,Other,25.0,Lake Jacquelineburgh,2025-03-03
U01160,,dford@example.com,Other,49.0,East Joann,2024-10-14
U01214,Zachary Brooks,timothy29@example.com,M,43.0,New Bernardborough,2024-04-23
U02400,Lisa Miller,pcox@example.com,F,21.0,South Larryview,2024-10-08
U03933,Laura Jackson,jamiezimmerman@example.com,Other,65.0,Duffyfurt,2024-05-08
U02519,Angela Murphy,perrymeghan@example.com,Other,38.0,New Jonathan,2024-07-09
U02576,Mr. Jeff Salazar,richardsjennifer@example.com,Other,36.0,Melvinmouth,2025-12-28
U00701,Christopher Gonzalez,pthompson@example.com,Other,36.0,Barbaraborough,2024-07-23
U04294,Evan Stewart,uevans@example.org,F,27.0,North John,2025-12-24
U03351,Diamond Mcknight,heather91@example.org,M,25.0,East Stephanie,2025-06-27
U03617,Emily Santos,ismith@example.net,F,20.0,Clayfurt,
U01456,Allison Cunningham,michaelvillarreal@example.net,Other,19.0,Seanchester,2025-03-17
U04379,Jeremy Martinez,elizabethdiaz@example.org,F,49.0,Thomasport,2025-09-06
U03884,Allen Benson,michaelramos@example.com,M,68.0,Derektown,2025-02-07
U02195,Patricia Lawrence,martinezjessica@example.org,F,22.0,,2025-04-21
U00867,Shannon Barrera,rrodriguez@example.net,M,63.0,East Tiffanybury,2025-05-02
U01645,James White,jessica23@example.org,Other,43.0,New Virginia,2025-04-06
U03471,Stephanie Burns,kelly18@example.net,M,28.0,Cobbstad,2025-03-20
U03078,Daniel Ingram,catherinewhite@example.net,M,18.0,Invalid_Data,2024-09-15
U02649,Carl Rios,xmartin@example.com,Other,21.0,West Sarastad,2025-03-26
U01491,Miss Denise Leach DVM,areynolds@example.org,Other,53.0,Kristinaview,2024-05-04
U02993,Melissa Ochoa,hicksdavid@example.com,F,37.0,Brookefort,2024-02-17
U00730,Courtney Fitzgerald,melissaluna@example.com,M,42.0,North Amy,2024-09-09
U02961,Edward Perkins,donnagomez@example.net,F,62.0,,2024-08-19
U02693,,wongsean@example.com,F,67.0,Stevenport,2025-05-30
U01937,Nancy Williams,rose88@example.com,F,40.0,,2025-05-03
U01111,Kathleen Munoz,sharon86@example.com,Other,58.0,Lake Angelamouth,2024-07-04
U04246,Jacob Lindsey,msmith@example.net,,36.0,East Curtis,2025-04-27
U04670,Joanna Brown,tdecker@example.net,M,30.0,Port Meagan,2024-07-10
U01186,Dr. Nathan Ellis MD,samanthacastillo@example.net,F,23.0,Laurabury,2024-03-03
U02008,Amanda Hess,rstewart@example.net,M,44.0,Brownside,2024-07-30
U00194,Dylan Norman,hdunn@example.net,Other,55.0,West Kimberlystad,2025-02-06
U01516,Robert Smith,gregorysmith@example.org,Other,69.0,Murrayfurt,2024-03-30
U00579,Jacob Donaldson,carpenterjorge@example.net,M,47.0,Conradmouth,2024-04-12
U02124,Steven Barnes,anthonyjohnston@example.net,F,70.0,Port Isabellamouth,2024-12-20
U01430,April Duncan,djones@example.com,F,56.0,Lake Rachel,2024-12-14
U04997,Michelle Chapman,talexander@example.net,M,62.0,North Jessica,2024-01-12
U01479,Zachary Rodriguez,michaelcampos@example.net,M,60.0,Port Morgan,2025-06-12
U01847,Christopher Howard,moorenicholas@example.net,F,38.0,Mauriceton,2024-03-29
U00132,Vickie Wise,hannahburns@example.com,,37.0,Annview,2024-08-04
,Katherine Johnston,markramirez@example.com,M,58.0,Danielshire,2024-06-01
U04665,Dustin Brennan,john67@example.com,F,59.0,Robertbury,2024-03-03
U03577,Paula Brown,aleczavala@example.org,Other,29.0,Wellsberg,2025-05-20
U04822,Richard Contreras,amanda85@example.net,Other,56.0,Osborneport,2024-08-14
U03203,Kelly Duncan,fstevenson@example.net,,64.0,Spearston,2024-09-17
U04287,Yvonne Powell,davisstephanie@example.org,M,38.0,South Frankhaven,2024-04-16
U02074,Michael Jenkins,jefferywalker@example.org,Other,61.0,North Stephanieville,2024-05-10
U00659,Daniel Castillo,lindsay63@example.com,Other,61.0,Port Veronica,2024-09-28
U01897,Keith Good,yjohnson@example.net,Other,43.0,North Christina,2025-08-28
U03624,Daniel Grimes,wileycynthia@example.org,M,37.0,,2024-03-21
U03838,,sheenabrown@example.net,Other,18.0,South Michael,2025-09-29
U00343,John Hall,campbellnancy@example.com,Other,37.0,Jacobtown,2025-03-04
U03232,Melissa Elliott,torresmelissa@example.com,M,18.0,Martinezmouth,2025-03-26
U00728,Maurice Solis,georgekyle@example.net,M,43.0,West Wendyshire,2024-12-21
U04118,Invalid_Data,lewisthomas@example.org,Other,69.0,North Micheal,2025-02-13
U00977,William Bowen,zachary66@example.net,Other,25.0,North Jameshaven,2024-04-23
U04682,Samantha Prince,mackrebecca@example.org,Other,49.0,Port Philipmouth,2024-02-18
U03247,Diane Skinner,sgould@example.com,Other,32.0,Lake Juliemouth,2024-06-22
U01929,Sara Harper,garzazachary@example.org,F,67.0,South Billy,2024-08-12
U02847,Jessica Hill,brendaparrish@example.org,F,68.0,Jackstad,2024-09-29
U03539,,austinpollard@example.org,M,29.0,West Michelle,2024-03-04
U01300,,hlee@example.com,F,47.0,Derekshire,2024-11-02
U03263,Rebecca Brown,ithompson@example.com,F,60.0,Paulborough,2024-08-11
U04799,Christopher Gates,michaelmckee@example.org,M,70.0,South Wendymouth,2024-05-12
U00661,Christopher Abbott,gregorysmith@example.com,F,64.0,North Marieberg,2024-10-09
U01791,Michele Hughes,,M,48.0,Tonyamouth,2025-10-14
U03128,Cynthia Smith,daviseric@example.org,M,39.0,Anthonyborough,2025-09-19
U03035,Judith Hernandez,froberts@example.net,F,44.0,Webershire,2024-11-30
,Jeffrey Johnson,johnhuff@example.org,M,51.0,Smithmouth,2024-12-29
U02385,Mark Gray,,Other,57.0,,2024-03-26
U03853,David Sanders,ashley70@example.com,Other,23.0,South Kenneth,2025-12-11
U02946,Claudia Howard,paigeyoung@example.org,,38.0,Sarahtown,2025-06-21
U03930,William Williams,spencermichael@example.net,M,34.0,Lake Mistyhaven,2025-07-21
U04646,Janet Contreras,jessica20@example.com,M,54.0,Lake Lorimouth,2024-12-16
U01279,Nicole Williams,andrew91@example.com,F,47.0,Hickmanshire,2024-06-23
U03353,John Walters,marquezconnor@example.net,F,41.0,West Aaronbury,2025-01-13
U01622,Karen Stephens,john39@example.net,F,59.0,Jamesland,2025-04-11
U03292,Jessica Morales,stevensedward@example.net,M,34.0,East Matthewfort,Invalid_Data
U03085,Veronica Zimmerman,fordedward@example.com,M,67.0,Robbinsbury,2024-08-27
U00068,Jeffery Ortega,stephanie71@example.org,M,37.0,North Ryanstad,2025-08-22
U04613,George Fox,kathyhudson@example.com,M,39.0,Port Stacy,2024-11-01
U02312,April Murphy,julian02@example.net,Other,51.0,Port William,2025-04-22
U04120,Alex Watkins,glassalexis@example.org,M,65.0,New Craigfurt,2024-03-01
U00821,Mr. Ricky Craig III,mcneilsherry@example.org,F,20.0,Fowlershire,2024-03-18
U01227,Mitchell Randolph,jmedina@example.com,M,44.0,West Davidfurt,2025-08-23
U04653,Stephen Moran,lewischristopher@example.org,F,54.0,East Christopherview,2025-03-21
U04372,Leah Owen,denisecook@example.net,F,25.0,Gainesside,2025-11-26
U02895,Devon Foster,robert85@example.net,F,43.0,Jocelynshire,2024-01-24
U02992,Timothy Frazier,davisronald@example.com,Other,38.0,East John,2025-08-24
U04656,Molly Baker,michaelpalmer@example.org,,41.0,Peterhaven,2025-08-23
U04457,Denise Obrien,fwebster@example.org,M,56.0,New Kevin,2024-10-25
U03661,Monica Atkins,lindasmith@example.net,F,33.0,Henryberg,2024-09-11
U01144,Stacey Huerta,casey29@example.com,Other,70.0,Rangelville,2026-01-01
U00398,Brittney Johnson,eric45@example.net,F,70.0,East Jonathan,2024-08-13
U03169,,jessica25@example.org,M,49.0,East Sherry,2025-11-22
U04489,Susan Johnston,samantha38@example.org,Other,26.0,Taylorstad,2025-09-30
U03009,Ashley Woods,davidlong@example.org,M,54.0,East Nathan,2025-04-25
U01399,Sonya Alvarado,karla66@example.net,M,23.0,Ginashire,2024-02-04
U01660,,jodysmith@example.net,M,62.0,East Theresa,2024-08-09
U02221,Dana Evans,trevinoduane@example.org,Other,53.0,North John,2024-04-12
U00980,Claudia Brooks,wileysherry@example.com,F,53.0,Lake Katelyn,2024-04-13
U01299,Caroline Bernard,veronicasmith@example.net,Other,65.0,Barbaraborough,2025-01-01
U03086,Anthony Burton,udorsey@example.net,F,69.0,Rodriguezborough,2024-05-23
U00083,Emily Hayes,woodjustin@example.net,M,50.0,New Brookefurt,2024-12-10
U03208,Robert Hobbs,robinsonjulie@example.com,M,60.0,North Jeffery,2024-04-09
U04191,Dawn Davis,smorgan@example.org,Other,19.0,Smithfurt,2024-05-12
U04085,Cindy Jones,sandersrobert@example.net,Other,,South Genefurt,2025-04-02
U04117,Adrian Barajas,markbuck@example.net,F,39.0,Timothyborough,2025-03-26
U02493,Paula Roberts,robinsonchristian@example.org,Other,36.0,Port Chad,2024-03-22
U00424,Jerry White,nicoledavis@example.com,F,20.0,Lake Jessica,2024-03-13
U04528,Joseph Berry,teresascott@example.org,Other,56.0,Thomasmouth,
U01905,Michelle Wilkerson,kgarrison@example.com,Other,,Myerstown,2025-02-17
U02279,Jerry Harris,,F,47.0,Chelseafort,2025-09-14
U04092,Samantha Wilson,leonpeter@example.com,M,29.0,Johnborough,2024-05-27
U03524,Andre Chase,smithrobin@example.com,M,63.0,Debrahaven,2025-01-20
U01566,Beth Solomon,davismax@example.org,F,36.0,Lake Karen,2024-01-11
U03668,Timothy Lopez,jennifer55@example.org,M,23.0,Port Jeremy,2025-08-18
U00840,Craig Mathis,suzanne19@example.net,Other,46.0,Gabrielborough,2025-12-04
U00501,Karen Yates,chavezjohn@example.net,Invalid_Data,23.0,Lake Jessicaborough,2024-04-13
U00142,Deborah Ward,bryanwilson@example.com,Other,66.0,South Gina,2025-11-11
U01378,Nichole Vasquez,,M,39.0,Port Kimberlytown,2024-10-23
U04038,Leslie Wagner,belltheresa@example.com,Other,60.0,,2025-08-13
U02267,Elizabeth Santos,jessicalandry@example.org,M,38.0,Port Lisa,2024-11-03
U02332,Amanda Tran,laceydecker@example.com,Other,23.0,South Kristaport,2025-10-15
U01139,Scott Brown,edwardsrachel@example.org,F,65.0,East Kyle,2024-02-24
U04995,Erin Turner,davidramos@example.com,M,30.0,Parksberg,
U02772,Samantha Phillips,bryancox@example.com,F,23.0,East Christopher,2025-11-22
U01788,Daniel Walters,bbryan@example.org,Other,50.0,West Joelstad,2025-01-05
U02795,Sherry Humphrey,laurenpeters@example.com,Other,50.0,Ruizfort,2024-07-12
U00551,Jose Fisher,dominguezbrianna@example.com,Other,45.0,Hudsonmouth,2025-02-28
U03387,Carl Hicks,thomasgreen@example.org,M,21.0,North John,2025-07-13
U02020,Diana Williams,tina83@example.org,M,39.0,West Calebfort,2025-12-02
U00949,Kristen Pena,michaelgonzalez@example.org,M,66.0,Heathbury,2024-08-06
U02464,Megan Salas,patricia63@example.com,F,50.0,North Morgan,2024-01-07
,Catherine Cox,millerderek@example.com,M,63.0,East Jose,2025-04-06
U00533,,harrisonrebekah@example.org,M,27.0,West Elizabethville,
U02958,Nathaniel Arnold,ashley99@example.net,M,47.0,Gonzalezstad,2024-12-05
U01830,Michael Rojas,vcole@example.com,M,51.0,Portermouth,2024-09-14
U03180,Daniel Lozano,simongabrielle@example.org,F,69.0,New Johnchester,2024-12-26
U04615,Kayla Scott,pittmanrobert@example.net,Other,39.0,Chambershaven,2025-07-01
U04163,Megan Johnson,vvasquez@example.org,F,47.0,Brianchester,2024-04-21
U01603,Eric Ponce,hammondjeff@example.com,M,31.0,South Victoriaton,2024-05-31
U02239,,michael56@example.net,Other,,Thomasfurt,2024-09-14
U00640,James Miller PhD,ryanpatricia@example.net,Other,48.0,Chambersstad,2025-12-17
U03628,Holly Gonzalez,gonzaleseduardo@example.org,Other,39.0,South Jamie,2025-09-15
U00968,John Smith,huangbrett@example.net,M,43.0,Colemanfort,
U04423,Sydney Green,nelsongary@example.net,Other,63.0,Cuevasstad,2025-09-14
U02860,Stacy Cox,hsolis@example.com,M,22.0,East Nathan,2025-12-16
U01684,Courtney Hurst,umclaughlin@example.org,M,42.0,Nguyentown,2024-10-29
U02249,,millershannon@example.org,F,63.0,West Timothy,2025-01-20
U04669,Kelly Moss,hannahsmith@example.net,M,25.0,West Danielmouth,2024-12-13
U04079,Scott Dixon,rebecca28@example.com,F,67.0,Port Nancyhaven,2024-06-25
U00156,David Rivera,,,48.0,North Joseph,2025-05-13
U02296,Sean Murray,athompson@example.org,Other,34.0,Sanchezfurt,2024-11-26
U04561,Jamie Crawford,richardbarnes@example.net,M,29.0,West Christopher,2025-11-15
U03093,Keith Foster,zachary21@example.org,M,28.0,East Tara,2024-04-09
U01090,Erika Lyons,kayla23@example.net,F,68.0,Joystad,2025-07-30
U02893,Chelsea Lara,alvingrimes@example.com,F,32.0,Jessicamouth,2025-12-14
U04426,Jeremy Jones,yjenkins@example.org,F,22.0,Lake Shelbyborough,2024-09-08
U00289,Rebecca Wilson,jarvismegan@example.org,F,65.0,Pruittfort,2025-08-15
U00931,Lynn Yang,eroberts@example.net,M,39.0,Lake Isaac,2025-07-19
U02761,Melissa Haynes,singletonnicole@example.net,Other,55.0,Invalid_Data,2025-07-17
U02466,Jeremy Wiley,james36@example.org,Other,62.0,Lake Kathyton,2024-03-26
U03687,Sandra Mcknight,wardmartin@example.org,F,20.0,East Chad,2025-04-24
U02577,William Johnson,qwilson@example.org,M,51.0,South Terri,2024-07-19
U04479,Tammy Williams,philip09@example.net,F,62.0,,2025-10-05
U00943,Mr. Christopher Evans,,M,21.0,Harperside,2024-12-23
U04153,Daniel Rogers,matthew79@example.com,F,28.0,Lake Steventon,2024-12-20
U04867,Joanne Gonzalez,donnaarnold@example.net,F,63.0,Christineport,2024-03-26
U01699,Amber Lewis,jennifer61@example.net,F,57.0,Deannatown,2025-11-03
U04915,Sharon Roberts,,Other,,New Jonathan,2025-06-19
U04719,Katherine Olson,williamssteven@example.org,F,19.0,Warrenborough,2025-04-30
U02729,Christian Nguyen,rallen@example.com,F,65.0,Jamiechester,2024-06-21
U03065,Bryan Mendez,,Other,56.0,West Michelle,2025-11-19
U03350,Heidi Sloan,kaitlynguerrero@example.net,Other,54.0,Josephbury,2025-07-27
U00986,Chelsea Howard,stevenlopez@example.org,M,26.0,Lambmouth,2025-03-15
U03214,Lisa Love,vanessa03@example.com,Other,36.0,Jefferyborough,2025-05-08
U03722,Michael Scott,rwashington@example.net,Other,46.0,Jacquelineburgh,2024-08-02
U02424,Erika Morales,lnielsen@example.net,F,53.0,New Lisa,2025-02-23
U04987,Marcus Taylor,johnjohnson@example.org,F,37.0,Williamshire,2025-07-17
U00982,Jeffrey Davis,beth58@example.com,M,30.0,North Stephanie,2025-03-09
U02715,Denise Ross,irichardson@example.com,Other,48.0,South Kathleen,2025-03-02
U02647,Jamie Stephens,michaeldunn@example.org,,25.0,Patriciaside,2025-07-26
U03455,Monica Wilkerson,twagner@example.net,M,29.0,Lake Markfurt,2025-04-25
U04315,Valerie Rivera,daviscaitlin@example.net,M,37.0,Lake Monicaland,2024-02-14
U04743,Evan Barajas,monicapatterson@example.com,Other,44.0,North Toniburgh,2025-06-07
U03788,James Thomas,perkinsdeborah@example.net,M,60.0,West Alexanderfort,2025-10-12
U04293,Robin Nguyen,kevin46@example.net,Other,38.0,Toddhaven,2024-02-25
U01458,,mariahlyons@example.com,Other,31.0,North Brianview,2024-10-27
U01396,Craig Hammond,anthonygilbert@example.com,Other,27.0,Deleonland,2025-06-15
U00265,Deanna Rivas,mitchellpaul@example.org,F,44.0,Port Jeffrey,2024-06-19
U03044,Kimberly Jensen,,M,22.0,Lake Tyroneton,2024-11-13
U00930,Dana Carter,phyllis59@example.net,F,47.0,Lake Brandonstad,2025-12-01
U03691,Amy Banks,nlee@example.net,Other,66.0,West Rachelfort,2025-09-08
U02477,James Watts,yrodriguez@example.org,Other,31.0,Rodriguezport,2025-02-10
U02179,Mathew Vaughan,holly41@example.com,F,63.0,New Felicia,2025-04-05
U04744,Natalie Taylor,aaronjohnson@example.org,F,63.0,Port Amanda,2025-01-15
U00247,Laura Chang,franciscojones@example.org,F,66.0,Andrewview,2025-12-02
U03923,Jason Aguirre,garciakathy@example.net,Other,61.0,North Destinyport,2025-05-13
U01759,Alexander Colon,molly46@example.org,Other,21.0,Rodriguezburgh,2025-02-09
U01530,Chad Adams,donaldhahn@example.com,F,42.0,South Brianview,2025-06-17
U03064,Renee Kelly,ebeck@example.com,Other,29.0,West Shirley,2024-10-15
U00924,Amber Kennedy,mstewart@example.net,M,69.0,Rhondamouth,2024-07-02
U04432,Maria Thompson,ochoatroy@example.com,F,56.0,Amberberg,2024-03-06
U00269,Michael Stafford,jacob83@example.org,F,30.0,Guerreroberg,2025-06-17
U00670,Maria Hartman,coreyjones@example.org,Other,23.0,West James,2024-09-03
U04023,Cassandra House,cball@example.net,Other,30.0,Craigberg,2024-08-26
U01911,Dawn Molina,xclarke@example.com,F,42.0,East Morganview,2025-09-12
U03258,Brittney Ramsey,christopher23@example.org,F,62.0,Port Sheilafurt,2024-05-21
U01153,Crystal Williams,hughescolleen@example.org,Other,50.0,Rothfort,2025-03-24
U00564,Katherine Brooks,stewartrodney@example.net,,31.0,West Natasha,2025-11-21
U03775,Thomas Taylor,lwatts@example.com,M,70.0,South Crystal,2024-02-03
U04427,Jennifer Jones,jennifer15@example.net,M,70.0,Lake Sabrina,2025-04-09
U01782,Richard Howard,robertmoore@example.org,F,54.0,Wendytown,2024-01-13
U02308,Alice May,hillfrank@example.org,Other,61.0,North Jessica,2025-03-01
U04462,Lawrence Brooks,marybean@example.com,M,65.0,South Mary,2025-04-03
U03254,Jodi Morgan,michelle57@example.net,Other,44.0,South James,2025-02-07
U01916,Dr. Theresa Sandoval,briannamclaughlin@example.net,Other,68.0,East Malik,2025-02-14
U00613,Stephanie Brown,robert84@example.net,F,66.0,Reginatown,2025-09-02
U02620,Jessica Lin,gharvey@example.net,F,66.0,Lawrenceside,2025-01-24
U02268,Invalid_Data,kyle01@example.net,Other,30.0,Lake Krystalport,2024-07-21
U04865,Nicole Hill,brandibautista@example.org,M,49.0,New Patricia,2024-01-21
U01899,Rachel Benson,owensamber@example.com,F,61.0,Shawtown,2024-10-15
U01650,Cameron Phillips,,Other,54.0,North Shawnburgh,2025-12-07
U02671,Joel Smith,richard96@example.com,,33.0,Port Jennifer,2025-12-28
U00259,Mr. Andrew Hill,christinebecker@example.com,M,32.0,South Pamelamouth,2025-05-25
U00848,John Gallegos,rcummings@example.com,M,19.0,Richardside,2025-07-26
U04438,Christopher Hill,isaac84@example.org,M,62.0,Lake Tarabury,2025-03-25
U01234,Tabitha Ramirez,allenkyle@example.net,M,40.0,Griffinbury,2024-03-20
U01128,Jennifer Ferguson,jennifermorris@example.org,M,60.0,North Gabrielle,2024-01-11
U02688,Shelly Dunlap,mary70@example.net,M,64.0,West Anthony,2025-06-13
U01968,Brandon Barker,brownchristina@example.org,F,37.0,New Joshua,2024-04-17
U00559,Jessica Lucas,harrisjoseph@example.org,Other,49.0,Kristineview,2025-05-02
U00905,Paul Morton,ritteralexis@example.net,F,57.0,,2024-02-17
U00485,Tammy Johnson,tracysmith@example.net,Other,56.0,East Jacquelineberg,2024-01-17
U02212,Clifford Contreras,holtalexandra@example.com,M,55.0,New James,2025-06-12
U01321,Misty Richardson,mary62@example.net,M,52.0,Port Rachelfort,2024-10-09
U03367,Mary Carlson,fwhite@example.com,M,65.0,Morrismouth,2024-03-25
U00008,Cynthia Rogers,taylorjesse@example.net,M,26.0,Lake Jason,2024-11-05
U02316,Michele Byrd,rangelteresa@example.net,M,50.0,Riverahaven,2025-09-11
U02791,Edward Greene,tdiaz@example.net,M,56.0,Lisachester,2025-04-09
U03485,Thomas Weber,moralesjessica@example.org,Other,70.0,South Taramouth,2025-09-30
U01451,Christopher Sanchez,iskinner@example.com,F,41.0,Hamiltonville,2024-02-08
U01202,Cheryl Smith,david21@example.org,M,35.0,Shaunville,2024-11-10
U01815,Darryl Hernandez,rhonda67@example.net,Other,33.0,Kathrynside,2025-12-30
U00774,Cheryl Olsen,gcohen@example.org,F,68.0,South Karen,2024-10-13
U02275,Anna Jones,chelseasmith@example.net,F,50.0,Port Laura,2024-04-08
U01012,William Hawkins,,F,28.0,South Catherine,2025-09-19
U03072,Tiffany Smith,daylee@example.net,F,52.0,Cameronview,2025-10-21
U03183,Mindy Rodriguez,taylorclaudia@example.net,Other,42.0,Nathanbury,2025-08-30
U01992,,carrillobrianna@example.com,M,39.0,Adamborough,2024-06-02
U01278,Kathy Schmidt,ryandodson@example.org,F,50.0,Maynardshire,2025-02-09
U01784,Vanessa Reed,mitchellmichelle@example.com,M,34.0,North Bruceburgh,2024-06-15
U03394,Joshua Stewart,lori50@example.net,F,60.0,Amytown,2024-08-27
U00447,Ashley Brown,tmyers@example.net,Other,18.0,Jensenport,2024-09-05
U00881,Kayla Love,zacharyhart@example.com,F,63.0,East Patty,2025-04-18
U04658,Deanna Evans,michael89@example.net,M,27.0,New Bryanfurt,2025-11-16
U00782,Melissa Lopez,charlessanchez@example.net,Other,39.0,Garciahaven,2024-04-16
U01750,Denise Cunningham,josephcuevas@example.org,Other,58.0,North Christineport,2024-03-19
U03707,Amy Johnston,david79@example.net,Other,69.0,Ramoschester,2025-05-14
U04714,Jessica Freeman,ariascrystal@example.net,Other,33.0,West Zacharyville,2025-03-22
U01679,Henry Norris,nkirby@example.org,M,18.0,North Shannonside,2025-05-30
U04510,Joseph Dyer,tcarey@example.net,Other,61.0,Port Taylor,2024-05-10
U00884,Kimberly Underwood,nvillarreal@example.org,,70.0,Thomastown,2024-05-21
U02590,Katherine Weaver,jmccormick@example.org,F,24.0,South Jamesburgh,2025-05-27
U01092,Cody Reyes III,zbell@example.com,Other,36.0,Kariburgh,2024-08-29
U03684,Lisa Howell,paultrujillo@example.net,F,20.0,Michaelview,2024-03-25
U00532,,yvazquez@example.org,F,18.0,North Kimchester,2024-02-07
U02765,Kevin Cain,maria80@example.com,M,21.0,Lake Shirley,2024-07-16
U04237,Amy Schaefer,samanthahawkins@example.com,Other,52.0,Browningberg,2025-08-12
U03631,Andres Daniels,victoria46@example.net,Other,19.0,Port Denise,2025-12-22
U04279,Invalid_Data,jamesadams@example.org,F,28.0,Christophermouth,2024-01-16
U02291,Megan Gonzalez,jeffrey10@example.org,M,55.0,South Andrea,2024-10-08
U01728,Alison Norton,marthagriffin@example.net,F,41.0,West Leslieside,2025-09-27
U00611,Robert Gutierrez,hvillanueva@example.net,M,67.0,Sherrymouth,2024-04-22
U00571,Jocelyn Russo,jorgemcdaniel@example.com,M,26.0,Jameschester,2024-10-01
U02911,Mark Nixon,peter91@example.net,F,61.0,East Benjamin,
U03307,Andrew Allen,williamsroberto@example.org,M,64.0,Mackfort,2024-05-02
U00344,Adam Pena,robert12@example.com,Other,45.0,Joseside,2024-11-11
U03356,Phillip Woods,stephenking@example.com,,59.0,Brandonville,2025-05-02
U03432,Stephanie Holloway,knappjeffrey@example.net,F,52.0,Clarkborough,2024-10-27
U00435,Gregory Shaffer,alexharris@example.com,Other,31.0,Kristyport,2024-08-13
U01904,Tiffany White,fwelch@example.org,M,20.0,Fernandezchester,2025-11-21
U00098,David Fowler,fbrown@example.net,,38.0,Lake Zacharybury,2025-06-15
U04316,David Johnson,reyesshawn@example.com,M,43.0,Lake Michael,2025-09-29
U02070,Steven Hughes,audrey12@example.org,Other,32.0,Raymondborough,2025-03-14
U01538,Robert Wheeler,smithtimothy@example.net,F,38.0,New Audreyport,2025-02-20
U02989,Dustin Carter,forddennis@example.com,F,49.0,Bartonshire,2026-01-01
U02553,Sarah Torres,vthompson@example.net,Other,32.0,New Michael,2025-07-24
U01518,Antonio Ramsey,sarah31@example.net,M,51.0,Port Timothychester,2025-08-01
U00966,Christopher Elliott,lauramatthews@example.com,F,66.0,Barbarashire,2025-03-24
U04602,Alex Davis,ubarnes@example.net,F,54.0,East Joshua,2024-01-12
U00529,Samantha Smith,nathan76@example.com,M,29.0,North Jeffery,2025-01-08
U00177,,ncook@example.com,M,57.0,Scottchester,2025-08-25
U03806,John Hoffman,gpeters@example.org,F,25.0,Lake Thomas,2024-04-12
U04009,Steve Dawson,laurawilliams@example.org,Other,59.0,Emmachester,2025-01-30
U04485,Amber Kim,igill@example.org,Other,32.0,Coleside,2024-03-26
U00573,Caroline Morales,,Other,32.0,Georgeshire,2024-04-01
U04752,Scott Gonzalez,philipreese@example.org,Other,65.0,Johnport,2024-09-13
U03833,Cory Pitts,lisacollins@example.net,Other,45.0,Chapmanfurt,2025-06-20
U04339,Michael Patton,emanning@example.net,,37.0,South Claytonhaven,2025-11-02
U02681,Ricardo King,woodgregory@example.org,Other,24.0,Jenniferfurt,2025-10-19
U02375,Jeffrey Harper DVM,lee16@example.net,F,20.0,North Kara,2024-09-29
U04604,,rhawkins@example.com,F,19.0,Lauraside,2025-05-13
U02814,Luke Bass,nlowe@example.net,F,67.0,Lake Mary,2024-11-04
U02209,Hector Rhodes,evansmatthew@example.net,F,34.0,New Clinton,2024-06-08
U03300,Barry Higgins,hugheswilliam@example.org,Other,38.0,South John,2025-07-17
U03612,Steven Mullins,jthornton@example.net,M,47.0,Liustad,2025-02-05
U00384,Randy Wright,ndavis@example.com,F,69.0,North Michaelberg,2025-06-02
U00853,Raymond Webb,bakerkenneth@example.org,F,63.0,Angelicabury,2025-05-03
U01881,Billy Powers,torresmeghan@example.net,M,21.0,Mclaughlinport,2024-06-17
U00371,Joseph Jackson,alvaradomichelle@example.com,F,20.0,Mcdonaldside,2025-11-20
U02587,David Parks,briannareid@example.org,M,31.0,New Samantha,2025-08-01
U03354,John Grant,fsmith@example.net,,30.0,Harrisonfort,2025-08-03
U04512,Adam Powers,michael19@example.net,M,43.0,New Christopherhaven,2024-12-22
U01106,Greg Davis,gregory64@example.com,M,18.0,East Jorgeborough,2024-06-20
U02802,David Grant,wellsjasmine@example.com,F,51.0,Port Nicholas,2025-04-08
U02362,Francisco Hurst,usmith@example.com,M,62.0,Deborahborough,2025-04-17
U04201,David Hansen,hunterjamie@example.org,M,36.0,Garciaport,2024-08-23
U01337,Bryan Myers,zamorarose@example.net,F,43.0,West Connieview,2025-12-10
U02190,John Marshall,mmorris@example.com,Other,41.0,Phillipsside,2025-09-11
U04793,Stephanie Smith,downsdonna@example.com,Other,51.0,Lake Natalietown,2024-09-07
U02526,Brittany Harrington,marquezjessica@example.net,,59.0,West Donald,2025-10-25
U03636,Christina Gordon,jamie73@example.net,M,59.0,Port Angelahaven,2025-12-20
U03361,Taylor Collins MD,tmarquez@example.net,M,46.0,Vargasport,2024-11-02
U04780,Rachel Stafford,josephmorrison@example.com,M,19.0,North Theresa,2024-08-01
U01172,Stephen Mills,john66@example.net,M,65.0,West Joseberg,2024-08-10
U04402,Mrs. Jessica Leon,freemantracy@example.org,M,67.0,North Megan,2025-07-21
U04300,Brent Smith,sabrina37@example.com,M,47.0,Faithside,2025-10-20
,Luke Dixon,qreyes@example.net,M,,Lake Curtis,2024-02-14
U04444,David Salinas,armstrongmary@example.com,M,22.0,Tammymouth,2024-06-24
U02888,Cameron Campbell,whiteronald@example.com,Other,22.0,Chaseburgh,2024-06-17
U04338,James Lynch,druiz@example.org,F,40.0,Brownhaven,2024-06-12
U01465,Adrian Dawson,frederick62@example.org,M,34.0,South Brent,2024-12-08
U00875,John Gomez,ghenderson@example.com,F,53.0,Carlaburgh,2025-02-22
U02298,Sara Marquez,brianaallison@example.com,M,56.0,Cobbtown,2025-12-10
U04333,Alicia Roberts,ghill@example.net,Other,41.0,Mooreshire,2025-09-05
,Joshua Beck,williamsjason@example.org,F,49.0,,2025-06-13
U01252,John Hughes,smiller@example.com,F,59.0,Williamsfort,2024-02-25
U02556,Rebecca Smith,iwilson@example.com,Other,28.0,Port Pamelaport,2025-09-02
U00841,Stephen Henderson DDS,cindy96@example.com,F,41.0,New Michael,2025-10-24
U03352,Joseph Massey,kburch@example.net,Other,44.0,South Robertfort,2025-12-08
U00582,Mallory Gonzales,edgarhall@example.org,Other,43.0,Greenmouth,2024-11-21
U00205,Cynthia Rios,smiththomas@example.org,F,25.0,New Erin,2024-01-13
U01642,Melissa Owen,iharrington@example.org,Other,60.0,,2025-06-09
U02015,Tracie Johnson,williamsbrenda@example.org,M,46.0,,2025-02-15
U00906,Douglas Edwards,whitneyanderson@example.com,Other,23.0,Sandovalland,2024-03-02
U00632,Stephanie Williams,karenwillis@example.com,Other,56.0,Averyview,2024-02-20
U03380,Felicia Wolfe,jeffrey09@example.com,F,57.0,Lake Cassiemouth,2024-10-20
U01975,Jon Smith,wkennedy@example.com,Other,62.0,South Shawn,2024-04-16
U00163,Pamela Gutierrez,carloshernandez@example.org,Other,58.0,Brooksfort,
U03467,Angela Ramirez,bethlee@example.org,F,63.0,North Robin,2024-09-12
U03122,Colin Sanders,karen67@example.org,M,18.0,East Georgeshire,2024-08-12
U04694,John Jimenez,steven13@example.org,Other,55.0,Lake Jenny,2024-04-15
U02703,Miss Tracy Hansen DVM,dellis@example.com,F,50.0,Lake Dylanbury,2024-05-12
U00618,Krystal Kline DDS,michaelmitchell@example.net,Other,38.0,Lake Nicholas,2025-06-29
U00876,Erica Lane,johnbutler@example.org,Other,41.0,Kevinport,2025-02-24
U01432,Annette Mcguire,udaniel@example.org,F,24.0,East Benjamin,2024-02-08
U00548,Johnny Arellano,katie45@example.org,Other,21.0,New Brandonstad,2024-09-18
U03808,Christopher Gonzalez,dbrown@example.net,M,,East William,2024-02-29
U04745,Wendy Dean,michael67@example.net,F,70.0,South Shannonville,2025-05-19
U04407,James Reeves,victoria68@example.com,Other,69.0,Seanport,2024-11-14
U02599,Heather Bird,christopher60@example.org,M,21.0,New Angelaview,2025-02-16
U03102,Brenda West,tonychen@example.com,F,36.0,Weeksburgh,2024-12-18
U02700,Victoria Harrison,leonardaimee@example.net,F,32.0,Charlestown,2024-12-28
U04261,Diane Graves,iwerner@example.com,Invalid_Data,69.0,Sanchezville,2025-10-16
U01862,Brandy Kramer,singhjoseph@example.com,F,25.0,Lake Breanna,2024-05-09
U00641,Kyle Hughes,martinezmitchell@example.org,Other,27.0,Smithtown,
U03260,Steven Barron,christophercannon@example.org,M,28.0,West Richard,2024-01-27
U00638,Theresa Reid,qnelson@example.com,Other,59.0,Jasonmouth,2024-01-18
U03842,Christopher Bush,rachel38@example.net,F,44.0,South Mary,2024-11-28
U03779,Timothy Vasquez,erika16@example.org,M,61.0,Mendezstad,2025-07-23
U02309,Jay Mitchell,stewartmary@example.net,Other,18.0,New Amanda,2024-05-13
U03259,Kevin Dillon,pruittmichael@example.com,Other,45.0,Joshuaside,2025-03-30
U02097,Kristen Chavez,perezpamela@example.org,Other,47.0,East Michaeltown,2025-09-01
U04879,,melanie20@example.org,M,51.0,Hopkinsside,2024-07-05
U03359,Donna Rivera,miguelshaw@example.net,F,57.0,Sergiofort,2024-02-16
U04013,Donna Wise,peter42@example.org,F,59.0,Lake Williamport,2025-06-13
U03096,Brenda Smith,michaeltodd@example.com,F,32.0,New Eric,2025-03-25
U00922,Allison Lynch,william89@example.net,F,59.0,Shelbyfurt,2025-09-05
U00547,Phillip Carroll,rkeller@example.net,M,28.0,,2025-01-11
,Brian Contreras,michael62@example.net,Other,52.0,Tiffanyberg,2024-11-11
U01901,Miranda Thomas,murphyjames@example.com,F,31.0,North Thomasberg,2024-11-03
,David Thompson,reedcrystal@example.com,Other,45.0,Debrafort,2024-07-20
U02302,Dennis Sanchez,diana65@example.org,Other,25.0,Stephanieborough,2025-09-30
U01886,Crystal Wright,robin98@example.org,Other,23.0,North Randy,2025-04-22
U01643,Laura Ramirez,hernandezlinda@example.org,Other,40.0,Kimport,2024-02-23
U03834,Rachael Pineda,palmerkatherine@example.net,Other,70.0,West Danieltown,2024-05-27
U00503,Raymond Sawyer,xlopez@example.net,Other,65.0,Padillatown,2025-09-26
U02098,Emily Flores,kpennington@example.net,M,68.0,Port Adrian,2025-11-16
U04547,Marvin Juarez,arnoldevelyn@example.org,Other,67.0,West Davidport,2025-07-04
U03892,Darin Dennis,ufuller@example.com,M,60.0,Kaylaland,2025-09-07
U04693,Jasmine Ellison,christopherflores@example.net,M,51.0,,2024-02-10
U01529,Edward Guzman,davisemily@example.net,F,55.0,West Christopher,2025-06-11
U00837,Gregory Cooley,moorejudy@example.org,F,42.0,New Anthony,2024-01-23
U00602,Corey Cooper,williammatthews@example.net,F,40.0,Sandramouth,2024-04-11
U02185,Allen Chandler,bburnett@example.com,F,61.0,New Tylerfurt,2025-10-03
U04520,Laura White,abigailharris@example.com,M,45.0,New Debbie,2024-08-27
U04641,Jessica Watson,michael92@example.com,Other,47.0,South Ashley,2024-07-18
U04495,Catherine James,william49@example.net,F,25.0,New Deborahville,2024-08-22
U01583,Danny Butler,turnercassandra@example.org,M,52.0,Lopezburgh,2024-10-14
U04454,Megan Perez,ejones@example.net,M,37.0,West Denisemouth,2024-07-18
U02759,Michael Newman,nancymendez@example.net,M,33.0,East Brian,2024-08-31
U04141,Karl Hunter,ramosrenee@example.net,Other,47.0,Victorton,2025-05-02
U01071,Frank Armstrong,mmathews@example.net,Other,32.0,Hayesborough,2024-12-03
U01776,Valerie Robertson,johnwilson@example.org,Other,22.0,South Christopher,2024-03-17
,Gloria Parker,,M,53.0,Lake Jamesfort,2024-12-07
U01284,Carlos Curry,gary44@example.com,F,20.0,South James,2024-05-05
U03332,Nathan Jones,bradley89@example.net,M,39.0,Johnport,2025-02-14
U03579,Diana Wilkinson,emma83@example.net,Other,41.0,Thomasside,2025-06-15
U04963,David Blake,staceychen@example.net,Other,47.0,Christopherstad,2025-04-15
U01837,Olivia Dorsey,rossjames@example.org,Other,41.0,Ginaton,2024-08-06
U04428,,john12@example.org,M,19.0,New Katieshire,2025-11-11
U01020,Ashley Munoz,monica23@example.com,,38.0,North Kaitlynchester,2025-10-01
U04276,Brian Lynn,qharris@example.net,F,67.0,Nicoleside,2024-09-15
U01327,Debbie Rivera,mariawilliams@example.com,Other,70.0,East Leah,2024-06-16
U00476,Destiny Simmons,jonathan14@example.org,M,38.0,Priceton,2024-07-13
U03768,Lindsey Sullivan,camerondaniel@example.com,M,60.0,Antoniomouth,2024-04-03
U01652,Mark Simpson,robert99@example.org,F,68.0,Brendanstad,2025-04-18
U04849,Carolyn Holloway,omills@example.org,F,45.0,Danielport,2025-01-06
U04473,Ronald Jarvis,mlane@example.org,M,36.0,North Joshua,2024-04-12
U02529,Rebecca Burgess,uwang@example.net,Other,56.0,Hunterville,2024-03-01
U02844,Terry Turner,caseyantonio@example.org,Other,26.0,West Kennethport,2025-06-08
U02699,Donald Bryant,fdavis@example.com,M,41.0,Lake Jessica,2024-02-23
U04567,Alan Reed,ofry@example.com,F,49.0,Port Sarah,2025-11-20
U01374,Logan Colon,williamscarl@example.net,M,50.0,New Deborahland,2024-08-08
U00740,Carl Harris,christopherscott@example.org,Other,48.0,North Williamstad,2025-12-13
U01364,Laura Thomas,phillipskelsey@example.com,M,66.0,East Pamela,2024-03-26
U04160,Anthony Allen,terrinavarro@example.com,M,44.0,Leborough,2025-08-05
U00868,Jonathan Sanchez,vhoward@example.org,Other,62.0,South Danielle,2025-12-12
U01141,Carla Wilson,jmoore@example.net,F,62.0,Gravesview,2025-05-25
U00998,Audrey Roman,xshaw@example.com,F,63.0,,2024-03-28
U01338,Kimberly Wells,zacharygray@example.org,F,54.0,South Josephberg,2025-05-12
U00542,Jeff Porter,katelyn65@example.com,M,41.0,Archerhaven,2024-07-28
U01100,Derrick Copeland,fmontgomery@example.net,Other,47.0,Brownburgh,2024-01-23
U01133,Mrs. Lori Clark,afisher@example.com,F,62.0,Wallacefurt,2024-12-10
U00664,Vanessa Sanchez,hinesbrenda@example.net,M,55.0,Kristinemouth,2024-07-05
U03427,Mr. Ian Kennedy,brandonsmith@example.com,Other,32.0,North Lauraland,2024-10-03
U02259,Danny Neal,erinstark@example.net,M,26.0,East Timothyview,2026-01-06
U04221,Cynthia Pham,hpadilla@example.com,F,33.0,Heatherview,2024-04-04
U00060,Walter Rush,ndavis@example.net,M,47.0,North Kristinbury,Invalid_Data
U03144,Mrs. Shelly Lewis,laurenrice@example.com,M,51.0,East James,2024-12-07
U01939,Grace Butler,brianlee@example.com,M,55.0,Josephtown,2025-01-08
U02808,Eric Rasmussen,justin36@example.com,F,40.0,Montgomeryland,2024-07-16
U00162,Katherine Jackson,gary87@example.org,F,22.0,New Arthurland,2025-11-27
U02611,Don Salazar,lewislori@example.com,Other,57.0,Jacksonton,2025-05-13
U03061,Jonathan Watson,michael96@example.org,Other,35.0,Charlesborough,2024-11-03
U01079,Charles Carson,petermoore@example.com,F,48.0,Vargasbury,2025-09-07
U04161,Nicholas Henderson,bobby96@example.net,Other,49.0,Lake Jennifermouth,2025-11-06
U04285,Michael Clark Jr.,francojoanne@example.com,M,28.0,West Jasmine,2025-04-18
U04452,Amanda Gonzalez,sarahthompson@example.net,F,25.0,Brianfurt,2024-12-10
U03677,Samuel Robinson,brittanybishop@example.com,M,70.0,West Sarah,2025-02-04
U00941,Deborah Hernandez,jessicacampbell@example.org,F,46.0,New Mercedesborough,2024-01-09
U01081,Alexandra Wilson,alexandria97@example.org,F,38.0,Evansville,2025-02-05
U00188,Aaron Lewis,karen19@example.org,F,20.0,West Mark,2024-12-06
U02930,Eric Shaw,garciamark@example.com,Other,35.0,Port Jacobmouth,2024-10-03
U02086,Richard Lutz,johnhernandez@example.com,M,26.0,Natalieland,2025-06-09
U02250,Joshua Griffin,epearson@example.com,M,67.0,Foxhaven,2025-04-30
U03177,Gregory Morrison,donnaholt@example.org,F,32.0,Curtisland,2024-12-23
U00871,Walter Sparks,daniel07@example.net,M,25.0,South Erin,2025-01-23
U02024,Philip Hall,bswanson@example.com,M,39.0,North Ryanberg,2025-03-30
U02922,Jessica Copeland,,Other,34.0,Hardyshire,2024-03-04
U01493,Cheryl Hunter,colemanjohn@example.com,Other,32.0,Laurenfurt,2025-08-01
U03941,Benjamin Farley,kennedyevan@example.com,M,22.0,Kristaport,2025-02-01
U00227,Richard Richards,danielcole@example.com,F,23.0,Martinezstad,2025-12-12
U04249,Ronnie Murphy,nicole12@example.com,M,62.0,South Brian,2024-02-16
U02584,Timothy Smith,edwardelliott@example.com,M,28.0,Ericafurt,2024-03-23
U01930,Edward Davies,melanie48@example.net,Other,32.0,Port Josephchester,2024-01-25
U03338,Brian Thornton,ashlee36@example.org,Other,45.0,South Lorettaview,2025-04-05
U04688,Devin Dennis,changjohn@example.org,Other,23.0,East Dylan,2025-09-17
,Dennis Hughes PhD,alexis57@example.net,F,53.0,Mallorybury,2024-01-12
U02180,Thomas Mccarthy,,Other,59.0,Longside,2025-11-06
U00698,Maria Roberts,perezjessica@example.com,F,41.0,East Amber,2025-10-30
U01125,Pamela Lopez,jennywilliams@example.org,,34.0,West Michele,2024-07-08
U03049,Nicholas Munoz,nthompson@example.net,F,57.0,Ginaburgh,2024-03-07
U03182,Edwin Williamson,clarkrachel@example.net,M,19.0,New Markview,2024-06-02
U01779,Linda Campbell,michelle67@example.org,M,49.0,North Brianberg,2024-07-20
U03115,Mr. Benjamin Mitchell,,M,52.0,South Tiffanyton,2025-10-24
U01038,Austin Reynolds,cody75@example.net,Other,69.0,East Kimberly,2025-07-17
U04358,Traci Carter,angelatran@example.org,Other,47.0,East Kevin,2025-12-06
U02257,Robert Vazquez,zmccall@example.org,M,54.0,South Christinahaven,2024-09-03
U02614,Mary Acosta,lorijones@example.com,M,62.0,Wilsonborough,2024-02-14
U00314,Patricia Robertson,stucker@example.net,Other,,West Willie,2025-11-30
U02282,Timothy Odom,hestrada@example.com,F,45.0,,2025-03-28
U02548,Donald King,priceryan@example.com,Other,37.0,Smithside,2024-08-04
U01417,Kevin Carney,sthomas@example.org,Other,51.0,Colemouth,2025-06-15
U01037,Glenda Byrd,connie12@example.com,Other,61.0,West Patriciahaven,2024-12-15
U02160,Robert Mcdonald,shellysmith@example.net,F,40.0,Martineztown,2025-04-18
U04346,Brooke Baldwin,ruthbass@example.com,Other,45.0,West Heatherstad,2025-04-02
U01755,Kristopher Chan,peterlang@example.net,M,21.0,North Ashley,2024-05-29
U03403,Edwin Adkins,rebecca57@example.org,M,29.0,North Lauren,2025-03-29
U03067,Karina Lawrence,ryancunningham@example.net,Other,58.0,North Lisatown,2024-04-11
U02941,Jennifer Ray,beverlymitchell@example.org,M,61.0,Morristown,2025-10-30
U02521,Kiara Turner,ncollier@example.org,M,65.0,Woodsborough,2025-05-13
U03505,Jeanette Wagner,vshah@example.net,M,45.0,West Chase,2025-11-24
U03656,Jason Jordan,brownmichael@example.com,Other,25.0,Adamsside,2024-02-13
U03750,,jesse43@example.org,F,70.0,Hudsonfort,2024-09-03
U01507,Rebecca Perez,josephenglish@example.com,F,40.0,West Alexander,2025-09-25
U01924,Lisa Green,kmartinez@example.net,M,38.0,Lake Vanessastad,2024-10-27
U00449,Jesus Cohen,oruiz@example.org,M,52.0,Robertafurt,2024-05-20
U04467,Philip Blackwell,apeterson@example.org,M,50.0,South Cherylland,2025-12-02
U02752,Jennifer Kim,fnorton@example.org,M,44.0,Smithtown,2025-04-20
U01900,Martin Alvarado,cooperdeanna@example.net,F,29.0,North Noahview,2025-10-13
U02793,Mr. Jesus Levine II,travisroberts@example.org,F,57.0,East David,2024-05-08
,Jeffrey James,laurenrodgers@example.com,Other,30.0,East Robertberg,2026-01-03
U02184,Donna Taylor,burgessdonald@example.com,M,47.0,South Yolanda,2025-06-26
U01135,John Huffman,tbrooks@example.org,F,,Thomasville,2025-02-06
U04168,Mr. Stephen Davidson,gmoses@example.net,F,55.0,North Daleborough,2024-01-31
U02156,Leslie Juarez,justinhughes@example.net,F,49.0,North Taylor,2025-07-27
U01831,Samuel Willis,allenkimberly@example.com,M,44.0,Port Henry,2024-06-08
U01054,Jeffery Green,breannasaunders@example.net,F,70.0,Valdezborough,2025-07-22
U02461,Samantha Oconnor,rebecca53@example.net,M,24.0,Cherylview,2025-11-18
U00023,Kara Schmidt,jbarajas@example.com,F,44.0,Jacquelineview,2024-08-18
U02067,Keith Lawrence,christinagoodwin@example.net,M,23.0,South Colebury,2025-05-13
U01654,Melissa Cruz,jennifer82@example.org,,20.0,Wrightborough,2024-12-01
U02819,Hannah Wilkinson,joshuaramos@example.com,M,63.0,Deborahberg,2024-07-10
U04273,Heather Gallegos,toddmclaughlin@example.net,F,28.0,Aguilarberg,2025-10-15
U03051,Mary Smith,stacy45@example.com,Other,42.0,,2024-02-27
U04247,Luis Brown,kimberly98@example.org,M,24.0,North Susanborough,2024-05-14
U02469,Michelle Gross,rosegina@example.com,F,46.0,West Courtneyshire,2024-10-12
U02326,Anthony Molina,ernestwright@example.net,F,28.0,South Amandachester,2025-08-31
U00461,Jeff Wilkins,lkelly@example.com,Other,22.0,New Tyronebury,2025-06-10
U01068,Courtney Miller,lovejustin@example.net,M,33.0,East Jeremyburgh,2025-06-23
U00088,Angela Hansen,lisa81@example.net,Other,47.0,Romerotown,2024-09-28
U01431,Kathleen Rodriguez,uzimmerman@example.org,Other,30.0,East Edward,2025-08-22
U02884,Steven Pena,betty65@example.net,Other,43.0,West Melaniefort,2024-01-20
U00283,Kayla Williamson,daniel17@example.org,Other,42.0,,2025-01-23
U02484,Jared Smith,,Other,52.0,West Patrickmouth,
U00463,Nicholas Fox,steven18@example.net,F,50.0,East Thomasland,2025-05-21
U00213,Dennis Williams,fryraymond@example.com,,38.0,Hendersonfurt,2024-03-07
U02589,Charles Hall,rwallace@example.org,M,61.0,Chanmouth,2024-08-03
U02722,Matthew Fernandez,tphillips@example.com,M,51.0,Kevinberg,2024-03-17
U02582,Lisa Chambers,jessetaylor@example.com,M,38.0,New Jennifer,2024-02-21
,Joshua Sweeney,richardhines@example.net,Other,42.0,,2024-03-15
U00235,James Reeves,fstephens@example.com,F,70.0,Paulburgh,2024-01-26
U04291,Devon Pruitt,jill72@example.com,M,53.0,Stevenberg,2025-05-02
U00598,Kimberly Miller,bhernandez@example.org,M,22.0,East Rachelmouth,2025-12-11
U04617,Melissa Smith,jefferyaguilar@example.net,F,41.0,North Annette,2024-07-30
U02251,Karen Mitchell,dweber@example.com,M,49.0,Port Dennis,2024-12-30
U04245,Ashley Walters,erika44@example.net,M,43.0,Travisberg,2024-01-09
U02284,Susan Miller,laurengreen@example.net,F,49.0,Garciafurt,2024-12-23
U00663,Sherry Jones,nicoleanderson@example.org,M,39.0,New Nicholas,2024-10-06
U00647,Courtney Ramirez,upatel@example.org,M,33.0,Leeland,2025-10-11
U02286,Melanie Harris,tararichardson@example.net,M,28.0,Johnstonmouth,2024-01-20
U04923,Mitchell Wilson,olivialopez@example.com,M,41.0,West Joseph,2024-08-02
U03489,Taylor Powell,murraypaul@example.org,Other,56.0,North Daleberg,2024-12-02
U02950,Sherri Grimes,eboyer@example.org,Other,35.0,Santosburgh,2025-08-09
U03751,Kayla Cobb,davidmartinez@example.org,Other,68.0,Port Aliciafort,2024-07-29
U00780,Frederick Harris,omoore@example.net,F,26.0,Richardsonfort,2024-03-15
U04902,Katrina Hill,gomezjacqueline@example.com,M,21.0,Sellersmouth,2025-04-17
U03692,Kyle Jackson,rschultz@example.org,F,58.0,Invalid_Data,2025-07-26
U04422,Lisa Warren,andrewperez@example.com,Other,51.0,Brucebury,2026-01-04
U03592,Richard Frye,brian53@example.org,Other,21.0,New Sherrychester,2024-02-18
U03494,Kelsey Martinez,newmanpatricia@example.com,F,70.0,Lake Charles,2024-03-04
U01664,Christian Barnes,fbailey@example.org,Other,41.0,North Destiny,2025-02-28
U00686,Savannah Sanders,kingjenna@example.org,F,68.0,Ellenmouth,2024-12-26
U03464,Sarah Wu,bleblanc@example.com,Other,,Lake Christina,2025-01-23
U02996,Stephanie Bowman,graytracy@example.org,F,24.0,Banksborough,2024-02-14
U03754,Sheila Snyder,alicia81@example.org,M,68.0,Cherylburgh,2024-01-24
U02172,Janice Waller,ymercer@example.com,M,67.0,Port Eric,2025-10-08
U03127,Jessica Gibson,usanchez@example.org,F,62.0,New Anthony,2025-09-16
U01851,Nicole Long,stephaniewilson@example.org,F,32.0,Moralesland,2024-12-23
U00488,Vincent Lewis,watkinsmatthew@example.org,Other,59.0,Donaldchester,2024-05-08
U01689,Ronald Taylor,nharris@example.net,F,67.0,West Mark,2025-03-22
U02231,Amber Smith,joshuacohen@example.com,Other,37.0,Kennethland,2025-02-02
U04188,Amy Smith,jerrycummings@example.com,F,28.0,West Kimberly,2024-09-03
U02321,Nathaniel Davis,christopherandrade@example.com,,56.0,Jameston,2025-12-03
U00783,Alexandra Garcia,asmith@example.net,Other,29.0,East Johnland,2024-07-20
U00522,Gabriela Fitzpatrick,,M,,Robertside,2024-12-09
U00523,Suzanne Gonzalez,froberts@example.org,F,53.0,Maryport,2025-01-02
U03092,Heather Carpenter,,F,43.0,Lake Jeffery,
U04205,Brandi Potts,matthew80@example.org,Other,68.0,Michaelville,
U02399,Adam Hancock,jameschaney@example.net,M,39.0,Port Wesley,2024-08-11
U02208,Oscar Meadows,joseph50@example.org,Other,49.0,North Robertmouth,2025-02-18
U03801,Michael Wells,sullivanrachel@example.org,F,26.0,Lake Lauraview,2025-10-23
U03880,Dr. Amber Morales,tannertina@example.org,Other,57.0,Lake Raymondview,2025-11-09
U04083,Robert Garcia,sean73@example.com,M,23.0,West Pamelaville,2025-09-11
U03076,Connie Graham,jonathan61@example.com,F,34.0,South Michael,2025-11-29
U01512,Stephen Vaughn,torrestricia@example.com,F,20.0,Port Timothy,2024-07-25
U01883,Jason Mcdonald,zfischer@example.net,M,70.0,West Donnaland,2025-01-20
U00652,James Davis,mhall@example.net,F,36.0,South Patrickchester,2025-10-11
U04569,Matthew Saunders,tmendoza@example.com,Other,49.0,Sotoburgh,2024-10-15
,Rhonda Patton,robinsonmichael@example.org,Other,31.0,Conradshire,2024-10-04
U00370,Whitney Garcia,christopherhuynh@example.com,F,68.0,Jeromeport,2024-11-25
U04031,Mackenzie Miller,jamesgill@example.com,Other,69.0,Johnstonton,2025-02-20
U00119,Karen Ballard,eevans@example.net,Other,49.0,East Scottfort,2024-12-11
U03627,John Carr,bradleyedward@example.com,M,25.0,Port James,2024-02-11
U03316,Sean Charles,vjohnson@example.com,M,58.0,Johnland,2024-10-22
U02217,Kayla Bowers,amyers@example.net,Other,58.0,South Ashleyland,2025-03-23
U03869,Jessica Davis,kelsey73@example.net,F,36.0,Moorebury,2025-08-06
U01614,Brian Young MD,jermaine84@example.org,F,56.0,Eddieland,2024-06-15
U04893,Christopher Aguilar,nfox@example.net,F,47.0,New Joe,2025-08-14
U00963,Jason Hernandez,holderadam@example.net,M,24.0,East Heather,2025-02-03
U02511,Melissa Moore,jrobbins@example.org,M,65.0,Meganfurt,2025-09-25
U03875,Kenneth Bell,kathleen87@example.net,M,58.0,Port Nicole,2025-11-24
U03077,Eric Mcintosh,taylor12@example.com,M,37.0,Pattersonmouth,2025-10-19
U03765,Michael Freeman,daviskyle@example.net,F,54.0,Lake David,2024-10-19
U03313,Amy Carter,rachelortiz@example.com,M,67.0,Marshallberg,2024-12-23
U02416,Amy Kim,vanessamartinez@example.net,Other,,Jacksonton,2024-10-30
U04858,Rachel Duncan,nelsonbrian@example.org,F,21.0,North Lindsay,2025-04-23
U04421,Anne Ryan,stacygill@example.net,Other,57.0,Longchester,2025-02-06
U02186,Joseph Cochran,robertyoung@example.net,Other,70.0,Angelfurt,2025-10-10
U03075,Alexandria Washington,joemurphy@example.net,F,41.0,East Katherine,2024-12-29
U02568,Mark Howe,destiny47@example.com,F,46.0,Lake Peterview,2024-07-07
U02038,Lisa Murphy,joshua61@example.com,M,24.0,Anthonyburgh,2024-06-09
U04449,Rebecca Boyd,michaelmartinez@example.com,M,68.0,New Monica,2024-11-19
U00773,Jeffrey Webb,jacksonjoshua@example.org,Other,19.0,Brandonshire,2024-02-20
U01285,Timothy Collins,joneseric@example.org,Other,,East Cameronview,2025-12-12
U04803,Richard Davis,jeffrey11@example.com,F,31.0,Phillipshaven,2024-06-15
U04945,April Smith,julieross@example.org,F,37.0,Castrohaven,2025-06-14
U02588,Ashley Horn,angelmiller@example.org,Other,58.0,Williamston,2025-10-24
U04775,Austin Torres,rodriguezrachel@example.net,F,30.0,Cherylville,2025-04-07
U01415,Matthew Hall,davidwiley@example.org,M,64.0,Mirandaland,2024-06-07
U01235,Micheal Ramos,wjefferson@example.com,Other,60.0,New Kathyborough,2025-10-12
U04003,Debra Wright,stephanie65@example.org,F,62.0,,2024-12-06
U00436,Pamela Wilson,matthew99@example.org,Other,58.0,East Mark,2024-09-10
U01675,,davismichelle@example.com,F,22.0,Port Kathleen,2025-03-11
U00366,Patricia Griffin,jamesjustin@example.net,Other,61.0,Port Gary,2025-08-19
U02886,Karen Prince,david06@example.org,M,51.0,New Karenberg,2024-03-26
U00232,Sandra Rivera,dunlapbrent@example.net,F,44.0,,2025-01-03
U04455,Travis Andrews,jeffward@example.net,Other,18.0,Ramirezchester,2024-05-01
U00148,Randy Cannon,ybrooks@example.com,M,,Bennettside,2024-04-13
U04594,Raymond Bradshaw,gina18@example.com,Other,37.0,North Margaretton,2024-03-15
U03104,Hayden Pineda,carol61@example.net,Other,69.0,South Mollyfurt,2024-05-09
U00408,Deanna Webb,heatherbarnett@example.com,F,59.0,West Georgeport,2024-06-01
U02091,William West,bryantpeter@example.org,Other,34.0,Richardtown,2024-07-14
U00087,Michael Mitchell,mathewaguilar@example.org,,41.0,Kylefurt,2024-04-10
U00845,Michelle Shah,berrydebbie@example.net,F,43.0,Stewartmouth,2024-05-30
U01032,Marilyn Sanchez,mthompson@example.com,F,38.0,Christopherborough,2025-06-26
U02866,Jessica Porter,lopezaaron@example.net,Other,51.0,New Ann,2024-11-29
U04783,Melissa Zimmerman,vreed@example.net,M,23.0,Lake Staceyview,2024-01-22
U04751,Melissa Lutz,jhumphrey@example.net,Other,70.0,East Rebecca,
U03679,,codykeller@example.org,M,31.0,Jonathanfort,2025-12-19
U02629,Kristin Freeman,escobarrobert@example.com,Other,27.0,Michaelhaven,2024-09-05
U02896,Elizabeth Chase,morriskevin@example.net,Other,18.0,Port Leslieton,2025-03-25
U00856,Jack Hester,kimberlylopez@example.com,Other,49.0,Martinport,2025-12-02
U00079,Kelly Foster,julie35@example.org,Other,68.0,,2025-01-13
U02248,,timothybrown@example.com,F,27.0,West Caleb,2025-10-31
U04519,Jason Love,helenglass@example.org,F,25.0,Williamschester,2024-04-08
U04769,Calvin Cooper,fischerdustin@example.net,F,46.0,Hunterhaven,2025-05-25
U03995,Todd Nguyen,jeffguzman@example.org,F,54.0,Thomastown,2025-07-23
U03555,Laura Parker,broman@example.com,F,44.0,Molinaland,2025-03-12
U03172,Amy Brown,elizabethmorgan@example.org,Other,21.0,Smithside,2024-07-16
U02280,Danielle Simmons,ncampbell@example.com,Other,51.0,Port Michellefurt,2024-09-02
U02830,Kelsey Clark,andrew52@example.com,F,34.0,East Kathleentown,2025-06-20
U04892,Valerie Oconnor,wiseamber@example.net,Other,60.0,Annetteshire,2024-12-10
U04162,Denise Bell,randycarpenter@example.com,M,55.0,North Rebeccatown,2025-08-14
U04788,Michele Powers MD,georgebill@example.org,F,56.0,South Courtneyhaven,2024-04-04
U02177,Virginia Flores,nkirk@example.com,M,32.0,Port Alexander,2025-10-31
U00425,Madison Miller,gacosta@example.net,Other,41.0,South Andrea,
U00393,Chelsey Fox,ashleymeza@example.net,F,52.0,Reeseshire,2024-09-24
U04933,Matthew Campos,sean96@example.org,Other,45.0,South Matthew,2025-01-26
U03734,Ralph Mcdowell,crystalward@example.net,F,48.0,Ramseyfurt,2024-01-21
U00105,Robert Adams,acostachristian@example.net,M,49.0,New Kelly,2024-03-21
U02673,Matthew Hansen,johnrobinson@example.org,Other,59.0,Port Karenmouth,2025-10-18
U03241,Cheyenne Rice,rickmartin@example.net,Other,35.0,Lake Cindy,2025-05-21
U02803,Invalid_Data,beth58@example.net,F,41.0,Ashleyview,2024-05-08
U04398,Daniel Clay,vargasjennifer@example.net,F,21.0,South Christopher,2024-03-16
U03063,David Bailey,nmoses@example.com,M,,Lake Valerie,2025-08-19
U01949,Adam Williams,hollandroy@example.org,F,29.0,North Micheleshire,2024-02-08
U01460,Alejandro Rios,amydavid@example.org,F,62.0,Audreymouth,2024-07-07
U03560,Victor Scott,barry99@example.net,Other,58.0,Stephenmouth,2024-04-12
,Chad Harris,wtaylor@example.net,F,29.0,Rodneyhaven,2025-06-30
,Lisa Dennis,bbowman@example.net,M,66.0,Kentport,2024-02-13
U05000,William Odom,gmeyer@example.net,Other,27.0,East Evan,2024-09-06
U01588,Tiffany Johnson,chrismccarthy@example.com,Other,25.0,,2025-12-23
U03998,Hannah Ramirez,heatheraustin@example.org,F,48.0,Lake Stephanie,2024-07-28
U01732,Joseph Mckenzie,foleyjennifer@example.org,M,19.0,Markberg,2024-08-12
U04974,Ashley Hill,Invalid_Data,M,31.0,Lake Ruthbury,2025-05-06
U04055,Daniel Rojas,scott31@example.net,Other,22.0,Lake Jonathan,2025-06-09
U04021,Matthew Henderson,alex47@example.org,F,23.0,Michaelville,2025-09-18
U01792,Joshua Dixon,kristy47@example.com,F,42.0,Lake Erikton,2025-04-18
U02356,Hannah Wallace,leahdiaz@example.org,M,43.0,North Natasha,2025-11-30
U01941,Michael Wilson,fernandezjennifer@example.net,Other,62.0,Michelleland,2024-03-14
U00703,Rebecca Smith,fsimmons@example.com,F,32.0,New Jessica,2024-07-13
U02443,Margaret Martinez,aperkins@example.org,F,31.0,Lake Brendanport,2024-01-13
U04626,Ashley Eaton,morajames@example.com,Other,23.0,South Samanthaland,2024-08-12
U00497,Chad Cortez,,Other,34.0,Lake Ashleyview,2024-04-15
U00465,Rebecca Roberts,nealcarla@example.com,F,50.0,Bryanfort,2025-03-04
U02928,Debbie Lee,mckenzie21@example.org,F,38.0,Port Alicialand,2025-01-10
U04522,Jeremy Kelly,leroy28@example.net,F,66.0,Wandaborough,2025-02-01
U00173,Richard Moore,gstewart@example.org,F,46.0,West Seanview,2024-03-21
U03698,Teresa Davis,bchavez@example.com,M,35.0,Bethview,2024-07-28
U00201,Raymond Oconnor,sreid@example.com,M,28.0,Port Amandaborough,2025-12-14
U02541,Krista Taylor,rking@example.org,Other,34.0,Maldonadoburgh,2024-12-30
U03916,Kristina Marshall,awalker@example.com,Other,42.0,New Scottview,2024-07-15
U04565,Timothy Landry,morrisblake@example.com,F,26.0,Tinahaven,2024-06-04
U02261,Andrea Stevenson,marilyn62@example.org,Other,45.0,Lake Jacob,2025-08-21
U02113,Doris White,melindamorris@example.net,,20.0,New Paul,2024-02-09
U00901,Jason Stevenson,claytimothy@example.org,M,34.0,Jenniferville,2024-02-02
U01447,Bryce Mendez,fhall@example.com,Other,49.0,East Carolton,2024-11-25
U03905,Ann Sims,ujohnson@example.org,M,31.0,Lake Timothy,2025-09-03
U02698,Kaitlyn Howard,,Other,67.0,Lake Jaredberg,2024-11-05
U03089,Daisy Hill,olittle@example.org,M,53.0,Loristad,2025-04-25
U00742,Erik Bartlett DVM,haileybates@example.org,M,23.0,North Jacob,2024-08-13
U02294,Christine Larson,mromero@example.com,Other,59.0,East Daniel,2024-02-28
U02453,Michael Brown,xramos@example.com,F,18.0,New James,2025-12-05
,Steven Conrad,qjordan@example.net,M,70.0,South Kevinberg,2025-11-03
U04267,Samuel Montgomery,ryoder@example.org,F,49.0,Port Janetfort,2024-10-01
U01207,Joanne Austin,smithdavid@example.net,M,33.0,New Seanhaven,2024-05-18
U00510,Christopher Rodriguez,tylergolden@example.net,F,60.0,West Robertside,2025-11-18
U04337,Ashley Butler,sethlynch@example.com,F,18.0,Robertton,2024-03-08
U04126,Kristy Black DVM,smithcaleb@example.net,Other,46.0,East Tiffany,2024-01-23
U03164,Kiara Saunders,ymontgomery@example.com,M,55.0,Port Christinaborough,2024-09-24
U03620,Cole Jennings,florescrystal@example.org,Other,31.0,New Amymouth,2025-11-06
U01550,Stephanie Howard,smithmichelle@example.net,F,57.0,North Luismouth,2024-06-11
U04109,Steven Holloway,veronicabutler@example.net,M,68.0,Carterport,2024-09-29
U02203,Todd Gomez,asoto@example.com,M,21.0,South Tiffany,2025-09-04
U02567,Michael Day,molly44@example.org,M,60.0,South Richardburgh,2025-07-03
U03552,Gerald Hodges,penny39@example.org,F,33.0,Annhaven,2025-01-02
U02045,Mr. Craig Howard,greenkimberly@example.com,Other,58.0,Lawrencemouth,2024-06-11
U00768,Steven White,williamsjulie@example.org,Other,53.0,Thomasville,2024-11-16
U01598,Mary Stevenson,ryanbullock@example.com,M,37.0,Josephfort,2024-02-11
U04084,Austin Burns,frandolph@example.org,Other,59.0,Gonzalezport,2024-01-21
U00422,James Hubbard,leescott@example.com,M,49.0,Stevenchester,2024-08-09
U00124,Stephen Luna,zdiaz@example.org,M,37.0,West Angela,2024-02-29
U04553,William Cruz,wallsnicole@example.net,Other,39.0,New Lindatown,2024-05-03
U02863,Anna Robbins,oaguilar@example.com,Other,20.0,Eatonbury,2025-10-04
U00820,Angela Contreras,mariodowns@example.net,F,40.0,Alexismouth,2025-11-19
U01404,Joseph Harrington,curtis81@example.net,M,,Woodtown,2025-12-02
U01383,Sharon Morris,michellecarter@example.org,Other,35.0,South Joshuaton,2024-06-27
U02149,David Bailey,venglish@example.org,M,41.0,Port Mark,2025-01-22
U04403,Dylan Sanchez,,Other,29.0,Rhodeschester,2025-08-13
U01576,Jake Lee,wesleybutler@example.org,Other,49.0,Kingborough,2024-01-09
,Terry Green,angela34@example.net,Other,18.0,Randybury,2024-03-08
U01796,Anita Martinez,ischroeder@example.net,Other,44.0,New Dwaynebury,2024-01-08
U00864,Billy Shelton,wheelertara@example.net,Other,22.0,South Morganfort,2024-03-26
U04651,Catherine Parker,josecruz@example.com,Other,69.0,Ericstad,2025-06-15
U00400,Martin Johnson,dmiller@example.com,M,61.0,Nicholechester,2024-11-06
U02311,Kevin Davis,gquinn@example.com,Other,24.0,West Spencer,2025-09-30
U00883,Brian Johnson,hmyers@example.com,Other,44.0,Webbburgh,
U00190,Michele Evans,powerslawrence@example.org,Other,36.0,,2025-05-27
U03159,Maria Mitchell,mary24@example.com,F,18.0,Lake Thomasfort,2024-05-09
U01353,Brooke Lewis,charleshayes@example.com,M,51.0,Robertland,2024-07-11
U02991,John Weber,joseskinner@example.org,Other,52.0,Tannerport,2025-09-23
U04749,Ann Wall,amandabishop@example.org,M,40.0,New Debraport,2024-08-02
U02131,Jennifer Hudson,paula82@example.org,F,35.0,North Kimberlytown,2025-08-24
U00983,Keith Chaney,zreed@example.net,Other,50.0,Jaredhaven,2025-02-13
U00457,Amy Santana,smithann@example.com,M,34.0,Port Juliantown,2024-06-26
U03856,David Cruz,robertsmichael@example.net,F,58.0,Montgomeryton,
U01080,Victor Hill,vmartinez@example.net,Other,30.0,East Scott,2025-05-12
U01951,Julia Watson,xhorton@example.org,M,21.0,New Debraburgh,2025-12-15
U04502,Amy Martinez,joycebaker@example.com,F,30.0,North Williammouth,2024-07-15
U00690,Raymond Wang,nicholasallen@example.org,Other,39.0,South Anthonytown,2024-09-09
U02430,John Santos,chanmichael@example.com,Other,32.0,Kingburgh,2025-09-01
U00642,Michelle Lee,lindsey33@example.com,M,46.0,Benjaminfort,2025-10-29
U02393,Amanda Mercado,paulevans@example.com,M,18.0,Scottchester,2024-12-13
U02826,Danielle Rosales,rebeccagonzalez@example.net,F,44.0,Bakermouth,2025-03-16
U01954,Justin Mccoy,higginscaitlin@example.com,Other,48.0,Alyssaport,2025-10-15
U03951,Michael Moore,stewartmiranda@example.com,Other,60.0,Stephenborough,2025-12-26
U03215,Curtis Page,david75@example.com,F,44.0,Rivasshire,2025-04-12
U03755,Scott Wilson,david72@example.com,F,52.0,New Pamelaville,2024-01-14
U02711,Raymond Hicks,griffinbrenda@example.com,F,28.0,Raytown,2025-09-26
U04505,Zachary Vasquez,megan01@example.com,F,29.0,Austinview,2024-11-20
U04976,Paul Vang,wmorgan@example.org,Other,56.0,Lake Steven,2025-04-12
U03194,Martin Cooper,paulrebecca@example.net,F,35.0,North Laurenport,2025-05-07
U01885,Felicia Terry,psmith@example.com,Other,58.0,Mullinschester,2024-01-31
U03785,Shannon Morris,donald32@example.net,M,55.0,Rogersshire,2024-04-02
U00390,Mr. Kenneth Huff,sfox@example.net,Other,41.0,Brandonbury,2025-03-24
U02495,Shane Barnett,larry08@example.com,M,51.0,Smithview,2025-08-08
U03408,Frank Bradley,joshuafrost@example.com,,37.0,Martinezfort,2024-03-22
U04086,Miranda Day,,F,62.0,New Dillonport,2024-12-11
U00846,Johnny Williams,robert17@example.org,F,59.0,Brittanybury,2025-03-03
U00543,Ashley King,ihall@example.org,F,64.0,Lake Brianland,2025-01-05
U00092,Cynthia Allen,mmckee@example.com,Other,35.0,,2025-07-28
U04910,Timothy Grant,kcarroll@example.net,M,67.0,Davidtown,2025-05-18
U01980,Rebecca Clark,bhampton@example.com,F,64.0,East David,2024-06-17
U03066,John Padilla,,,58.0,Derrickhaven,2025-09-26
U04270,Carrie Murphy,lance51@example.net,Other,46.0,New Jamiestad,2025-09-08
U03165,Susan Long,fmurphy@example.org,Other,48.0,North Christopherport,2024-04-10
U02530,Courtney Williams,andrew80@example.com,M,67.0,Mendozamouth,2024-08-25
U01677,Jason Mclaughlin,jasminbrown@example.com,M,51.0,Lake Evan,2024-09-09
U01049,Cristian Mata,jonathan02@example.org,F,53.0,Simmonsfort,2025-08-12
U01961,Joe Armstrong,blakesarah@example.net,Other,63.0,Grahamport,2025-09-17
U02531,Michael Harrington,wiserenee@example.net,Other,,Port Timothy,2024-12-22
U03033,Lisa Harris,daniel67@example.com,F,65.0,South Angelaside,2025-05-12
U00238,Renee Wolfe,warnermichael@example.net,F,34.0,New Stacy,2025-09-09
U03393,Jesse Hernandez,curtissmith@example.org,F,60.0,Jessicaton,2025-01-25
U04460,Kelly Marks,johnsonchristy@example.net,Other,40.0,Hamiltonshire,2024-05-03
U01134,Maurice Anderson,johnmarquez@example.net,M,58.0,Port Jessica,2025-08-02
U02881,,brandon14@example.org,M,28.0,Port Jacob,2025-02-21
U01806,Julie Dougherty,simmonsangela@example.net,Other,20.0,Port Christinaberg,2024-04-10
U04442,Katherine Richardson,mark65@example.org,M,23.0,New Douglaschester,2024-08-04
U00164,Joseph Jenkins,morenojoshua@example.com,Other,21.0,New Lisachester,2025-08-18
U03817,Beverly Hayes,ajohnson@example.org,M,53.0,Daniellebury,2024-10-30
U04968,Angela Stewart,bryanrichards@example.org,F,38.0,Port Racheltown,2024-07-26
U04916,Christopher Blackwell,brianbaker@example.org,Other,27.0,New Tinaside,2024-04-30
,Ashley Black,olove@example.net,Other,56.0,Lamberthaven,2024-06-14
U03773,Nichole Wilson,vpace@example.org,Other,47.0,Port Kennethshire,2024-10-02
U04645,Yvonne Hoover,ktucker@example.com,Other,51.0,Port Robertside,2025-01-10
U03972,Zachary Tanner,nwaller@example.org,M,34.0,,2025-06-09
U02002,Jonathan Fischer,maryflores@example.net,Other,22.0,Hortonview,2024-03-24
U01812,,ejones@example.org,F,30.0,East Michael,2025-12-22
,John Walton,,Other,24.0,Martinland,2024-07-22
U02907,Scott Smith,johnsoncatherine@example.org,F,54.0,Robersonshire,2025-04-25
U03529,Victoria Higgins,duarteveronica@example.net,M,51.0,Matthewbury,2024-01-25
U01429,David Cochran,ucarr@example.org,Other,58.0,South Cassandra,2025-09-17
U03948,Rhonda Kennedy,smerritt@example.net,M,20.0,Washingtonmouth,2024-10-15
U03412,Paula Buchanan,stevenayers@example.org,F,61.0,New Sarahmouth,2024-06-15
U03715,Robert Robinson,brooksashley@example.net,Other,21.0,South Tonya,2024-03-09
,Edward Warren,velasquezdylan@example.com,Other,61.0,Richardmouth,2025-01-07
U04853,Martha Patrick,katiewu@example.com,F,45.0,South Natasha,2026-01-06
U03074,Clinton Brown,qjohnson@example.com,M,46.0,West Sarahborough,2024-03-09
U01453,Tony Burns,iblack@example.org,M,55.0,Port Jessicastad,2024-11-29
U00594,James Miller,lee77@example.net,M,43.0,Matthewburgh,2024-06-09
U02726,Megan Maynard,kimberly02@example.com,Other,38.0,South Ryanhaven,2024-10-28
U00042,Timothy Kane,ashleyhall@example.com,F,42.0,West Juliefurt,2024-10-15
U00561,Jack Sandoval,,F,20.0,North Ashley,2025-01-06
U03200,Cynthia King,petersonnicole@example.com,F,47.0,Lake Robertland,2024-06-15
U03323,Danny Wilson,cparsons@example.net,Other,32.0,Phillipsmouth,2025-09-06
U00244,,daniellegarcia@example.com,M,51.0,West Julie,2024-06-28
U01340,Nicole Anderson,tlewis@example.com,M,37.0,South Morganfurt,2024-08-07
U04020,Michael Thompson,qmathis@example.org,Other,40.0,Christinaview,2024-03-28
U03228,Brian Fuller,baileydonna@example.com,Other,55.0,Trujilloborough,2025-03-12
U00406,Thomas Hall,eric11@example.net,Other,70.0,East Stacyberg,2025-10-03
U01443,Jennifer Warren,michelle95@example.org,F,38.0,New Justin,2024-04-10
U00262,Sharon Nicholson,cameronmckinney@example.com,M,49.0,Port Melissa,2025-10-10
U03014,Candice Greene,phillipwade@example.org,F,61.0,Hughesmouth,2024-10-31
U01690,Lori Smith,irojas@example.net,M,59.0,South Josephfort,2024-04-20
U01726,Caitlin Cooley,millerjessica@example.net,,26.0,East Allisonmouth,2025-07-09
U01204,Meghan Rowland,bflores@example.com,M,20.0,,2025-07-10
U00835,Isaiah Massey MD,apope@example.org,M,67.0,,
U01867,Grace Combs,russell21@example.com,M,38.0,Deborahtown,2025-06-14
U02497,Heather Lozano,leroy22@example.com,F,27.0,Dorisfort,2025-03-20
U03790,Tony Gamble,john76@example.com,Other,36.0,New Dawn,2024-07-04
U02011,,jjackson@example.org,F,24.0,Andreamouth,2024-11-02
U03027,Marc Gonzalez,alexanderboyle@example.net,M,38.0,Port Ryantown,2025-10-15
U00341,Kim Goodwin,olsondavid@example.net,M,22.0,Port Erikachester,2025-01-22
U03261,Brooke Hernandez,qlee@example.com,M,53.0,,2025-08-23
U01602,Alexander Hernandez,jessicajones@example.org,M,67.0,Stevenborough,2024-04-03
U02797,Sean White,davidcalderon@example.org,F,60.0,Grimesside,2024-05-06
U03280,,hallcarolyn@example.org,M,51.0,East Lorettaburgh,2024-09-30
U04900,Richard Blair,johngrimes@example.net,,69.0,Jeffreyland,2025-06-22
U00481,Michael Morales,diazmelissa@example.com,Other,63.0,Port Steveport,2025-04-24
U03079,,danahudson@example.com,Other,70.0,South Christine,2025-07-01
U03860,Robert West,tmiller@example.net,Other,69.0,New Maureen,2025-11-05
U01524,Krystal Sullivan,ylawson@example.org,M,29.0,New Ryan,2025-02-16
U03713,Russell Reyes,hillamanda@example.net,M,26.0,West Karen,2024-10-29
U04637,Bruce Perez,sfletcher@example.net,Other,52.0,Lake Stephentown,2025-05-12
U04841,Benjamin Acosta,stephanie72@example.org,F,26.0,Nicholasbury,2024-05-04
U04960,Steven Fox,ledwards@example.com,,67.0,Jasminehaven,2024-10-13
U00800,James Tapia,richardbrown@example.com,F,35.0,Port Julie,2025-02-18
U01767,Jorge Hall,daviladaniel@example.org,F,51.0,Cartershire,2024-04-11
U04672,Whitney Mcbride,rclark@example.org,F,47.0,West Eric,2025-08-16
U02454,Jennifer Smith,,Other,65.0,Gregfort,2025-02-17
U03430,Amanda Williams,matthew40@example.net,F,37.0,East Connie,2024-01-23
U04131,Brady Graves MD,hmitchell@example.org,M,67.0,Brandystad,2025-07-01
U04232,Amanda Marquez,latoyahansen@example.com,M,22.0,East Blakechester,2025-08-09
U04882,Leslie Johnson,amandaconrad@example.net,M,67.0,Kimberlyton,2024-09-01
U04355,Carrie Stout,jcarrillo@example.org,M,44.0,Saunderschester,2025-12-09
U01272,Brian Cole,jennifercampbell@example.com,F,33.0,Bethfort,2024-11-20
U03363,Penny Murphy,janetbrown@example.net,M,30.0,Kaitlinburgh,2024-06-22
U04700,Robert Smith,patrick11@example.net,Other,65.0,New Barbara,2025-09-29
U01982,Timothy Perez,smithcharles@example.net,M,29.0,Kimburgh,2024-04-16
U04324,Melanie Ramirez,jonathandavis@example.org,F,30.0,Jasonmouth,2025-03-28
U00348,Jacob Lynch,zarias@example.net,F,24.0,Jenniferton,2025-11-28
U04169,Michael Carpenter,,M,55.0,East Steven,2024-09-08
U04824,Richard Miller,rebeccaanderson@example.com,M,53.0,Elizabethville,2025-11-25
U02563,Monica Armstrong,mray@example.org,F,31.0,Garciamouth,2025-05-29
U04789,Betty Hanna,markhardin@example.net,,27.0,North Deborahville,2024-05-06
U01424,Michelle Horne,dthompson@example.net,F,35.0,East Scott,2025-06-14
U00657,Barry Lopez,dneal@example.net,F,22.0,Melissashire,2025-12-11
U04814,Robert Patterson,david11@example.com,Other,59.0,North Billy,2024-02-05
U02103,Megan Perez,contrerasconnor@example.net,M,54.0,Kingbury,2025-08-29
U00633,Jason Washington,bschultz@example.com,Other,42.0,East Kathrynberg,2024-08-16
U03154,Jamie Hancock,callen@example.com,F,30.0,Port Dylanland,2025-01-20
U02494,Yvonne Hart,collinsstacy@example.com,F,69.0,,2024-08-24
U02666,Stacy Mcguire,uroberts@example.org,Other,55.0,East Jenniferburgh,2024-01-23
U04464,Michael Avila,sarah30@example.org,F,40.0,South Alex,2024-12-08
U04603,Luke Davis,gonzalezbradley@example.org,Other,44.0,Parsonsfurt,2024-02-27
U04904,Dylan Rowland,christinacunningham@example.com,F,69.0,Waltonfurt,2025-07-21
U03383,Christie Randolph,qgoodman@example.net,Other,19.0,New Robert,2025-11-17
U03929,Cameron Perry,angela28@example.org,F,35.0,East Andrea,2024-10-14
U02501,Michele Hawkins,tracy63@example.org,M,36.0,North Anthonyside,2025-03-22
U01466,Sarah Garcia,kbrown@example.net,Other,27.0,Lake Lindaview,2024-03-16
U04797,Steven Bowers,garciadavid@example.com,M,32.0,Port Thomasside,2024-06-25
U00116,Todd Jacobson,kingcynthia@example.net,F,53.0,Davidport,2025-03-31
U01822,Robert Fischer,pschmidt@example.org,M,32.0,Beckton,2024-06-13
U01495,Jessica Foley,thompsonkelly@example.com,F,47.0,Brandtfort,2025-05-28
U02402,Invalid_Data,aknight@example.org,Other,59.0,Lindseymouth,2024-03-20
U01233,Patrick Irwin,lisa11@example.org,Other,49.0,Walkermouth,2025-03-27
U02662,Brandon Vargas,ann29@example.net,M,38.0,New Amyhaven,2025-06-10
U02818,Rebecca Moss,yrios@example.com,F,30.0,Loriview,2025-12-17
U03132,Rebecca Gallegos,mrodgers@example.org,F,22.0,Cynthiaside,2025-05-21
U04772,Invalid_Data,greenechristopher@example.net,M,61.0,East Michaelbury,2024-10-26
U01154,Dwayne Lowe,ramoswilliam@example.org,M,54.0,East Jose,2025-10-09
U04150,Joshua Sanders,iwilson@example.net,M,35.0,South Carlosburgh,2025-06-30
U00058,Brandy Chavez,umatthews@example.org,F,60.0,Penafort,2025-04-01
U04408,Michael Ryan,robertsonpamela@example.com,F,35.0,New Tina,2025-05-03
U04476,Kimberly Garner,nnguyen@example.net,Other,24.0,New Teresaview,2025-12-09
U01586,Brittany Allen,rebecca19@example.net,Other,67.0,Bakerborough,2025-02-19
U01736,Samantha Allen,wcarroll@example.com,M,68.0,North Noahbury,2024-10-20
U02824,Michelle Roberson,dale26@example.com,F,59.0,Port Amanda,2025-04-12
U02197,Jennifer Clark,waltersalfred@example.org,Other,38.0,North Kimberlyfort,2025-04-18
U03882,John Stout,martinezhenry@example.org,F,23.0,Freemanburgh,2025-03-28
U02476,Gregory Davenport,roy33@example.com,Other,,Olsonbury,2024-01-20
U02565,Tracey Hoffman,ghunt@example.net,F,53.0,Kimberlyshire,2024-12-13
U03938,Deborah Pena,claychristopher@example.net,Other,29.0,West Manuelside,2024-12-28
U03226,Michelle Pierce,hardingeric@example.net,Other,49.0,Fosterfort,2024-11-15
U02609,Natalie Wise,hgray@example.net,M,52.0,Wangtown,2025-09-10
U04073,James Green,jeffreymcmillan@example.com,Other,41.0,West Melvinborough,2024-12-02
U00708,Deborah Gibson,jonathanguzman@example.net,Other,46.0,North Darryl,2024-03-14
U03047,Susan Mcclain,amarsh@example.net,F,51.0,Jonathanstad,2025-09-07
U04468,Stephen Reed,michelleenglish@example.org,Other,22.0,Port Jonathan,2024-08-27
U01094,Gerald Gomez,samanthagarcia@example.net,F,54.0,Christinaland,2024-08-30
U03891,Denise Little,isingh@example.net,Other,65.0,Shawnstad,2024-11-30
U01377,Tommy Mcclure,ahines@example.net,F,32.0,New Derrick,2024-01-21
U02696,Jared Jones,blakenelson@example.net,F,52.0,Anitaland,2025-05-31
U00073,Christopher Collins,kimberly99@example.org,Other,58.0,East Ericton,2025-05-13
U01923,Mariah Brown,jesusdecker@example.org,F,29.0,Holderchester,2025-03-26
U03468,Mary Thompson,olsoncynthia@example.net,Other,41.0,Travishaven,2025-09-01
U01765,Michael Flores,jacksonrussell@example.com,Other,18.0,Jessicaside,2025-10-14
U00744,Carla Bryant,erica28@example.org,M,27.0,Lake Jessicaborough,2025-06-12
U03138,Dr. Tyler Harvey PhD,jasonhardy@example.net,Other,33.0,Snowtown,2024-05-05
U01006,Philip Kim,joshuapowers@example.net,Other,19.0,Browningport,2024-07-24
U02669,Christine Foster,eileenmoyer@example.net,F,45.0,North Deniseton,2024-08-24
U01191,Brittany Brown,fjohnson@example.com,Other,43.0,Gutierreztown,2025-03-03
U03486,Austin Martin,darren48@example.com,F,64.0,Oliviachester,2024-11-23
U02602,Jeremy Gray,deborahcarter@example.org,M,54.0,West Terriland,2024-02-01
U01126,Joel Valenzuela,myerseric@example.com,Other,41.0,East Jackborough,2024-09-08
U01242,Joseph Hall,oliverashley@example.net,Other,48.0,West Amy,2025-11-25
U03106,Melanie Hogan,christopher69@example.net,M,22.0,Robertland,2024-06-22
U04312,Brandon Bird,lewismichelle@example.net,,48.0,Thomasport,2024-06-29
U03762,Calvin Vargas,lharris@example.org,F,31.0,Theresafort,2024-08-20
U00999,Jeff Malone,hernandezmatthew@example.net,Other,37.0,Jamesmouth,2024-11-19
U03705,Tiffany Fletcher,reidmarilyn@example.org,Other,38.0,North Sarah,2025-08-16
U02685,William Abbott,emily60@example.org,M,52.0,North Melissa,2024-03-14
U01578,Marissa Ewing,perrynicole@example.net,F,49.0,South Kennethton,2025-09-27
U00392,Amy Jensen,navarromary@example.org,F,18.0,New Colton,
U01827,Steven Reynolds,alawson@example.net,Other,42.0,Port Josehaven,2026-01-02
U04170,Robert Pham,odelgado@example.org,M,54.0,Joshuafurt,2025-02-11
U00770,Leah Jacobs,debraclark@example.com,F,20.0,North Davidville,2024-02-05
U03861,Amy Perry,smithchristian@example.com,Other,37.0,Lake Debrafort,2025-10-16
U00441,Brian Glover,robinwallace@example.org,Other,31.0,Steinberg,2024-05-25
U02557,Lee Orozco,susan54@example.net,F,52.0,Caitlynburgh,2024-02-09
U01101,Matthew Huang,Invalid_Data,F,30.0,Cameronview,
U02638,Kathryn Reeves,brownmark@example.com,Other,23.0,Janicefort,2024-06-14
U03341,Dustin Andrews,melissa43@example.net,Other,30.0,Robertsville,2024-10-23
U00650,Cynthia Jones,oduran@example.com,Other,57.0,North Territon,2024-10-08
U01547,Alexander Branch,prestoncory@example.org,F,47.0,South Kimberlyfurt,2024-03-16
U03865,Robert Baker,matthewespinoza@example.com,F,50.0,Port Tricia,2025-05-09
U03889,Mathew Henry,nrice@example.org,Other,25.0,West Davidville,2024-02-04
U04030,Mary Gibson,smithaaron@example.net,F,49.0,West Susan,2025-01-08
U03482,Michael Drake,gmendoza@example.org,,33.0,Perrychester,2024-01-22
U04087,Lorraine Martinez,jsullivan@example.com,F,62.0,,2024-03-21
U00631,Christopher Mendez,howard04@example.com,Other,23.0,West Douglasmouth,2024-07-13
U00673,Rachel Todd,fpeterson@example.com,F,70.0,South Kayla,2025-05-31
U01250,Nicole Cole,deborahturner@example.org,F,33.0,North Rachel,2025-10-28
U00483,Corey Cortez,tracybrown@example.net,Other,51.0,Victormouth,2025-12-13
U01585,Erica Nunez,sheltonmelissa@example.net,F,54.0,New Jessicaville,2025-06-30
U03358,David Wilcox,gweaver@example.com,F,28.0,Port Kristen,2025-07-14
U04828,Anita Hopkins,anamoore@example.net,Other,60.0,New Maryborough,2025-10-13
U03320,Brittney Townsend,ochoajennifer@example.com,F,52.0,Grahammouth,2024-08-03
U01463,,javiermitchell@example.org,F,26.0,Castilloview,2024-07-06
U03041,Jonathan Johnston,richardsondonald@example.com,Other,23.0,West Kimberly,2024-10-11
U04193,Kenneth Foster,rebecca71@example.net,M,63.0,New Christopherberg,2025-05-02
U03957,Andrew Morrison,deborah18@example.org,Other,66.0,Wongborough,2025-01-31
U02905,Sharon Smith MD,mollyharrison@example.net,Other,34.0,Ronaldburgh,2024-12-01
U02579,Michael Campos,cameronmark@example.com,,46.0,Garciaberg,2024-05-09
U04123,Brian Moore,dbrown@example.net,M,49.0,Lake David,2024-09-06
,John Young,bailey40@example.net,Other,21.0,Hillshire,2025-09-30
U04477,Dana Acevedo,tgomez@example.com,M,50.0,New Kellifort,2025-04-19
U03339,Rachel Baker,carol26@example.org,Other,26.0,,2024-03-04
U00859,Anthony Reyes,mlee@example.com,,29.0,New Joshua,2025-03-26
U01073,Gloria Stone,caseyronald@example.org,F,39.0,North Jeremy,2024-12-06
U00720,Susan Navarro,catherine28@example.net,Other,25.0,East Tylerland,2024-08-14
U03451,Eric Schwartz,dianelewis@example.net,F,65.0,Lake Kristaberg,2024-10-30
U02632,Jonathan Moore,shane05@example.org,F,18.0,East Christianbury,2025-09-11
U02730,,adrian89@example.com,F,55.0,Kristinport,2024-11-05
U01661,Taylor Smith,lromero@example.com,M,59.0,West Stevenburgh,2024-01-14
U01657,Mark Perez,michaelmatthews@example.net,M,28.0,Heatherburgh,2025-03-19
U02426,Carrie Roth,ksexton@example.com,F,63.0,Kevinchester,2024-01-13
U03849,Johnny Stevens,ghoward@example.org,Other,23.0,Port Leah,2025-04-10
U04413,,yfisher@example.com,M,18.0,Duranton,2025-10-08
U01807,Kyle Chang,fking@example.org,F,22.0,South Matthew,2024-06-20
U03615,Sabrina Short,ipruitt@example.org,M,69.0,Patriciaton,2025-12-25
U03098,Anthony Gardner,donnadouglas@example.com,F,58.0,Ellistown,2024-02-12
U04675,Kara Johnson,travisjones@example.org,Other,20.0,Torresville,2025-07-05
U03920,Joseph Holmes,perezelizabeth@example.org,F,69.0,South Ryan,2025-01-03
U04961,Christopher Brown,lindsay41@example.com,Other,19.0,North Michaelfurt,2025-01-04
U02935,Mrs. Laura Ayala,myersmatthew@example.org,Other,33.0,Cynthialand,2025-07-01
U04308,Kyle Miller,kevinrodriguez@example.net,M,69.0,South Kathy,2026-01-04
U03397,Eric Wallace,julia63@example.org,F,59.0,Rayberg,2024-04-30
U02607,Christian Alvarado,elizabeth20@example.com,F,19.0,South Justinstad,2025-07-29
U01386,Jennifer Armstrong,jessica79@example.com,Other,42.0,Port Ronald,2025-09-02
U04857,David Dennis,glenmiller@example.org,Other,58.0,North Gabrielside,2025-01-23
U01400,Carol Yoder,kimberlycooper@example.com,M,37.0,Johnhaven,2024-10-20
U01196,Jennifer Ali,guzmannicole@example.com,F,61.0,Debbiemouth,2025-07-10
U01409,Jillian Stewart,moyerjoseph@example.org,F,53.0,West Stephanieland,2024-02-01
U01846,Andrew Green,richardsglenn@example.org,M,36.0,Susanbury,2024-06-05
U01799,,johnjohnson@example.net,Other,38.0,Williamshaven,2024-11-11
U01476,Erik Brown,hernandezmatthew@example.com,Other,56.0,East Tina,2024-09-22
U03516,Matthew Fields,dianawilliams@example.org,F,46.0,Murphystad,2025-11-28
U00036,Jordan Edwards,darrell68@example.org,F,55.0,Gutierrezborough,2025-01-19
U03868,David Chang,kayla65@example.org,F,40.0,North Richard,2024-01-23
U02346,Katherine Medina,fsanford@example.net,F,65.0,Lake Daisyhaven,2024-10-14
,Anthony Alvarez,jilladams@example.com,M,,South Robert,2025-03-19
U02360,Christian Byrd,kerry49@example.org,F,59.0,Jamieville,2024-11-15
U03007,Isaac Pacheco,jessica96@example.org,M,40.0,Port Ryanshire,2025-09-07
U02207,Jennifer Martin,williamsjames@example.org,Other,19.0,New Brandon,2024-12-13
U03498,Rachel Chen,pottsamy@example.net,M,53.0,Lake Timothychester,2025-03-03
U04483,Keith Watkins,markhernandez@example.net,F,42.0,Mortontown,2025-03-15
,James Lopez,jessica91@example.org,M,34.0,,2025-01-22
U00350,Christopher Johnson,dianacantrell@example.org,Other,40.0,Kimberlystad,2025-05-10
U02138,Jacqueline Smith,kristincarter@example.com,Other,41.0,Piercetown,2024-08-03
U02692,Charles Miller,skirby@example.com,Other,55.0,Andersonmouth,2024-05-09
U03251,Jason Glenn,walleramy@example.net,M,54.0,North Michele,2024-06-18
U03932,Lori Hartman,brentcampos@example.org,,47.0,South Chadside,2024-02-21
U01682,Patricia Thompson,bgarcia@example.net,Other,26.0,Tammyville,2024-01-07
U04236,Mary Carroll,carlmcfarland@example.com,M,48.0,Lake Christophertown,2025-02-07
U01444,Leslie Haynes,virginia56@example.org,M,43.0,Port Sarahshire,2025-03-17
U03546,Tara Jones,oscott@example.com,M,18.0,Timothyfort,2025-09-24
U01672,Tara Ramos,usanchez@example.net,Other,23.0,Kimberlyfurt,2025-04-17
U02732,Robert Mcdonald,omarbennett@example.net,M,42.0,West Jill,2025-05-01
U01180,,marcus60@example.net,F,29.0,Travischester,2025-02-12
U02799,Heather Willis,qhudson@example.org,Other,70.0,Moralesfurt,2024-01-30
U01693,Lee Gordon,daniel73@example.com,Other,18.0,Stonemouth,2024-06-05
U04542,Taylor Wood,jason16@example.org,Other,38.0,North Jenniferfurt,2024-09-22
U00373,,aparker@example.com,Other,26.0,West Alex,2025-01-23
U03056,Kathleen Taylor,,M,51.0,Joyberg,2024-05-07
U03945,Alexander Watts,roger90@example.org,F,40.0,West Heatherside,2024-03-28
U01917,William Hawkins,cmckinney@example.net,M,42.0,West Sabrina,2024-11-19
U01358,Robert Hicks,ryanrodriguez@example.net,M,61.0,Colemanside,2025-04-21
U01826,Tracy Heath,sherryclark@example.net,M,66.0,Alvarezberg,2024-09-24
U00787,Thomas Cohen,vasquezvicki@example.org,M,22.0,West Michaelmouth,2024-04-02
U00470,John Alvarez,noahthornton@example.com,Other,19.0,Dustinchester,2024-01-15
U00141,William Woods,adamreyes@example.com,F,64.0,Stephanieport,2025-03-07
U00789,Lori Mitchell,nelsonvictor@example.com,F,20.0,Lisaland,2025-08-05
U00324,Carl Rios,mitchellchad@example.org,F,41.0,Toddmouth,2025-04-01
U00051,Valerie Lozano,swall@example.org,F,32.0,Jefferyborough,2025-04-04
U00715,Amanda Clark,bennettabigail@example.com,Other,26.0,Kennedymouth,2025-03-23
U04687,Barbara Martin,alan00@example.net,F,60.0,East Kathleenmouth,2024-07-17
U02841,Stephanie Kent,melissa65@example.com,,54.0,East Anthonyshire,2024-04-01
U02447,Erin Duncan,kochcynthia@example.net,F,20.0,Davidbury,2024-06-13
U00207,Jacob Evans,wayala@example.org,F,62.0,North Alyssa,2024-01-13
U04616,Adam King,stephanie29@example.net,M,57.0,Fernandezborough,2024-04-11
U04795,Samantha Bryant,lauracherry@example.net,F,70.0,South Rachelfurt,2025-07-03
U03293,Leonard Suarez,katelynrobinson@example.org,F,55.0,Johnstad,2024-04-15
U02667,Danielle Cisneros,brittany60@example.com,M,54.0,West Patriciafort,Invalid_Data
U00407,Alexis Benson,torresthomas@example.com,F,62.0,Lake Amanda,2024-06-03
U03672,Karen Cobb,dorisphillips@example.net,M,30.0,South Shannonland,2024-01-22
U01005,Bruce Lee,wanda98@example.net,Other,62.0,Lake Lauren,2024-10-06
U04266,Alexander Daniels,noblebrian@example.net,Other,68.0,West Emilymouth,2025-03-24
U00891,Nicholas Hall,portererin@example.com,Other,58.0,Port Lindsey,2025-06-25
U02412,Debra Zhang,changbethany@example.net,F,44.0,Suefurt,2025-01-27
U02546,Brian Graham,melissacastro@example.net,Other,21.0,Port Robertfurt,2024-06-16
U03756,Brent Williams,stevensdonna@example.org,F,43.0,Calebfurt,2025-10-02
U02391,Cynthia Marshall,joybrooks@example.com,F,27.0,Penaland,2025-04-16
U04199,Scott Frazier,tammyrodriguez@example.net,F,62.0,Leehaven,2024-03-14
U00043,Samantha Pollard,ihanna@example.net,,31.0,Mollymouth,2024-03-19
U02831,Julie Reynolds,fbrown@example.net,Other,45.0,East Carolbury,2025-10-13
U03616,Jessica Morris,zachary39@example.org,Other,44.0,Port Adamchester,2024-02-21
,John Lee,shelly48@example.com,Other,57.0,Port Ernestmouth,2025-05-10
U00304,Michelle Craig,natalie60@example.net,,39.0,,2025-05-10
U04712,Sheryl Carpenter,jtate@example.com,F,52.0,Johnmouth,2025-06-09
U04094,Robin Davis,martinstacy@example.net,M,56.0,Hayesland,2024-08-07
U00665,Diana Martinez,fclark@example.com,Other,27.0,East Williamhaven,
U01178,Joshua Warren DDS,jneal@example.org,M,48.0,South Erik,2025-07-17
U02677,Susan Kelley,kgonzalez@example.net,F,48.0,East Stephanie,
U01948,Joan Robinson,dblack@example.com,F,52.0,South Joelfurt,2024-10-22
U02502,Elizabeth Buchanan,marcfoster@example.com,Other,34.0,Andrewview,2024-11-24
U01474,Kristen Walker,xgomez@example.com,M,68.0,Whiteton,2025-10-14
U03807,Madison Pacheco,grantmichael@example.org,F,19.0,West Haley,
U03845,,mcdanielkristy@example.com,M,54.0,Ramirezmouth,2024-02-14
U02133,Gregory Rivers,tracydavenport@example.net,Other,59.0,Edwardsfurt,2025-03-30
U01027,Darren Rosales,eddie04@example.com,M,63.0,Woodsburgh,2025-12-17
U02990,Mary Scott,fischerdanielle@example.org,M,58.0,Laurenbury,2025-01-16
U00962,Tiffany Watson,thomas35@example.net,F,52.0,East Alice,2025-09-04
U02890,Charles Brown,richardsnow@example.net,F,64.0,East Shawnmouth,2024-03-29
U03022,Laura Ward,odean@example.com,F,44.0,Hornbury,2024-03-24
U03016,Bobby Martinez,bellsharon@example.net,Other,46.0,New Jennifer,2024-05-04
U03426,Andrew Murphy,johnsonamber@example.com,Other,58.0,Allisonberg,2024-06-09
U02010,Sherry Stephens DDS,cameronkaitlyn@example.com,F,52.0,West Brandymouth,2025-01-02
U02150,Denise Brewer,ucollins@example.com,Other,30.0,East Bobbytown,2024-03-22
U04138,Matthew Williamson,patriciachurch@example.org,Other,49.0,South Brian,2024-08-17
U02339,Joe Elliott,kruegerjesus@example.com,Other,32.0,New John,2024-09-24
U00736,Marie Hill,hrichardson@example.org,M,26.0,North Tracyhaven,2024-06-19
U00305,Paul Martin,frances20@example.net,Other,62.0,Jamesside,2024-01-30
U01441,Jessica Wright,benjaminarmstrong@example.com,F,56.0,Rogersside,2024-01-16
U01497,Sarah Ochoa,Invalid_Data,Other,50.0,Port Rebeccaside,2024-01-17
U02653,Terri Shannon,kimberlyjones@example.net,Other,22.0,Coleland,2025-03-28
U02876,Gary Silva,emma76@example.net,Other,62.0,Margaretmouth,2025-01-08
U00917,Dr. Daniel Brown,hillcheryl@example.com,Other,31.0,South Hectorview,2024-07-14
U04856,Wanda Taylor,whiteheaddavid@example.net,M,53.0,Turnerside,2024-05-05
U01723,Hannah Meyer,,Other,56.0,South Juliemouth,2025-06-24
U04826,Jason Mcdonald,brianoliver@example.net,F,33.0,Hoffmanbury,2025-09-21
,Tiffany Woods,michellejones@example.net,Other,42.0,North Scottfurt,2024-11-11
U02773,Donald Woodward,edward60@example.org,M,46.0,Juliehaven,2025-09-10
U01625,Justin Foster,amy67@example.com,M,63.0,Ashleyshire,2024-12-01
U04145,Renee Carpenter DVM,wilsontroy@example.com,,58.0,East Brandi,2025-11-04
U00822,William Fisher,carolynrobinson@example.org,Other,40.0,Lake Barbara,2024-01-17
U03606,Caitlin Carey,kevinlin@example.com,Other,49.0,North Stephanie,2025-03-14
U01355,Johnathan Foster,vburch@example.org,M,62.0,North Juliechester,2025-07-30
U04696,Jonathon Espinoza,melissa84@example.org,F,23.0,East Stephanie,2025-06-30
U00851,Anthony Torres,mark96@example.com,F,53.0,East Brandy,2024-04-03
U01001,Allison Adams,michael07@example.com,M,41.0,Cynthiaville,2024-09-24
U03694,John Villarreal,wallacesean@example.org,M,30.0,West Michelleport,2024-07-08
U00019,Marie Gilbert,umarshall@example.net,M,66.0,Marcusbury,2025-09-05
U01638,Linda Lee,courtney70@example.net,F,38.0,Arellanoland,2025-11-11
U01668,Anne Harris,walkeramanda@example.org,M,43.0,West Audreybury,2025-06-04
U00494,Luis Wu,vwilliams@example.org,F,64.0,East Kristen,2024-12-26
U03174,Gina Mann,emmafranklin@example.com,Other,27.0,Thorntonmouth,2024-05-03
U01348,Lisa Wagner,,Other,18.0,Maxwellhaven,2025-10-19
U03019,Cindy Barnes,christophermullen@example.org,F,58.0,North Devintown,2024-12-29
U04072,Samuel Rivera,ccalderon@example.net,F,28.0,Lake Lindsay,2025-02-17
U03231,William Taylor,robertokhan@example.org,Other,63.0,Josephfort,2025-07-28
U03558,Steven Garza,qwashington@example.com,M,33.0,Kristenfort,2025-12-13
U04831,Jenna Martin,lhutchinson@example.com,,18.0,Port William,2024-04-06
U03805,Matthew Smith,joshuarodriguez@example.org,Other,53.0,Mitchellchester,2024-07-11
U00688,Joseph Myers,powersalex@example.com,Other,65.0,South Michael,2024-06-13
U04077,Michael Chase,samuel54@example.com,M,24.0,Glennstad,2025-01-09
U04633,Miguel Bell,lucassteele@example.org,F,68.0,North Tiffanyton,2024-04-20
U01609,Veronica Walker,janicestuart@example.com,M,68.0,Leblancview,2025-01-31
U04271,Vicki Haas,lclayton@example.com,F,37.0,Port Erinland,2025-10-31
,Bethany Hopkins,robinsonkatherine@example.com,F,52.0,Gibsonburgh,2024-11-20
U01010,Andrew Phelps,welchanna@example.com,M,64.0,East Juliehaven,2024-10-02
U02409,Alejandro Peterson,francis07@example.net,,49.0,Lisaport,2025-08-15
U01093,Kevin Stout,katherine82@example.com,M,18.0,East Clarencefurt,2025-09-20
U01328,Kelly Weber,hendersoncynthia@example.org,Other,,Stevenview,2026-01-01
U04862,Jennifer Roberts,joshua47@example.org,F,34.0,South Claudia,2024-03-25
U01678,Chelsea Davis,crystal52@example.com,Other,46.0,New Rachel,2025-02-11
U02000,Ryan Smith,meganhernandez@example.org,M,34.0,New Juliemouth,2024-12-16
,Kristi Austin,courtneymadden@example.org,M,58.0,North Mark,2025-05-25
U03493,Victoria Jones,kingyolanda@example.com,M,46.0,Donnachester,2024-04-21
,Ryan Morgan,tranjoyce@example.net,M,53.0,West Nicholasbury,2024-09-12
U03693,Thomas Rhodes,fstewart@example.org,M,38.0,Frankview,2025-07-15
U01988,,zmiller@example.org,F,69.0,North Robertstad,2025-10-26
U03986,Barbara Smith,Invalid_Data,Other,64.0,East Jose,2025-03-16
U00345,Donald Becker,robertbowers@example.com,Other,34.0,West Angie,2024-12-25
U04369,Brandi Walker,zsantiago@example.com,M,27.0,Onealport,
U00987,Monica Wells,johnnybrooks@example.com,Other,39.0,Gregoryport,2024-02-05
U00588,Sharon Davis,frankchan@example.com,Other,47.0,North Kenneth,2025-08-14
U02792,Kelly Davis,dhunt@example.net,M,29.0,North Michael,
U04986,Nicholas Schwartz,gilbertmccarthy@example.org,Other,,Harringtonberg,2024-09-11
U00871,Walter Sparks,daniel07@example.net,M,25.0,South Erin,2025-01-23
U04227,Ashley Barber,david17@example.org,Other,66.0,New Edward,2024-02-14
U03378,Casey Barker,lisa64@example.net,Other,66.0,Curryland,2024-05-20
U03310,Erica Hill,william78@example.net,,67.0,Lake Todd,2024-02-24
U01143,Laurie Huerta,sarah99@example.org,Other,69.0,Shannonfort,2025-11-28
U02359,Jeremy Lynch,guerramaria@example.org,Other,48.0,New Williammouth,2024-12-25
U03265,Mary Long,sandersjohn@example.net,Other,Invalid_Data,Paulville,2024-12-14
U01199,Terri Singh,tracy55@example.net,F,70.0,Millsfurt,2024-06-15
U00086,Joseph Moore,samantha66@example.com,F,24.0,Port Crystalmouth,2024-02-24
U01519,Krista Taylor,kyle95@example.net,M,53.0,North Adamtown,2024-12-06
U00517,Michael Dennis,taylorandrea@example.com,Other,48.0,South Christinabury,2024-11-28
U01382,Jamie Lee,qjones@example.net,F,19.0,Kurtshire,2024-02-11
U02717,David Hernandez,heidi28@example.org,M,66.0,Taylorbury,2025-01-04
U04582,Juan Carter,brittanyreyes@example.com,Other,20.0,Daltonview,2025-05-22
,Kathleen Marshall,lmoore@example.com,F,27.0,,2025-07-17
U00129,Lauren Jackson,rhernandez@example.org,Other,53.0,New Stacyville,2024-05-25
U01365,Renee Walker,kimberlyjordan@example.net,Other,70.0,South Cindytown,2025-12-30
U03959,Lisa Boone,fhiggins@example.net,M,25.0,Port Danielfurt,2024-11-24
U04215,Amy Gomez,rileysimon@example.org,F,41.0,Debbieburgh,2025-01-11
U03415,Valerie Mayo,parksandre@example.com,M,50.0,Lake Hunter,Invalid_Data
U00892,Steven Thompson,acampos@example.org,Other,29.0,New Johnton,2025-09-17
U02794,Lance Baker,noblescott@example.com,Other,20.0,Clarkville,2025-12-23
U04392,Anne Sanchez,nicolewalker@example.org,M,38.0,Gonzalezmouth,2024-12-05
U01360,Dr. Grace Young,ricklewis@example.net,Other,60.0,Christinaville,2024-02-15
U00308,Michele Holland,kimberlybrandt@example.com,Other,52.0,Thompsonland,2024-05-22
U01662,Michael Cannon,charles53@example.net,F,28.0,Crawfordburgh,2024-10-23
U02432,David Peters,pnichols@example.org,F,58.0,Williamsland,2025-09-29
U04197,William Armstrong,gina43@example.com,Other,18.0,Lake Josephview,2025-12-18
U01318,Katherine Gay,gclay@example.org,Other,57.0,New Joshua,2024-11-14
U04491,John Oliver,christine14@example.net,F,63.0,West Elizabethville,2025-12-05
U03250,Steven Cobb,charles76@example.com,Other,60.0,Snyderton,2025-04-25
U02475,Holly Morales,john18@example.org,F,63.0,Clarkberg,2024-01-18
U02543,Tyler Dyer,palmerchristine@example.net,F,,Jenniferberg,2024-11-15
U03315,Brooke Le,wattsjason@example.net,,56.0,South Rebekahchester,2024-12-09
U01247,Robert Byrd,upierce@example.com,Other,44.0,Haydenhaven,2024-09-21
U03987,David Hernandez,kimbrown@example.org,F,67.0,East Davidhaven,2025-11-22
U01209,Dylan Rivera,mcdanieltanya@example.org,M,56.0,South Todd,2024-01-11
U00217,Patricia Johnson,enelson@example.com,Other,55.0,South Spencerstad,2024-02-16
U04480,Scott Taylor,sallywilliams@example.com,Other,29.0,Michelechester,2025-09-09
U03619,,tracymoreno@example.org,Other,69.0,Port Stanley,2024-07-17
U01240,Linda Patrick,wernermichael@example.org,F,42.0,Lake Ruthland,2025-03-31
U02290,Willie Jones,phodges@example.net,M,64.0,Ashleychester,2025-09-26
U02741,Larry Powell,christine80@example.com,F,56.0,Lake Marcus,2024-04-25
U00276,Jeffrey Jordan,ysanford@example.org,Other,37.0,New Jamesstad,2025-12-01
U00490,Adam Howe,robert72@example.org,M,45.0,Lake Joseph,2024-12-01
U01036,Aaron Webster,travis25@example.net,Other,67.0,Palmerport,
U01230,Amanda Jones MD,david16@example.org,Other,65.0,Lake Ashleytown,2024-03-28
,James Rodriguez,alexandernicholas@example.org,F,30.0,,2025-03-24
U01009,Gilbert Reed,vhernandez@example.com,Other,54.0,New Heidi,2025-05-12
U04913,Bradley Martin,zrobinson@example.net,M,42.0,West Ryanland,2024-01-31
U03413,Kaylee Wright,abruce@example.org,F,40.0,Sandovalfort,2025-01-08
U04666,Robert Clark,traceygardner@example.net,M,34.0,Lisabury,2024-11-28
U02533,Christopher Ramsey,bfoster@example.org,M,61.0,East Mario,2024-08-11
U04352,Michelle Sweeney,megan91@example.net,Other,39.0,West Laurafort,2024-04-05
U01059,Peter Martinez,wyang@example.net,F,46.0,Robertborough,2025-12-27
U02167,Mrs. Michelle Gonzalez,sweber@example.org,M,32.0,Port Christopher,2024-03-02
U04280,Peter Garcia,xgordon@example.net,Other,28.0,Allenhaven,2024-12-26
U03689,Jamie Mccoy,danielsmith@example.org,Other,65.0,East Victorchester,2024-08-18
U00282,Christian Neal,turnerdorothy@example.net,Other,66.0,Cindyberg,2024-11-08
U04097,Rachel Golden,samuelhamilton@example.com,M,58.0,Tonyaport,2025-06-15
U01317,Bryan Trujillo,bradleybarker@example.net,Other,58.0,Lake Katherine,2025-06-22
U02559,Courtney Erickson,taylor27@example.com,M,40.0,Katieville,2024-03-11
U00969,Autumn Castro,tschroeder@example.com,M,54.0,Larryhaven,2024-08-25
U03802,Lisa Potter,juangould@example.net,F,21.0,New Alison,2024-05-10
,Amy Mack,gfreeman@example.net,F,69.0,Riddleton,2025-03-18
U03461,Clifford Baldwin,brian60@example.org,M,32.0,Durhamburgh,2025-08-20
U03844,Kelly Mendoza,fhall@example.com,F,20.0,New Heathermouth,2025-03-08
U00620,Jacob Fox,lwiggins@example.com,M,46.0,Barajasfort,2025-06-24
U03537,Yvonne Manning,hollowayseth@example.com,Other,60.0,North Tara,2024-07-15
U01743,Teresa Hicks,monica51@example.net,Other,,Port Marie,2024-09-03
U01391,Brian Baker,jessicamills@example.org,Other,36.0,New Dominicshire,2024-10-23
U04255,Heather Patterson,wanda66@example.net,Other,26.0,Rachelmouth,2025-05-15
U01848,Courtney Morgan,laura03@example.com,,62.0,Heatherborough,2025-04-06
U01580,Brad Melton,barnesalexis@example.org,Other,19.0,Richardstad,2025-12-15
U01656,Michael Perry,caldwellpatricia@example.org,F,19.0,Wyattfort,2024-08-06
U02353,David Norton,vross@example.com,F,64.0,West Markview,2024-11-06
U02213,Eduardo Blevins,crystal60@example.net,Other,54.0,New Jesseville,2024-03-04
U03276,Cynthia Walker,kimberlyporter@example.org,F,46.0,Spencermouth,2024-09-23
U02021,Meredith Goodwin,tiffanymcguire@example.org,M,42.0,South Amanda,2024-11-26
,Allison Ramos,roberttorres@example.com,Other,22.0,Lake Taylor,2024-09-24
U01957,Jerry Bowman,zwinters@example.org,M,39.0,East Michael,2026-01-02
U03913,Jonathan Anderson,donaldrice@example.net,Other,66.0,Alexandratown,2025-03-23
U03193,Julie Freeman,kathy14@example.com,F,64.0,Mcmillanbury,2024-11-11
U01308,Michael Hill,rstuart@example.org,M,70.0,Walkerberg,2024-01-19
,Carol Fisher,hcarter@example.org,M,64.0,Port Tinaborough,2025-06-01
U04654,Nathan Cantrell,scott55@example.com,Other,58.0,Cohenbury,2024-08-06
U00576,Jason Thomas,theresa39@example.com,F,22.0,West Brandi,2025-04-24
U02361,Joshua Meyer,zacharyschneider@example.net,M,25.0,Nelsonmouth,2024-11-19
U04386,Kelly Cunningham,kelly64@example.net,Other,70.0,East Cory,2025-10-29
U04635,Patricia Frazier,landrynicholas@example.com,F,50.0,,2024-04-29
U01707,Ronald Lam,smithjohn@example.org,M,33.0,North Sarah,2024-02-25
U04089,Linda Brown DVM,kellyjones@example.com,M,58.0,West Matthew,2024-04-09
,Gilbert Bullock,patelchloe@example.net,F,67.0,Tammyfort,2025-09-08
U03793,Angela Estrada,nguyenrichard@example.com,M,31.0,West Bryanbury,2024-08-19
U01281,Trevor Cole,dsmith@example.org,Other,,Amandaside,2025-11-24
U00862,Dwayne Carlson,daviswesley@example.net,Other,,Stevensonbury,2024-05-10
U04328,Lauren Simpson,bryan78@example.net,M,50.0,Solomonfort,2025-11-14
U01802,Paul Crawford,lawrencesteven@example.net,F,25.0,Williamsville,2025-10-14
U01629,Cassidy Bailey,allisonford@example.net,Other,58.0,South Kevin,2025-12-28
U01994,Marcus Patrick,eric38@example.net,M,40.0,Brownton,2025-08-11
U02640,Invalid_Data,rebekah89@example.net,Other,65.0,New Laura,2025-10-20
U00270,Yolanda Green,vsullivan@example.org,Other,50.0,West Jessica,2024-06-17
U00630,Janet Davis,weaverjustin@example.org,F,22.0,Kaylaberg,2024-08-18
U03082,Rachel Edwards,rushlaurie@example.org,Other,18.0,South Shelbyburgh,2025-12-25
U02335,Kiara Mcintosh,yluna@example.com,M,23.0,Terrybury,2024-03-01
U04950,Thomas Carter,osmith@example.com,Other,21.0,Bakerville,2024-12-28
U02967,Brandon Obrien,johntravis@example.org,F,29.0,Martinbury,2024-02-15
U00301,William Moon,joshuastuart@example.com,F,59.0,Ballardberg,2024-11-03
U00460,Katelyn Kim,christophermay@example.com,Other,25.0,Englishchester,2025-04-06
U01448,Angela Simmons,gutierrezdavid@example.com,Other,68.0,West Luisburgh,2025-09-03
U01473,Rachel Henderson,ronald78@example.net,F,52.0,East Tony,2025-05-13
U02047,Regina Shaw,garciaheather@example.com,M,24.0,North Larry,2025-03-07
U04412,David Solis,josephguerra@example.org,Other,40.0,Woodmouth,2025-09-02
U04866,Jose Osborn,mgraves@example.net,M,46.0,East Angelaview,2024-01-08
U03657,Christina Pearson,mccarthymarissa@example.net,F,63.0,South Dustin,2024-06-24
U02114,Ronald Jacobs,swhite@example.net,M,35.0,South Ericfort,2024-08-10
U00028,Courtney Mills,tkerr@example.net,F,45.0,Torreston,2025-03-27
U02041,,toddgonzales@example.com,F,27.0,West Cathytown,2024-06-13
U04721,Rose Cole,isanchez@example.com,M,65.0,Marytown,2025-07-03
U04394,William Patterson,mayerbarbara@example.net,M,40.0,Andrewstad,2025-06-10
U00838,Brittany Camacho,roachanthony@example.org,Other,20.0,North Jessica,2025-11-24
U00130,Jason Gutierrez,roberthampton@example.com,F,40.0,Lake Devinborough,2025-02-20
U03681,Margaret Cantu,lbarnett@example.com,F,42.0,Whiteview,2025-06-11
U02009,Jeremy Morris,chad76@example.com,F,,Leeshire,2025-01-24
U02279,Jerry Harris,,F,47.0,Chelseafort,2025-09-14
U00504,Steven Cook,phillipskaren@example.net,,69.0,Port Gail,2025-04-04
U03504,Justin Murphy,antonio57@example.net,F,47.0,New Carlos,2024-07-20
U04903,Steven Walton,osparks@example.com,Other,36.0,Harringtonhaven,2024-12-30
U00381,Danielle Vang,stevenwise@example.net,F,70.0,South Paul,2025-12-09
U01852,Jacob Moore,cruzcaitlin@example.com,M,30.0,New Jamesmouth,2024-09-12
U01526,Billy Gibson,mjohnson@example.org,F,43.0,North Sherry,2024-04-13
U02366,Deborah Alvarado,heather72@example.org,F,69.0,Sherrimouth,2025-12-10
U03530,Daniel Wilson,jonathanbrown@example.com,Other,42.0,Deanmouth,2024-01-13
U03053,Bradley Garcia,mitchell67@example.net,M,65.0,Waltonfurt,2025-11-18
U02885,Luis Patterson,phamjason@example.net,F,55.0,North Larry,2025-10-02
U02341,Dawn Dixon,hbriggs@example.net,F,47.0,Davenportmouth,2024-10-10
U00375,Rebecca Kelley,robertcastro@example.com,F,65.0,East Jennifer,2025-04-23
U03563,Gloria Lewis,jenningsethan@example.net,M,27.0,Andersonberg,2024-12-19
U02382,Cynthia Blair,jasmine12@example.net,M,60.0,Pattersonshire,2024-03-22
U04956,Frank Dyer,barbara30@example.org,Other,64.0,Diazshire,2025-06-23
U00940,Mary Rich,averycourtney@example.org,F,25.0,New Nicholas,2025-11-26
U04515,Garrett Thomas,qtodd@example.com,Other,28.0,Brittanyton,2025-12-12
U04223,Shane Sawyer,yford@example.org,Other,,Reneeside,2025-12-04
U04348,Joel Flores,hjimenez@example.net,M,55.0,East Aaron,2024-01-19
U02800,Harold Hall,jamesvaldez@example.com,M,67.0,West Adriana,2025-06-21
U02148,Richard Schmidt,fernandezbrandon@example.net,M,47.0,West Jonathanland,2024-02-20
U04322,Mary Sanders,kellychristensen@example.net,Other,51.0,Gainesbury,2024-02-26
U04739,Peter Bass,benjamin63@example.net,Other,,New Jennifer,2025-04-16
U04400,Tina Marshall,stephen01@example.net,Other,58.0,New Ryanmouth,2025-05-20
U02069,Michael Hampton,hahnjoshua@example.net,Other,44.0,Olsenside,2025-10-28
U00530,Rebecca Hansen,butlersabrina@example.org,F,62.0,North Timothy,2024-08-21
U03309,Laura Yang,paulabrooks@example.net,,67.0,Norrischester,2024-10-31
U04076,Nicole Waller,,Other,20.0,Joelport,2025-04-10
U00637,James Martinez,jessicalutz@example.com,F,69.0,New William,2025-08-15
U01270,Christopher Kennedy,ghoward@example.com,Other,56.0,Desireefurt,2024-11-07
U00186,Emma Evans,johnsonmatthew@example.org,F,62.0,Lake John,2024-05-13
U01395,Judith Patrick,dominguezscott@example.com,F,63.0,East Paula,2024-10-26
U03474,,williamsonbrian@example.org,M,35.0,South Kristineville,2025-04-11
U03774,Justin Williams,courtneyhurst@example.com,F,53.0,Kevinborough,2025-12-18
,Wendy Sullivan,reedcorey@example.org,M,44.0,East Christopherstad,2024-08-21
U02980,Susan Rodriguez,,M,70.0,Rachelport,2025-03-21
U01442,Matthew Ortega,kimberly12@example.com,Other,30.0,North Christopher,2024-01-23
U03746,Christopher Rice,byrdsherry@example.net,M,36.0,Farmerhaven,2024-02-26
U02626,Andre Stewart,curtisjohnson@example.net,M,65.0,South Cynthia,2024-08-12
U01536,Nicole Brown,andrewstheresa@example.net,M,69.0,Port Steven,2025-08-19
U04366,Keith Thomas,jfuller@example.org,Other,,South Michelle,2025-11-19
U03189,,amy84@example.net,Other,62.0,New Elizabethshire,2025-12-04
U01274,Ryan Lara,flopez@example.com,F,42.0,Bowersmouth,2024-11-30
U02468,Kimberly Clark,lauren61@example.com,F,39.0,New Alexandra,2024-10-30
U00608,Brian Soto,rhondamoore@example.com,M,56.0,Gillfort,2025-06-25
U03706,Guy Brown,,F,27.0,South Cassandrabury,2024-11-18
U01713,Ryan Morrison,cooktracy@example.net,Other,19.0,East Jameshaven,2024-06-14
U02200,Tonya Richardson,fgregory@example.com,Other,37.0,Lake Omarfort,2025-08-05
U00956,Maria Cook,davisgary@example.com,M,31.0,North Donald,2025-04-01
U02580,William Banks,diazkenneth@example.com,F,20.0,Johntown,2025-11-21
U04208,Ronald Flores,jeremyfleming@example.com,Other,39.0,South Terrence,2024-04-08
U04180,Shari Hickman,ryansmith@example.net,M,53.0,East Wendy,2024-07-31
U04623,Heather Nelson,ibuckley@example.net,F,54.0,Lake Danaville,2025-05-25
U02238,Rebecca Lambert,dalton37@example.org,Other,55.0,Christopherville,2025-10-12
U04025,Dr. Michele Adams,johnsonbrooke@example.net,M,19.0,East Marymouth,2025-11-25
U00404,Mr. James Duncan,johnadams@example.com,Other,32.0,Gailshire,2024-03-12
U02072,Christine Cabrera,stevenskaitlin@example.net,F,70.0,,2025-08-28
U04965,,jason32@example.net,M,43.0,Farmerburgh,2025-10-01
U01978,Kurt Brewer,danschaefer@example.net,Other,55.0,Goodmanside,2025-06-07
U00159,Jamie Ferguson,kyle58@example.com,M,34.0,Garciafort,2025-07-16
U01749,Misty Kelly,randerson@example.com,F,43.0,North Brianfort,2025-05-25
U02910,Katie Ibarra,garciamatthew@example.net,F,67.0,Torrestown,2025-12-11
U03859,Laura Horn,jeremycalderon@example.com,Other,58.0,Rebeccatown,2024-03-15
U00903,Melanie Rojas,xwilliams@example.com,Other,35.0,South Jacqueline,2025-02-11
U00353,Sherri Li,heather69@example.com,M,60.0,Port Matthew,2025-07-26
U01231,Michelle Mitchell,jerrymontgomery@example.net,M,58.0,Sarahstad,2025-09-12
U04875,Victoria Wilson,gmiller@example.net,Other,50.0,Port Williamborough,2024-04-23
U02141,Emily Robbins,xfreeman@example.net,F,63.0,Smithborough,2024-10-30
U00445,Bruce Hernandez,danny98@example.net,M,39.0,East Amyside,2024-08-26
,Jason Morris,hodgemark@example.net,Other,19.0,Robertsfurt,2025-08-23
U00755,Tiffany Henderson,hjackson@example.com,Other,19.0,Port Amber,2025-07-20
U01738,Jennifer Cooper,kennethboyd@example.com,F,58.0,Jonathanchester,2024-03-02
U02972,Nathaniel Parker,danjenkins@example.org,M,49.0,Port Andrewfurt,2024-01-08
U01083,Sharon Freeman,jeffrey11@example.net,M,67.0,Johnfort,2025-09-09
U02921,Daniel Alexander,vdixon@example.org,Other,18.0,New Debra,2025-05-22
U00312,Edward Clements,wbarajas@example.net,M,57.0,North Elizabethmouth,2024-06-30
U03424,Melvin Williams,xwells@example.com,Other,42.0,Shanebury,2025-06-27
U00549,Alyssa Vance,oscar65@example.com,Other,23.0,Bellbury,2024-07-06
U00662,Ashley Boyle,stephen55@example.net,Other,56.0,New Tiffany,2026-01-05
U04971,Elizabeth Martin,melissagonzales@example.net,Other,Invalid_Data,Taylorstad,2025-05-27
U01990,William Jackson,ajordan@example.org,Other,54.0,South Alexandriamouth,2025-01-21
U00307,Tyler Daugherty,tammy00@example.net,M,39.0,Jamesmouth,2025-09-04
U02336,Tyler Butler,nicoletaylor@example.net,Other,22.0,North Victoriaborough,2025-02-16
U00695,Stacey Stewart,,Other,69.0,Reyesbury,2025-01-09
U02357,Miranda Atkinson,angelavalencia@example.net,F,47.0,Gibsonmouth,2025-02-11
U01928,Angel Ewing,bryan61@example.net,F,51.0,North Dwayne,2024-09-06
U00685,Pedro Gordon,robert24@example.org,M,22.0,South Anthonymouth,2024-10-11
U03428,Nancy Mayer,bethany16@example.com,,33.0,New Emilychester,2025-07-20
U00750,Nicholas Villegas,erikabarnes@example.com,M,33.0,South Valerie,2025-08-12
U03814,Michael Jimenez,brownbarbara@example.com,Other,31.0,Johnsonland,2024-07-27
U03549,Travis Wagner,johnparker@example.net,F,49.0,East William,2025-07-24
U01267,William Richardson,elizabeth10@example.org,Other,25.0,Markton,2026-01-04
U03590,Alexis Smith,clarkpatrick@example.com,Other,31.0,Houseton,2024-05-11
U04057,Angela Jones,danielolsen@example.com,F,56.0,Mosshaven,2025-11-17
U04621,Paul Lopez,rickyblankenship@example.com,M,36.0,South Jackiefurt,2025-12-04
U02135,Charles Smith,klane@example.com,F,31.0,Patrickmouth,2025-09-25
U03084,Jenna Roberts,madisongoodman@example.net,F,37.0,Chapmanview,
U03062,David Gibson,loganpineda@example.net,Other,46.0,Lake Walter,2025-06-10
,Bonnie Clark,lisa98@example.net,M,39.0,,2024-12-08
U00971,Danielle Martinez,lpearson@example.org,F,53.0,Melissastad,2025-06-22
U00014,Nicole Herring,maryhowell@example.org,F,52.0,South Elizabeth,2025-02-22
U00874,Tina Castro,reevesdouglas@example.net,F,19.0,South Brenda,2024-03-06
U00809,Rachael Miller,gibsongeoffrey@example.com,M,64.0,North Joshua,2024-09-28
U03199,Russell Byrd,heathrobert@example.net,F,52.0,Tinashire,2024-06-30
U00515,Amanda Stewart,earl78@example.org,Other,50.0,Davidtown,2024-10-28
U04671,Gwendolyn Fitzgerald,mnguyen@example.com,M,33.0,North Jerryville,2024-10-06
U00410,Jasmine Whitney,mckeetodd@example.net,M,20.0,East Jamesmouth,2025-02-19
U04075,Jamie Cox,shawngill@example.com,F,33.0,Alexanderport,2025-03-09
U03386,Catherine Short,qsmith@example.org,M,34.0,East Kimberly,2025-09-01
U03462,Trevor Arnold,duanemclean@example.com,Other,19.0,Lake Kimberlyberg,2025-10-03
U04532,Dale Wells,debbie45@example.org,F,24.0,Freemanmouth,2025-01-01
U00208,Jessica Bowen,samanthajensen@example.com,F,35.0,,2024-04-18
U04677,Michelle Parker,pwilliams@example.net,F,26.0,Bethtown,2025-06-22
U00459,Sarah Ward,qmoore@example.org,Other,44.0,North Charles,2024-01-18
U03794,Jerry Holmes,edwardray@example.net,Other,38.0,Cruzside,2024-03-09
U02431,Nathan Brown,kelly83@example.org,M,39.0,New Tammyhaven,2025-12-03
U03996,Doris Hatfield,richgrace@example.com,M,50.0,Charlesport,2024-09-10
U00111,Steven Wallace,cochrantammy@example.com,Other,35.0,Jennaside,2025-02-06
U04093,Candace Morris,wyattsusan@example.org,Other,62.0,Lake Samantha,2025-07-06
U01108,Mrs. Erin Torres,michele23@example.net,F,54.0,Whiteborough,2025-12-20
U04238,Heather Franklin,,Other,70.0,Donnaland,
U01884,Nicole Duncan,hernandezthomas@example.net,F,41.0,New Megan,2024-01-15
U01714,Richard Barker,margaretboyd@example.net,Other,37.0,South Sharon,2025-01-15
U01288,Cheyenne Ritter,anthony66@example.org,Other,55.0,Lewisborough,2025-04-05
U03718,Erin Jacobs,christinavelez@example.com,F,43.0,Port Jacquelineland,2025-04-05
U03442,Steven Thompson,bakerrebekah@example.com,Other,28.0,Millerchester,2024-09-06
U00553,Valerie Jones,karlwilliams@example.net,F,44.0,Ballardland,2025-06-14
U01440,Brian Gentry,,M,37.0,Lake Matthew,2025-07-02
U02271,Dominique Parker,james89@example.net,Other,33.0,East Taylormouth,2024-08-21
U03969,James White,nnelson@example.com,M,35.0,Port Justinberg,2025-01-16
U03145,Derek Cox,singhnicole@example.com,Other,31.0,West Monica,2025-11-19
U02822,Tammy Carpenter,jennifermartinez@example.com,Other,25.0,Turnerhaven,
U04991,William Hernandez,rachel09@example.net,Other,61.0,Leeville,2024-06-27
U01926,John Todd,melissa04@example.org,M,69.0,Travisville,2025-06-09
U00635,Kristen Williams,nwoodward@example.com,Other,68.0,North Brian,2025-11-10
U01571,Katie Perkins,lindahill@example.com,F,26.0,Lake Codyhaven,2024-04-16
U00317,Anthony Bauer,andrewsjeremy@example.com,F,24.0,Hughesfurt,2024-11-18
U04401,,carla15@example.org,M,50.0,East William,2025-10-31
U04906,Audrey Huff,jessicaharris@example.net,,53.0,Chadside,2024-12-26
U01329,Andrew Smith,rowehannah@example.net,F,69.0,North Marcusshire,2024-03-06
U00428,Katherine Robinson,,F,24.0,East Nicoleview,2025-04-04
U03690,Kristine Barron,abrown@example.com,F,19.0,Lake Davidmouth,2024-06-21
U00106,Edward Griffin,cjackson@example.com,F,29.0,Williamsstad,2025-03-31
U03042,Joshua Ramsey,hutchinsonmatthew@example.com,M,28.0,South Denise,2024-02-09
U00143,Patricia Vaughn,michael33@example.org,Other,56.0,Hernandezstad,2024-11-05
U02170,Andrew Morales,elizabethkirk@example.com,F,59.0,Boyerborough,2024-06-16
U04592,Johnny Jones,jenkinskristin@example.com,Other,33.0,Jenkinshaven,2024-07-25
U00090,Nancy Rose,nancy92@example.net,F,29.0,Mooreburgh,2025-09-05
U02919,Jay Jackson,carmenhill@example.net,F,44.0,Kinghaven,2024-04-06
U03238,Emily West,chandlerjeremy@example.org,Other,44.0,New Amy,2024-11-29
U02242,Daniel Johnson,troy71@example.org,Other,42.0,Burgesston,2024-05-07
U03175,Benjamin Anderson,badkins@example.com,Other,52.0,New Michaeltown,2024-10-23
U04804,Cassandra Pittman,rmorgan@example.org,Other,31.0,Amybury,2024-06-28
U02164,Sarah Holt,gduke@example.net,M,42.0,Michaelshire,2025-03-07
U02637,Sergio Sherman,timothy56@example.org,F,52.0,,2025-08-16
U01950,Christopher Trujillo,daniellethomas@example.org,F,20.0,New Joseburgh,2025-05-24
U01769,Joshua Hicks,shane08@example.org,Other,34.0,East Audreyhaven,2024-11-01
U04014,Allison Scott,serranodiane@example.net,M,29.0,South Gavinborough,2025-05-23
U02273,Andrea Day,patrick94@example.org,F,,,2024-05-13
U00002,Jeremy Lowe,yleon@example.net,Other,33.0,Lake Christopher,2025-01-17
U03587,Trevor Ward,phamyolanda@example.org,M,62.0,North Janice,2025-06-01
U00242,Jessica Fowler,lbanks@example.net,Other,47.0,Jeffreyshire,2025-08-24
U01952,Marcus Ferguson,andersontammy@example.com,M,56.0,Michaelmouth,2024-07-13
U00936,Katie Jackson,moyeramber@example.org,M,66.0,South Marissatown,2024-10-03
U04484,Jesus Knox,tyler42@example.com,F,31.0,East Christopher,2024-03-01
U02721,Alexandria Marshall,hgarcia@example.net,M,60.0,Karenville,2024-12-21
U03881,Zachary Lee,,M,36.0,Alexanderfort,2024-06-27
U01110,Joshua Rubio,aguirrelarry@example.com,M,29.0,West Feliciashire,2025-01-20
U03919,Erin Garrett,linda74@example.net,F,18.0,Jennaton,2024-12-26
U00592,Charles Anderson,mckenzie86@example.com,F,55.0,New Charleston,2025-01-16
U03535,Nicole Johnson,thomas90@example.org,M,67.0,Heathermouth,2024-01-15
U01696,Dylan Guzman,smithamy@example.com,F,64.0,Michaelville,2025-07-22
U04871,Erik Edwards,lynchedward@example.org,M,25.0,East Willieville,2024-10-24
U02937,Nicholas Solomon,david33@example.com,M,30.0,Wardtown,2024-04-18
U04388,Rachel Baldwin,owright@example.net,Other,64.0,Jodiside,2024-08-31
U03730,Joel Merritt,edward32@example.com,Other,47.0,West Holly,2024-03-17
,Mrs. Michelle Larson,wbryant@example.com,F,,New Amandaberg,2025-07-21
U01112,Tyler Henry,dwilliams@example.com,F,70.0,Port Aprilmouth,2025-11-03
U00214,Lisa Ramirez,christian32@example.net,Other,34.0,Peterland,2024-08-20
U00779,Cassandra Bonilla,sharphailey@example.net,Other,65.0,Mollyside,2024-06-05
U01416,John Boyd,lpeters@example.net,Other,33.0,West Kevinhaven,2025-01-24
U03497,Jeffrey Maxwell,,F,65.0,East Darleneport,2025-04-19
U00102,Lynn Cain,baldwinsherry@example.org,F,54.0,Jamesborough,2025-10-15
U02044,John Allen,carlbuckley@example.com,M,36.0,Simonland,2024-10-06
U02849,Nicholas Rivas,megan48@example.com,M,31.0,Garciamouth,2024-01-17
U04955,Thomas Rios,jonescarl@example.net,M,47.0,West Sandrashire,2025-06-12
U03830,Samantha Russell,kellerjames@example.org,Other,56.0,Graytown,2025-08-17
U04129,Lance Brown,williamforbes@example.net,M,65.0,West Jessicastad,2024-01-12
U01568,Krystal Hamilton,gordonjason@example.com,F,46.0,Andrealand,2025-06-23
U00166,Judy Sanchez,kevinclayton@example.org,Other,37.0,North Richardfurt,2025-02-14
U04921,Jamie Roberts,cynthia93@example.net,Other,26.0,Brianville,2024-02-10
U03567,Danny Simpson,qbecker@example.org,Other,54.0,Travischester,2026-01-02
U03915,Charles Woods,jeffreyhensley@example.org,F,Invalid_Data,Adrianaberg,2025-05-11
U00338,Lawrence Ruiz,ajackson@example.net,Other,18.0,Port Brandi,2025-07-21
U01344,Desiree Swanson,stevendecker@example.org,M,23.0,Benjaminton,2026-01-01
U02014,Sarah Mueller,dixondennis@example.org,Other,32.0,Smithfurt,2024-10-16
U00274,Kendra Gutierrez,derrickgonzalez@example.com,Other,35.0,Thomasburgh,2025-07-29
U00072,Gerald Smith,ashleymorales@example.org,M,55.0,North Julieborough,2024-10-07
U04655,Brittany White,lopezvirginia@example.net,M,51.0,,2024-11-06
U01088,James Trujillo,bcaldwell@example.org,M,44.0,North Crystal,2024-09-03
U00395,Harold Edwards,megan66@example.net,F,61.0,Charleneshire,2025-02-08
U00584,Ruben Brady,anna93@example.net,F,36.0,New Katieburgh,2024-11-06
U01368,Sara Pollard,merrittsusan@example.net,Other,33.0,East Rachelshire,2025-03-27
U02434,Brendan Williams,cunninghamtyler@example.com,Other,41.0,North Christina,2024-09-19
U04845,Misty Moreno,stephanie30@example.com,F,25.0,Lake Jason,2026-01-03
U02549,Erin Johnson,jessica17@example.com,F,68.0,Douglaschester,2025-09-04
U01014,Emma Cox,beckgloria@example.net,Other,57.0,Wayneside,2024-10-19
U02774,James Brown,danielsosa@example.org,Other,48.0,Kendratown,2025-04-08
U03004,John King,ariana49@example.org,Other,53.0,West Ronaldton,2024-02-11
U04999,Shaun Osborn,jacob37@example.org,M,48.0,Jasonview,2025-02-23
U01702,Barbara Hall,kevin42@example.net,M,26.0,South Timothymouth,2025-12-04
U03857,Christopher Robinson,floydleslie@example.com,,60.0,West Patriciaville,
U01764,Wesley Anderson,margaret59@example.net,Other,26.0,Danielton,2024-04-12
U01876,Dr. Kathleen Gilbert MD,heidi02@example.com,Other,65.0,South Kyle,2025-07-23
U01260,Sara Lawrence,,M,30.0,Webbmouth,2025-11-24
U03345,Stephen Johnson,miguelschultz@example.com,Other,65.0,Lake Danielle,2025-01-17
U04729,Maurice Brown,douglasgarcia@example.com,Other,25.0,Coleland,2025-05-15
U02254,Ronald Jackson,xzavala@example.com,Other,21.0,Meyerschester,2024-03-22
U02782,Wendy Holloway,leonardphillips@example.org,Other,61.0,Lake Marc,2024-09-01
U03927,Thomas Smith,anthonypham@example.net,Other,59.0,East Ashlee,2024-02-08
U00527,Michael Howard,nelsonrobert@example.com,Other,60.0,West Kellyland,2025-01-16
U03740,Robert Cook,conniemcintosh@example.org,F,68.0,East Alexander,2025-12-12
U02947,Nicholas Navarro,ralph67@example.org,F,54.0,Port Eric,2026-01-03
U00378,Anthony Nichols,teresacampbell@example.org,Other,41.0,Acostabury,2024-03-12
U01560,Mrs. Beverly Myers,daniel84@example.org,Other,42.0,Lake Jacobshire,2025-06-03
U00693,Matthew Smith,stephenjones@example.com,M,28.0,Bradleyborough,2024-11-02
U01964,Aaron Day,frankmorrison@example.com,F,22.0,Allenborough,2025-09-19
U04940,Samantha Martinez,anthonygrant@example.com,Other,,Allenville,2024-11-10
U00349,Margaret Gonzales,melissagalvan@example.net,M,42.0,Jameshaven,2025-01-18
U02435,Amber Allison,andreale@example.org,Other,24.0,East Janet,2025-12-15
U02247,Mr. Martin Morales,hannahmiller@example.com,F,54.0,Lake Stephanie,2025-07-29
U04349,Daniel Pham,alexisrodriguez@example.net,Other,23.0,Colemouth,2024-07-29
U03634,Kathleen Green,osbornejohn@example.net,Other,48.0,Hickmanchester,2025-01-17
U01710,Ashley Wilson,tracy91@example.com,Other,56.0,North Matthewton,2025-01-27
U01051,Austin Jones,mccannkimberly@example.net,F,25.0,Port William,2025-09-20
U00591,John Walker,sarahrose@example.net,M,33.0,West Taylorland,2025-10-31
U00520,James Smith,michael78@example.org,F,25.0,Lake Pamela,2025-07-02
U03381,Claudia Smith DDS,peterdawson@example.org,Other,27.0,West Erikafurt,2024-07-14
U04692,Lisa Garrett,susanromero@example.net,Other,50.0,West Brianfurt,2025-12-16
U04305,Eddie Hill,mariamaddox@example.org,Other,36.0,New Deannamouth,2024-06-19
U02478,Alexandria Garcia,elizabeth25@example.com,M,31.0,Manuelton,2026-01-04
U01084,Jennifer Little,megan44@example.net,M,59.0,Robertview,2025-12-25
U03922,Kimberly Wilson,alvaradonichole@example.org,Other,38.0,Danielchester,2025-06-01
U03611,Anthony Valdez,stephenperez@example.com,M,25.0,Christineville,Invalid_Data
U04988,Erika Marquez,virginiahutchinson@example.com,Other,70.0,Port Sierra,2025-06-28
U04708,Ann Bates,roachtravis@example.net,F,55.0,North Adamport,2024-02-07
U01295,Caleb Ray,halljoshua@example.net,Other,59.0,Port Jennifershire,2025-10-04
U01810,Rachel Cruz,darnold@example.com,M,53.0,Estradatown,2024-10-17
U03596,Caitlin Waters,leonkevin@example.net,F,64.0,South Brianside,2024-01-22
U00792,Brenda Raymond,patrickdunn@example.net,M,20.0,Patelbury,
,Jennifer Lane,jacquelineyoung@example.org,F,37.0,Port Andre,2025-02-18
,John Woodard,kaitlyndavies@example.net,Other,28.0,West Johnberg,2024-05-05
U01856,Shannon Gomez,clinton32@example.org,M,46.0,West Johnton,2025-01-19
U04967,Jennifer Coleman,sara03@example.net,F,63.0,Port Carriemouth,2025-06-30
U01981,Stephanie Garcia,mooreamy@example.net,,36.0,Lake Michelleville,2024-09-03
U03234,Jeremy Chang,crystalchandler@example.com,F,23.0,Port Richard,2025-02-28
U04017,Claire Diaz,cdunn@example.com,M,37.0,Smithchester,2024-11-27
U00934,Charles Cervantes,russellramirez@example.net,F,64.0,Coryport,2024-05-07
U03704,Felicia Atkinson,yrobinson@example.org,Other,40.0,Jamesport,
U03329,Preston King,alyssa01@example.net,M,45.0,Hendersonburgh,2024-03-28
U01531,Thomas Garcia,erin57@example.org,M,63.0,Ryanhaven,2024-04-08
U01411,Isaac Young,richard25@example.net,Other,68.0,Butlermouth,2025-09-29
U03525,Sylvia Arnold,estradakimberly@example.org,Other,25.0,New Denise,2024-06-24
U04482,Laura Mckenzie,pberry@example.net,M,29.0,New Kyleview,2024-06-20
U04852,John Powell,jerrynorman@example.net,F,51.0,Thomasville,2024-08-16
U00084,Rebecca Huang,kstout@example.net,Other,39.0,West Cassidy,2025-01-07
U00869,Meghan Nolan,harcher@example.org,Other,29.0,Reneestad,2025-10-17
U02351,Carol James,bradleyapril@example.com,F,40.0,Penaton,2025-12-05
U00021,Robert Peterson,angela83@example.org,F,18.0,Lake Richard,2025-02-15
U03743,James Sweeney,aprilhernandez@example.org,M,48.0,South Dustinshire,2025-01-18
U03976,John Wiley,austin55@example.org,Other,43.0,Port Richardland,2025-12-09
U02796,Daniel Cruz,richard07@example.com,M,23.0,East Melissa,2025-02-11
U03454,Brittany Andrews,catherine31@example.org,M,24.0,Burnsfort,2024-04-30
U04771,,emily95@example.com,M,34.0,Port Bonniemouth,2025-05-11
U01563,Chad Pennington,peggy57@example.com,Other,62.0,Morrisshire,2025-09-27
U04389,Kurt Davis,raymond30@example.com,Other,19.0,Port Christine,2025-12-04
U03094,Derek Gomez,mary37@example.net,Other,,East Todd,2024-11-04
U03156,Christopher Smith,christopherwilliams@example.com,Other,31.0,East Reneefort,2024-05-06
U00974,Michele Hill MD,roysara@example.net,F,66.0,Henryfort,2025-07-08
U01711,Heidi Greene,shane44@example.com,Other,64.0,Port Michael,2024-06-12
U03202,,cberger@example.net,Other,50.0,Angelafurt,2025-03-05
U04217,Michael Lambert,savagesteven@example.com,Other,63.0,Wrightstad,2025-01-15
U01758,Brandon Harris,vknight@example.net,F,57.0,Wilkersonfurt,2025-01-03
U01099,Dr. Katie Alvarez,daniel93@example.net,F,26.0,Jenniferside,2025-08-29
U04344,Raymond Barr,william61@example.com,F,36.0,Thomasland,2025-10-24
U02845,Jose Ramos,ngreene@example.net,Other,25.0,West Mariah,2024-09-03
U00887,Stephanie Harvey,odonnellmichael@example.org,Other,22.0,Khanmouth,2024-07-27
U03343,Kristen Burns,clifford26@example.org,Other,54.0,Lake Michelle,2024-09-29
U04018,Maria Adams,alexandra51@example.com,Other,42.0,Smithstad,2024-04-04
U03561,Mark Henry,sarah84@example.com,Other,70.0,Jessicafort,2024-10-18
U04779,Barbara Riley,michele17@example.net,Other,32.0,West Justinbury,2024-10-25
U03896,Lisa Ballard,fryjason@example.org,F,29.0,Christopherfort,2025-09-22
U04596,Anthony Wilson,heatherrogers@example.org,Other,22.0,South Tylerfurt,2024-10-21
U00516,Mr. Jimmy Flores Jr.,deborah47@example.com,M,27.0,Port Annette,2025-10-30
U04821,Kimberly Fry,dustinlewis@example.net,Other,45.0,Erikashire,2025-08-12
U00738,Terry Pope,richardhaynes@example.com,F,62.0,Brownshire,
U01454,Andre Cortez,janet71@example.org,Other,29.0,South Shawnbury,2024-02-15
U03554,Daniel Schmidt,john25@example.org,Other,48.0,,2024-11-11
U03610,Brendan Smith,,F,30.0,Port Chadfurt,2025-10-07
U02007,Connie Wells,lweber@example.org,Other,44.0,East Jeremy,2025-05-17
U04907,Christine White,brian81@example.net,Other,42.0,East Colleen,2024-04-25
U02507,Dustin Miller,matthew96@example.com,F,70.0,Jeremybury,2025-05-07
U02995,Brandon Banks,jamiejones@example.com,Other,21.0,Danielland,2024-03-29
U02127,Christopher Melton,hcardenas@example.net,Other,,Deborahstad,2024-11-04
U02927,Maria Nelson,brownjennifer@example.org,Other,29.0,Dustinfort,2025-07-29
U04954,Cheryl Holland,crice@example.org,F,44.0,Heatherchester,2024-06-12
U00907,Christine Thornton,priscilla37@example.net,Other,59.0,Shellyside,2024-08-07
U03985,Mrs. Amber Huff,,M,22.0,New Robert,2025-09-23
U01031,Tyrone Bradford,wallerbrian@example.net,F,51.0,East Jonathan,2025-06-30
U02508,Mary Cross,nathaniel23@example.net,F,24.0,South Kimberlytown,2025-08-27
U02429,Andrea Hill,qharvey@example.net,M,24.0,North Mirandaview,2024-10-29
U00948,Penny Rodriguez,david80@example.net,Other,38.0,Port Nicholasmouth,2025-11-03
U04885,Erin Wilson,cmoran@example.org,M,36.0,North Thomastown,2024-02-22
U00763,Gregory Smith,brettgallegos@example.com,M,60.0,South Timothyport,2024-12-27
U00716,Michael Cooper,lisa56@example.com,F,21.0,West Morganville,2024-01-09
U00285,Brian Andrews,fhernandez@example.net,M,62.0,Lake Jenniferview,2025-04-22
U00687,Joshua Allen,rtaylor@example.org,M,50.0,Port Andrew,2024-03-20
U00704,Jesse Brooks,,Other,33.0,Gonzalezborough,2024-01-10
U03342,Joseph Thomas,james22@example.org,F,43.0,South Wendyview,2025-10-21
U02354,David Moore,bwilliams@example.com,M,41.0,Sarahfurt,2025-04-13
U02258,Nicole Williams,sanchezemily@example.net,M,49.0,Karastad,2025-01-18
U03879,Katie Kelly,dcarson@example.net,F,69.0,Lake Davidfort,2024-09-12
U00474,Nicholas King,johnsonchristopher@example.net,F,63.0,,2025-06-07
U00022,John Joseph,fmcguire@example.com,F,37.0,South Heather,2024-08-17
U02753,Brittany Jefferson,karengould@example.net,F,64.0,Andreville,2025-03-20
U00886,Ashley Butler,shernandez@example.com,M,38.0,New Pedroshire,2024-08-15
U02449,Lisa Cohen,zcobb@example.org,Other,25.0,Johntown,2025-08-06
U00918,Darren Thompson PhD,halldiamond@example.org,Other,44.0,Rileyton,2025-02-14
U02572,Spencer Parks,lesliejohnson@example.net,Other,38.0,South Williamborough,2024-10-16
U01041,Timothy Kennedy,nathan45@example.net,M,33.0,Mariamouth,2024-11-30
U02240,Brian Lopez,pjimenez@example.com,F,30.0,Navarroville,2025-05-24
U00731,Wanda Todd,ujones@example.com,M,41.0,Heatherborough,2025-06-02
U03396,Robert Blair,ybennett@example.net,M,19.0,Paulmouth,2024-07-02
U01266,Ashlee Miller,hernandezroy@example.org,M,30.0,North Aaron,2024-05-15
U00484,Gerald Morgan,sullivanjason@example.net,F,47.0,Bentleyside,2024-04-24
U04526,Michael Cox,mikayla30@example.net,Other,43.0,West Hannah,2025-11-18
,Wendy Gonzalez,jaypetersen@example.org,F,55.0,New Christopher,2024-02-22
U01220,Maria Campos,johnboyd@example.com,Other,54.0,South Carolchester,2024-02-24
U00278,Jonathan Torres,colonkenneth@example.com,Other,49.0,Lunahaven,2024-09-09
U00989,Stacie Sanford,stephaniebradley@example.org,F,27.0,Lake Mason,2025-12-08
U02085,Edward Patterson DDS,angelamaynard@example.org,M,31.0,Turnerville,2025-05-01
U01246,Julia Gibson,reevesfernando@example.net,F,21.0,North Tonyaberg,2024-01-07
U02383,Megan Krueger,charlessims@example.org,F,51.0,Michellefurt,2024-03-07
U00572,James Davenport,andrewjohnson@example.net,F,52.0,North Terri,2024-05-30
U01436,Allison Hernandez,kimberlyblair@example.net,F,69.0,Elizabethland,2024-08-15
U00994,Cassandra Young,matthew09@example.net,Other,65.0,Melendezbury,2024-04-16
U03772,Michael Perez,sbennett@example.org,M,55.0,Kellyberg,2025-06-18
U04741,Ralph Kaiser,tiffany38@example.com,M,,Dawsonside,2024-03-18
U00586,Mary Gibson,brooke05@example.org,M,38.0,Nguyenshire,2024-04-10
U03527,Jacob Carrillo,morrismelissa@example.org,Other,46.0,Lake Arthur,2025-07-24
U03997,,paul08@example.net,Other,67.0,New Jasmin,2025-10-29
U02515,Robert Grant,sarahwatson@example.com,Other,36.0,Turnerborough,2025-08-28
U01350,James Kennedy,sbaker@example.net,M,49.0,Lake Rebeccatown,2025-10-12
U01008,Arthur Roberts,omatthews@example.net,F,59.0,Amberfort,
U00675,Michael Powell,mark09@example.org,Other,65.0,East Tiffany,2026-01-02
U02413,Jason Cameron,ucummings@example.net,M,53.0,Port Stephanie,2025-06-14
U02904,Rebecca Phillips,maria59@example.org,Other,70.0,Stuartfort,2025-09-21
U00448,Peter Lamb,beltrankatelyn@example.com,,27.0,North Lisa,2025-11-09
U03795,Jessica Cantu,aguilarthomas@example.org,F,54.0,Lake Joseph,2025-09-30
U02914,Carlos Rodriguez,cbaker@example.com,M,34.0,Hayesbury,2024-10-06
U04044,Justin Johnson,staceybrown@example.com,Other,27.0,Carterchester,2024-11-25
U00360,Kevin Nguyen,jacob43@example.com,M,56.0,Mullenmouth,2024-09-30
U02065,Sharon Wolfe,vtapia@example.net,M,66.0,West Joseph,2025-11-24
U04648,Hannah Miller,cartercharles@example.org,Other,70.0,Lake Christina,2025-04-20
U04128,Mrs. Kathy Garcia,kylelong@example.org,F,44.0,Port William,2025-07-08
U01691,Jenny Hinton,bryan79@example.net,Other,27.0,Washingtonside,2024-01-09
U04515,Garrett Thomas,qtodd@example.com,Other,28.0,Brittanyton,2025-12-12
U01549,Tamara Edwards,holly12@example.org,Other,63.0,Lake Derekmouth,2025-10-26
U01248,Michelle Curry,alexandra62@example.net,F,53.0,Martinezton,2024-06-06
U01986,William Greene,peter58@example.com,Other,20.0,Hansonshire,2025-07-26
U00295,Rebecca Richmond,pamela83@example.net,M,50.0,Clementsstad,2025-09-01
U01548,Mrs. Erin Phillips,dfleming@example.net,Other,29.0,East Cynthia,2024-10-29
U02013,Mary Johnson,joanna88@example.org,Other,59.0,New Deborah,2025-02-04
U00589,Tammy Mckee,michaeldavis@example.com,Other,41.0,South Sean,2024-10-16
U03330,Jennifer Davis,felicia15@example.org,F,68.0,Carrillobury,2024-04-26
U02404,Thomas Hale,riverasylvia@example.com,M,23.0,,2025-02-15
U02130,Kathryn James,davidmendoza@example.net,Other,46.0,Dakotaside,2024-06-02
U04581,Rodney Ellis,scottesparza@example.com,M,19.0,Dunlapburgh,2024-07-04
U04016,Derek Anderson,ellisemily@example.com,F,60.0,North Anthony,2024-09-17
U03509,Mr. Roger Erickson II,sherri61@example.com,F,59.0,Lake Steven,2024-03-31
U02411,Heather Peterson,williamtyler@example.org,M,24.0,South Felicia,2024-06-08
U02720,Christina Martinez,amandarichardson@example.net,F,32.0,East Michaelfort,2025-10-19
U04851,Brandi Wilson,stephentate@example.org,Other,66.0,South Angelaport,2025-05-13
U00426,George Savage,fernandothomas@example.net,M,46.0,South Kylemouth,2024-08-05
U02583,Jennifer Johnson,heathersummers@example.com,Other,23.0,Leberg,2025-11-30
U01055,Heather Beard,jacobhernandez@example.com,F,67.0,North Anthony,2025-03-22
U04936,Christopher Wells,wmcknight@example.com,F,61.0,Louisport,2025-10-22
U04761,Christopher Wilson,katrina35@example.net,F,38.0,Travisland,2024-06-09
U00557,Charles Hernandez,megan65@example.org,M,36.0,Port Robert,2025-08-31
U04548,Hunter Brown,alexis13@example.net,F,68.0,Timothyview,2025-06-12
U02055,Lisa Williams,wilsonjared@example.net,F,23.0,Jasonshire,2024-03-20
U04919,Kimberly Lang,turnerdenise@example.net,F,65.0,Simpsonville,2025-02-16
U02470,Olivia Herrera MD,cthompson@example.org,M,,Averyfort,2024-04-30
U03739,Victoria Melton,,Other,60.0,Meganfort,2025-08-08
U04917,Autumn Carter,bbarrett@example.net,M,37.0,Palmertown,2024-05-26
U00356,Steven Adams,victorgonzalez@example.net,Other,67.0,Port Joseph,2024-06-22
U01194,Kyle Bryant,xstephens@example.net,M,66.0,Jessicaside,2024-04-22
U01717,Karen Shaffer,garciaanne@example.org,M,65.0,,2024-05-23
U03417,Jimmy Flores,zmartin@example.net,M,58.0,Angelashire,2025-08-03
U02605,William Jackson,ndiaz@example.net,F,58.0,Adamsmouth,
U04311,Nicole Owens,qbrown@example.org,Other,25.0,North Paul,2024-09-11
U02829,David Davenport,qmiller@example.org,Other,55.0,Sergiostad,
U01705,Mary Gonzales,greenkyle@example.com,F,45.0,Ambermouth,2024-10-05
U02864,Jennifer Mills,debbie01@example.org,Other,42.0,Nathanside,2024-05-29
U04074,Abigail Anderson,robertkelly@example.net,Other,28.0,Maynardburgh,2025-02-26
U02619,Dr. Angela Jordan,vwhite@example.net,Other,23.0,Port Josephberg,2025-04-05
U02401,Michael Reed,liujessica@example.com,Other,32.0,Port Kathyberg,2025-11-02
U02140,Anna Chavez,kimlee@example.net,M,22.0,Lake Brian,2025-02-24
U03240,Sandra Smith,annemeyers@example.com,Other,21.0,New Steven,2024-08-06
U02384,John May,meganpatrick@example.com,Other,62.0,Davilamouth,2024-12-02
U03219,Nicholas Russell,scott52@example.net,M,20.0,East Jacqueline,2025-08-17
U04101,Christine Castillo,davissarah@example.org,M,25.0,Lake Brittany,2025-01-10
U01286,Jerry Martinez,edixon@example.net,Other,27.0,Kristenstad,2025-08-05
U04458,Valerie White,npowell@example.net,M,55.0,Thomasberg,2025-08-19
U01773,Troy Jefferson,vbradley@example.net,M,67.0,Port Jimmy,2025-05-22
U04667,Steve Young,amy82@example.org,Other,56.0,Mcclureview,2025-07-17
U02088,Gabrielle Murillo,katherinecrawford@example.com,M,61.0,North Donstad,2024-07-31
U01890,Lisa Abbott,barcher@example.net,M,30.0,Laurenmouth,2025-09-18
U03831,Edgar Brooks,fpark@example.net,F,57.0,West Jasonfurt,2025-10-01
U01592,Aimee Rivera,william52@example.com,F,52.0,West Kristin,
U01347,Michael Vasquez,richardmorris@example.org,,21.0,South Melissaland,2025-12-05
U04629,Laura Allen,kimberly46@example.net,F,35.0,Lindabury,2025-12-11
U02163,Benjamin Wilcox,donald44@example.com,M,36.0,Lake Tamara,2024-09-17
U02397,Troy Ford,davidrivera@example.org,M,66.0,New Johnfurt,2025-06-22
U03981,Kenneth Roberts,johnathan50@example.org,Other,Invalid_Data,Aguirretown,2024-09-06
U02272,Elizabeth Nguyen,cohencindy@example.net,M,62.0,South Michelle,2025-05-08
U04689,Melinda Norris,timothydeleon@example.org,F,64.0,Port Wendy,2025-06-16
U03112,Jessica Lopez,whitemichael@example.org,Other,49.0,North Elizabeth,2024-12-05
U01138,Invalid_Data,kathryntucker@example.net,F,27.0,Lake Coltonland,2024-03-09
U00593,Jennifer Marshall,michael91@example.net,F,51.0,North Joymouth,2024-05-17
U00973,Erin Bartlett,wesley09@example.com,F,50.0,Lake Joshuafort,2024-10-24
U00796,Anthony Rodriguez,woodsbrittney@example.org,F,20.0,East Michaelland,2024-07-04
,Isaiah Kelly II,kellyadam@example.net,Other,69.0,North Angela,2024-06-17
U01712,Elizabeth Russo,daniel71@example.com,Other,36.0,Jacquelineshire,2024-12-07
U03388,Donna Ward,imiller@example.net,F,30.0,New Josephstad,2024-02-22
U00037,Kathleen Ramos,harrisandrea@example.com,Other,60.0,Gilmorefort,2024-04-04
U00454,Jeremy Parker,gjones@example.net,F,68.0,Murphyton,2024-03-13
U00914,Laura Stone,susanmcdonald@example.org,M,23.0,North Juan,2025-05-19
U04676,Joshua Gonzales,sarahblack@example.net,M,28.0,South Johnchester,2025-11-19
U01200,Jason Walton,perezdawn@example.org,M,33.0,Lake Aaron,2025-08-09
U01275,Nichole Zimmerman,susan92@example.org,F,52.0,West Robert,2024-12-27
U02376,Cynthia Dunn,rwallace@example.org,M,34.0,Whitneychester,2024-12-27
U00038,Lisa Allen,lancesmith@example.com,M,23.0,East Victoriaville,2024-12-09
U00975,Kimberly Garcia,anthony22@example.org,Other,35.0,South Maryville,2024-02-16
U03196,Alexandria Freeman,lauriereese@example.com,M,22.0,Michaelmouth,2025-09-14
U00984,Debra Palmer,jonathanmcdonald@example.org,F,50.0,New Dominiqueburgh,2024-12-19
U03298,Terry Morales,nielsenapril@example.net,Other,31.0,West Lisafort,2025-12-13
U04552,Ricky Valentine,lgordon@example.org,Other,34.0,New Deborahville,2024-05-06
U01419,Daniel Cervantes,mclaughlinjames@example.org,F,28.0,East Catherine,2025-10-10
U03333,Sharon Luna,pachecopatricia@example.net,M,48.0,South Karenbury,2024-01-13
U01561,Richard Parker,jonesjo@example.org,F,29.0,Lake Pattychester,2025-09-11
U00040,Kyle Francis,michellehill@example.com,M,47.0,Sarahhaven,2024-07-20
U01487,Amber Martinez,jenniferfrazier@example.org,F,24.0,Vangbury,2025-05-30
U00521,Jeremy Martin,achandler@example.org,F,54.0,East Jaredfort,2025-12-29
U00170,Evelyn Campos,krystalnorris@example.org,Other,68.0,Brianchester,2024-06-24
U01356,Andrew Lee,meyerjames@example.com,Other,48.0,Wilkersonland,2025-08-27
U02786,Ryan Lewis,mpeters@example.org,F,42.0,West Kimberlyberg,2024-10-22
U04776,Jasmine Powers,david33@example.com,M,44.0,Hendersonside,2024-04-03
U04957,Rickey Hanson,tara59@example.net,Other,70.0,West Lawrenceland,2024-01-10
U03721,Sara Ramirez,ortizmichelle@example.org,Other,62.0,West Joystad,2025-02-15
U03613,Shane Lee,andersonmichael@example.com,Other,68.0,Lopezberg,2025-08-20
U00988,Cynthia Donovan,fisherkim@example.net,F,51.0,Watkinsburgh,2025-01-15
U02683,Rachel Peterson,nicholas54@example.org,Other,23.0,Masonbury,2024-10-10
U04911,Daniel Patterson,jamesbennett@example.net,F,23.0,West Tiffany,2025-03-24
U04240,Robert Alvarado,waynebaker@example.net,F,57.0,North Jeremiah,2024-12-19
U01641,Eric Carter,,Other,47.0,Lake Shannon,2025-03-05
U01291,Joseph Miranda,thomasspencer@example.net,M,30.0,Davidton,2025-08-03
U03682,Sherry Harris,jcook@example.org,Other,51.0,Obrienton,2024-07-11
U01381,Christopher James,karenyoung@example.net,F,67.0,Davidfort,2025-02-09
U01934,Debbie Higgins,pcaldwell@example.net,Other,70.0,South Brandonfort,2025-08-29
U00580,Joseph Thomas,edwardstiffany@example.com,M,38.0,Juliechester,2024-07-31
U04404,Haley Jensen,xhenderson@example.org,M,56.0,Port Aprilberg,2024-08-28
U03161,John Kim,mpark@example.net,F,55.0,New Jerome,2024-09-11
U02031,Andrea Flowers,patricia13@example.com,M,39.0,Elizabethfurt,2025-06-01
U00893,Phillip Obrien,mcleanmanuel@example.net,M,45.0,Grayshire,2025-02-16
U04204,Sharon Clark,mariorodriguez@example.com,Other,52.0,,2024-01-30
U00781,Cody Huffman,ashleyharding@example.org,M,40.0,Andrewburgh,2025-10-15
U03989,Frank James,lbright@example.net,F,27.0,Patriciahaven,2024-07-25
U00160,Dale Edwards,hartjeffrey@example.org,F,25.0,West Angelashire,2025-03-05
U00003,Frances Cardenas,emilywalker@example.org,F,46.0,North Brandon,2025-12-26
U02264,Matthew Cox,rtaylor@example.net,M,20.0,New Triciaburgh,2025-06-03
U03217,Erin Campbell,laura91@example.net,M,24.0,Ernesthaven,2024-06-28
U02110,Carrie Turner,wangjoshua@example.com,F,42.0,West Daniel,2024-09-04
U00850,Shannon Ramsey MD,leerachel@example.com,F,51.0,Lake Mirandaview,2025-10-13
U02738,Jennifer Ali,jonathan73@example.net,Other,43.0,New Scott,2025-02-11
U02467,Dustin Webster,atkinsonjessica@example.net,M,35.0,South Mariah,2025-01-24
U04037,Allison Johnson,sheltonbrian@example.org,M,69.0,South Connieburgh,2024-09-26
U04959,Terri Jones,ballardadam@example.com,F,55.0,Weaverfort,2024-09-21
U01597,Heather Jackson,millerjessica@example.com,Other,59.0,New Juanburgh,2024-06-07
U01777,Emily Bates,heather58@example.org,F,63.0,Edwardtown,2024-05-24
U01914,Latasha Washington,denniswilliams@example.com,Other,33.0,New Alice,2024-05-20
U01044,Lisa Alexander,daniel32@example.com,F,67.0,Davidshire,2024-12-15
U04920,Andrea Hernandez,victoria65@example.org,F,61.0,Christophershire,2024-07-16
U01545,Anthony Velasquez,janet65@example.com,F,55.0,Michaelstad,2025-12-09
U02737,Todd Mann,danielle81@example.org,F,32.0,Michaelfort,2025-08-24
U04047,David Thomas,shawmelanie@example.com,Other,20.0,Port Kaylatown,2025-03-18
U04818,Tanya Vasquez,ugeorge@example.net,Other,43.0,Kellyfort,2025-08-09
U00054,,julie51@example.com,M,33.0,East Karenbury,2025-09-26
U01797,Cynthia Perez,vincent82@example.net,M,38.0,New Zacharyshire,2025-08-14
U03589,Donna Jackson,chaselindsey@example.net,Other,44.0,Port Erik,2025-06-20
U03846,Eric Cooper,timothyjenkins@example.org,F,63.0,Johnnyburgh,2025-02-11
U01912,Kimberly Wilson,pbolton@example.net,M,44.0,Joshuafurt,2024-11-02
U02307,Shannon Bass,jeansmith@example.com,M,31.0,West Richard,2025-12-21
U02554,Thomas Parsons,luis62@example.com,M,51.0,Padillaside,2025-02-03
U02801,Zoe Davis,tina65@example.org,Other,59.0,West Howard,2024-01-28
U00937,Travis Simmons,dmeyer@example.com,F,50.0,Lake Jasmineville,2024-11-26
U04309,Marcus Thompson,alexanderashley@example.net,Other,64.0,West Douglasside,2024-06-08
U00825,Melanie Walters,cowanlinda@example.org,M,22.0,Lake Allenchester,2024-03-22
U04942,George Neal,zacharyharris@example.org,M,36.0,Lake Christopher,2025-03-07
U03179,Joseph Turner,bdelgado@example.org,Other,66.0,Lake Allen,2025-03-24
U03402,Kari Le,ngraham@example.net,Other,52.0,Brewerhaven,2024-09-18
U01390,Gregory Craig,gayerika@example.net,M,67.0,Alexismouth,2025-02-04
U03565,Jessica Powell,roberthenderson@example.net,F,20.0,Port Daisymouth,2024-11-20
U03315,Brooke Le,wattsjason@example.net,,56.0,South Rebekahchester,2024-12-09
,Mary Jackson,thomasroberts@example.net,Other,22.0,New Trevorview,2024-10-18
U04880,Jordan Sanchez,yfrancis@example.com,Other,29.0,Stephaniestad,2025-03-07
U03647,Nicholas Baxter,fjohnson@example.com,M,54.0,,2024-06-26
U03732,Michael Gates,kelsey80@example.com,F,61.0,New Patricia,2024-02-06
U01608,Dr. Phillip Roman PhD,patrickgarcia@example.com,M,57.0,East Randystad,2025-04-22
U01595,Brooke Perry,turnerlevi@example.com,Other,31.0,Lake Lisa,2024-12-03
U00772,Nathan Williams,robertdawson@example.net,F,34.0,Patriciamouth,2025-04-11
U02612,Derek Johnson,qclark@example.com,M,66.0,West Dustin,2024-11-24
U03783,Gary Williams,sandra01@example.net,Other,21.0,Johnshire,2025-03-06
U03225,Michael Vasquez,carneysamuel@example.org,Other,42.0,North Rachel,2025-10-28
U02274,Dr. Jeffrey Beck,xgreene@example.org,M,24.0,Jesusside,2024-10-13
U01869,Travis Walker,nealrobert@example.org,Other,33.0,South Todd,2024-02-03
U01086,Jamie Stone,gwilliams@example.net,Other,65.0,New Codybury,2024-09-26
U00011,George Shelton,dramsey@example.org,M,63.0,South Brittanytown,2024-03-08
U03946,Jamie Hernandez,kellybrewer@example.net,M,64.0,Kristenton,2024-01-10
U01326,Amy White,laurenallen@example.org,F,19.0,East Amberland,2024-09-10
U03391,Cassandra Hebert,michaelthomas@example.com,F,59.0,Garciaborough,2024-09-19
U01464,Pamela Kim,jillianrasmussen@example.net,Other,37.0,Brandiville,2026-01-03
,Wendy Franklin,seth25@example.com,F,41.0,Cindychester,2024-02-05
U04081,Shane Thompson,bruce94@example.net,F,23.0,West Hollyhaven,2025-01-24
U04220,William Jacobs,lindsay69@example.net,M,26.0,Wayneberg,2025-03-25
U04111,Robert Rollins,howardharold@example.com,F,,Mcgeeport,2025-05-16
U02109,Joe Hood,marcuswalter@example.org,F,44.0,Emmabury,2025-07-03
U04420,Thomas Guzman,robert90@example.com,M,30.0,Port Jeremiah,2025-06-14
U02042,Rebecca Olsen,aaron25@example.com,M,41.0,Lake Jenniferborough,2025-09-06
U02235,Jennifer Perry,youngannette@example.net,F,47.0,Lake Shawnafort,2025-12-30
U03212,John Morrison,danacoleman@example.com,F,67.0,South Debra,2025-11-23
U00964,Antonio Harrison,carlfields@example.org,F,26.0,Courtneyborough,2024-07-25
U03416,Charles Black,keith30@example.com,F,69.0,Emilystad,
U02865,Brian Randall,bradleysullivan@example.org,F,57.0,New Jeanbury,2025-06-07
U00399,Laura Robinson,,Other,41.0,Petersenshire,2025-08-28
U02633,Luis Peters,udavis@example.org,Other,53.0,Lake Erik,2024-01-19
U01999,Jessica Jackson,joseph03@example.org,F,46.0,Rhondaberg,2024-09-05
U02997,Seth Thompson,joseph67@example.net,Other,28.0,Lake Karen,2025-08-25
U00705,Monica Brooks,zfrost@example.net,F,69.0,Patrickport,2025-04-19
U00432,Joseph Warren,cherylrodriguez@example.net,F,35.0,South Jenniferport,2024-11-14
U04872,Robert Flores,kimstein@example.net,F,23.0,East Garrett,2024-04-20
U00293,David Cordova Jr.,andreagray@example.org,Other,27.0,South Seanshire,2024-11-29
U01982,Timothy Perez,smithcharles@example.net,M,29.0,Kimburgh,2024-04-16
U00146,Steven Griffin Jr.,williambryant@example.org,M,41.0,Chambersport,2025-06-18
U04329,Crystal Malone,cookadam@example.com,F,30.0,Boydview,2024-10-05
U02034,Nicole Andrews,lmann@example.org,Other,64.0,South Nicholas,2024-12-08
U03742,Michael Bender,moonryan@example.net,F,19.0,New Carol,2024-09-11
U03243,Autumn Walker,jonesterry@example.com,Other,22.0,West Samuelmouth,2024-10-29
U01166,James Barker,mikewaller@example.org,Other,21.0,South Mitchellbury,2024-06-08
U03501,Selena Harrison,eblake@example.org,M,36.0,Lake Ronaldstad,2024-04-30
U02051,Cody Shaw,tiffany50@example.net,F,25.0,Ruthberg,2024-05-08
U03761,Amanda Cameron,nicholas17@example.org,F,22.0,West Elizabethmouth,2024-03-20
U02625,Robert Taylor,jacquelineallen@example.org,,32.0,Johnsonchester,2024-09-08
U04570,Michelle Smith,vazquezjamie@example.org,Other,53.0,Gilbertside,2025-06-28
U00340,Scott Gordon,mserrano@example.org,Other,52.0,South Rachel,2025-03-20
U04167,Sheila Gaines,jessicatucker@example.com,,38.0,New Jessica,
U04011,Jeffrey Ford,,Other,39.0,,2025-01-11
U02974,William Thomas,erikacarlson@example.com,F,62.0,Fischermouth,2024-04-11
U00266,Matthew Palmer,wellsdavid@example.org,F,48.0,East Johnnyport,2025-06-11
U02425,Caitlin Blackwell,zharris@example.net,Other,56.0,West Laurieport,2025-02-24
U01263,Brad Martin,qfry@example.org,M,48.0,Saraton,2024-11-20
U01772,Jody Wheeler DDS,blackashley@example.net,F,64.0,North Johnnyfurt,2025-08-12
U03512,John Rodriguez,tjones@example.net,M,29.0,Douglaston,2025-12-21
U00272,Kristin Gaines,destiny35@example.org,M,35.0,Robertmouth,2024-10-04
U00697,Dan Johnson,vstevenson@example.org,F,20.0,Lonnieton,2025-01-21
U00748,Kenneth Campbell,catherine02@example.com,F,33.0,Whiteside,2025-02-13
U00245,Mrs. Stacey Davis,sean43@example.org,F,57.0,West Jonathanville,2025-06-16
U00318,Michael Nichols,avilabrenda@example.net,Other,63.0,West Sarahville,2024-08-05
U00477,Cassandra Jones,chelseywhite@example.com,Other,27.0,East Amberchester,2024-06-14
U02033,Kimberly Roberts,tashatownsend@example.org,F,62.0,South Suzanne,2025-04-14
U00958,Linda Savage,hannah87@example.net,,21.0,Edwardsbury,2024-08-29
U00029,Theresa Clark,josephmiller@example.org,F,19.0,New Charles,2024-01-08
U00814,,mtate@example.com,M,,Calebmouth,2026-01-04
U04354,Bailey Watts,mrodriguez@example.com,F,23.0,South Wayne,2025-03-07
,Kristy Anderson,ebutler@example.com,Other,,Thompsonstad,2024-10-08
U03811,Erin Walters,shellycowan@example.net,F,63.0,Port Ivan,2024-11-29
,Mark Brown,marklowery@example.org,F,26.0,,2024-12-16
U03488,Frank Conway,diamond85@example.com,Other,65.0,,
U01298,Christopher Ayers,christopherjackson@example.net,F,64.0,Lake Lisafort,2024-06-14
,Nicholas Bell,michael25@example.net,M,21.0,Port Jaredburgh,2025-09-11
U01805,Alison Livingston,amills@example.com,M,69.0,Port Taylor,2025-07-15
U00759,Matthew Perez,xbrooks@example.com,F,45.0,New Lisa,2024-03-26
U00251,Rodney Weber,bgonzalez@example.org,F,62.0,Lake Kelly,2024-03-06
U02462,Lisa Baxter,cooktyler@example.com,F,60.0,Tylerville,2025-10-21
U00546,James Stevens,thompsondonna@example.com,M,21.0,South Ryan,2024-08-22
U03242,Adam Cruz,kallen@example.org,Other,20.0,Martinezport,2025-02-18
U00739,Marissa Molina,tammymerritt@example.org,M,66.0,North Angela,2025-08-14
U00311,,robertherrera@example.org,F,52.0,Jeffreyborough,2025-05-05
U03522,Miguel Stephens,ambergonzalez@example.net,Other,59.0,Traceymouth,2025-10-17
U02942,Samantha Johnson,cturner@example.org,Other,49.0,New Rachelport,2025-06-03
U01132,Yvonne Macias,jody64@example.org,Other,63.0,South Robertside,2025-09-20
U01450,Patricia Hayes,torozco@example.net,F,35.0,West Scottstad,2024-10-04
U00493,Robert Jennings,kjimenez@example.net,,43.0,North Deannaport,2024-06-08
U00016,Eric Byrd,tsanders@example.org,M,31.0,New Hannahbury,2024-03-21
U03233,Nicholas Williams,hendricksemily@example.org,M,59.0,,2025-11-22
U02770,Peter Hughes,xgraham@example.org,M,64.0,Candiceberg,2024-07-22
U03469,Joann Mills,bryanjackson@example.org,,42.0,West Sheilaberg,2025-03-17
U00921,Heather Hester,thomas49@example.org,Other,52.0,West Bradley,2025-11-17
U03030,Anne Rogers,christine72@example.org,F,56.0,Gutierrezport,2025-05-16
U01373,Jessica Myers,dbrown@example.org,Other,64.0,Gordonland,2024-03-06
U03588,Dr. Christy Lewis DVM,qshepherd@example.org,F,39.0,Port Nicoletown,2024-03-18
U02545,Crystal Thornton,elizabethvega@example.net,M,38.0,Jamesmouth,2024-09-04
U03960,Elizabeth Meyers,qwilliams@example.net,Other,29.0,,2025-03-23
U03599,Jared Gibbs,morenobruce@example.com,F,56.0,North Markville,2024-06-21
,Ronnie Jimenez,william46@example.com,Other,45.0,Sanchezside,2024-04-21
U00364,Karen Soto,qgarner@example.com,Other,66.0,Annview,2024-09-14
U04282,Douglas Carter,michellerodriguez@example.com,F,29.0,South Nicoleshire,2024-09-21
U00183,Kristine Newman,vrasmussen@example.com,M,53.0,North Coreybury,2025-01-14
U03034,Kristy Fitzgerald,amanda74@example.net,Other,51.0,Port Christopherfurt,2025-04-22
U02984,Rebekah Ho,dawnmerritt@example.org,F,42.0,Port Saraton,2024-12-04
U01195,Hannah Thompson,wwatson@example.com,M,37.0,Port Emily,2025-10-18
U02853,Jeremy Huff,rpeck@example.com,Other,61.0,West Justin,2025-06-07
U00131,Mrs. Jamie Frye DDS,amy49@example.com,Other,47.0,,2024-08-12
U01122,Michael Arias,smitchell@example.com,F,39.0,Danielville,2024-10-21
U03885,Michael Jacobson,alexandersmith@example.net,F,34.0,Millerhaven,2024-06-16
U02236,Lindsay Owens,deborah67@example.org,M,48.0,North Andrewberg,2024-03-06
U02668,Ronald Crawford,karen25@example.net,Other,41.0,Hernandezland,2025-09-01
U04040,Lauren Schmitt,lross@example.org,Other,52.0,Lake Rachelport,2025-03-28
U03224,Adrian Wilson,christopher70@example.com,M,54.0,,2025-05-11
U01183,Gabriel Green,santosshannon@example.com,Other,44.0,Harrisville,2024-02-06
U04367,Rhonda Butler,heathergarcia@example.com,F,32.0,North Julie,2024-12-07
U04481,Sandra Johnson,christina85@example.net,F,61.0,Heatherchester,2024-09-04
U00615,Angela Medina,vhardy@example.org,Other,46.0,Jasonhaven,2025-02-13
U03562,Nicole Ortiz,mariavaughn@example.org,M,21.0,Lake Rebeccamouth,2024-01-26
U01467,Taylor Acevedo,younggabrielle@example.net,Other,45.0,Lesterville,2024-03-08
U00402,Jonathan Walker,nunezwendy@example.com,M,57.0,East Ryanfurt,2024-04-24
U03043,Amanda Winters,charles36@example.com,F,24.0,East Brianna,2024-08-30
U00935,John Walker,keithhardin@example.net,F,43.0,East Elizabethberg,2024-03-17
U02420,Dr. Andrew Reyes,jon85@example.com,Other,47.0,Chanmouth,2024-07-04
U04243,Wayne Flores,stacyphillips@example.net,M,30.0,Port Gregoryport,2025-03-03
U04713,Erica Jones,ronald91@example.com,F,48.0,East Rhonda,2025-11-27
U02642,Jennifer Newman,allisonskinner@example.com,M,44.0,Franklinport,2025-12-11
U04233,Ray Scott,linda03@example.com,F,40.0,Port Wanda,2025-11-14
U00727,Courtney Foster,sstewart@example.org,M,44.0,Frazierberg,2025-03-21
U00827,James Gonzalez,wsampson@example.com,F,41.0,Odonnellfurt,2024-01-12
U01522,Stephanie Bender,aaron78@example.com,F,32.0,South Christinashire,2024-07-21
U03912,Steven Green,jford@example.org,F,48.0,Mcgeebury,2024-01-22
U04953,Brian Ramirez,hneal@example.net,M,50.0,East Chelsea,2024-12-03
U02931,Brandon Levine,,M,65.0,Lopezmouth,2025-11-01
U00137,Kenneth Nichols,gentrygregory@example.org,Other,66.0,Port Randyfort,2024-05-22
U03591,Sarah Daugherty,john80@example.com,Other,31.0,Millerside,2025-06-09
U00629,Lauren Miller,richard07@example.org,M,41.0,Samuelchester,2024-01-24
U00335,Christine Lopez,carolyn13@example.com,M,47.0,Jenniferfort,2025-05-14
U03854,Ruth Church,justin21@example.net,Other,57.0,Jameston,2025-10-29
U00391,Timothy Clark,fhebert@example.com,M,68.0,West Angelachester,2025-08-29
U04580,Brian Wilson,courtneybraun@example.net,F,38.0,Hinesfort,2025-11-09
U03158,Kimberly Thomas,jeffersonchristine@example.com,Other,45.0,Wagnerview,2024-05-05
U04140,Alan West,nhartman@example.net,M,31.0,Hayesmouth,2025-06-06
U01818,Barbara Kennedy,manuel12@example.net,M,64.0,South Rebeccamouth,2025-08-19
U03991,Martin Williams,myerspaula@example.org,M,20.0,Brownfort,2025-11-30
U00401,Sheila Perez,walterscrystal@example.org,M,48.0,Alicemouth,2025-02-04
U00711,Jennifer Parker,lisasmith@example.org,F,50.0,Warrenport,2025-06-25
U01040,James Jackson,chelseamoore@example.net,Other,48.0,Valdezchester,2025-07-30
U00778,Stacey Baker,rickycarr@example.com,M,67.0,Lake Lisastad,2024-06-15
U03360,Michael Bowen,feliciathompson@example.com,F,57.0,East Deanna,2024-02-15
U00047,Robert Carter,ryan38@example.com,F,34.0,East Gregory,2025-03-27
U01562,David Walsh,pdixon@example.org,F,58.0,North Christopher,2024-10-19
,Tina Raymond,mathewanderson@example.net,M,57.0,New Codyton,2024-02-03
U04599,Brandon Wong,thomas08@example.org,M,52.0,New Franklin,2024-03-15
U03994,Douglas Martin,gabrielfrey@example.net,Other,39.0,East Alexa,2025-08-03
U03643,,jonathan87@example.net,F,54.0,Port Laurenview,2025-10-23
U03727,Luis Paul,joseph44@example.net,Other,23.0,North John,2025-04-14
U01283,David Hays,gregory30@example.net,F,38.0,Millerbury,2025-11-28
U01113,Michaela Boyd,justintaylor@example.org,F,50.0,Sherylchester,2024-10-28
U02514,Justin Garcia,malloryford@example.org,,68.0,Lake Davidberg,2024-09-10
U03609,Leslie Boone,davisemily@example.org,M,63.0,Karinaberg,2024-02-20
U01224,Susan Knight,teresa35@example.net,F,33.0,Ramirezchester,2025-05-10
U00710,Kim Tanner,jessica11@example.net,F,67.0,Lisaview,2025-07-07
U03024,Miss Sandra Horton DDS,bstephens@example.org,Other,43.0,South Edwardtown,2025-02-19
U02422,Jennifer Holder,michaelowen@example.com,M,70.0,Piercemouth,2025-02-07
U01509,Christopher King,jose60@example.net,F,64.0,Port Amanda,2024-09-27
,Brianna Christensen,ujohnson@example.net,Other,61.0,Hernandezfurt,2025-12-25
U02039,Hayley Ellis,bvelez@example.com,M,43.0,Port Lisa,2025-08-23
U04922,Sean Dunn,vmartin@example.com,F,60.0,Brandonburgh,2024-09-08
U04063,Michele Horton,eacevedo@example.com,F,38.0,New Jenniferbury,2025-11-03
U01800,Cynthia Thomas,dbrown@example.org,F,,North Yvonne,2024-06-02
U00339,Kayla Jackson,sandra99@example.org,F,36.0,South Paul,2024-03-26
U00216,Meredith Martin,alexandra42@example.com,M,61.0,Lake Kimberly,2024-07-21
U03664,Terry Lin,qdavis@example.com,Other,37.0,Lake Dylanton,2025-12-01
U01342,Elizabeth Chung,barnettterry@example.com,M,59.0,Connerport,2025-01-15
U00012,Sean White,nicholas37@example.com,M,22.0,Kathleenfurt,2024-07-28
U03887,Travis Pierce,pratteddie@example.net,F,35.0,North Raymond,2024-04-18
U01521,Mary Henderson,jonesrebecca@example.com,Other,45.0,Kerryland,2025-06-08
U03895,Sarah Smith,philiphammond@example.com,Other,33.0,Josestad,2024-06-02
U03641,Deborah Morris,hendersonkimberly@example.net,F,65.0,Carlsonburgh,2025-04-12
U00330,Renee Mendez,katherinetaylor@example.org,M,,New Stacy,2025-05-03
U03005,Keith Russo,peterpayne@example.org,F,40.0,Diazstad,2025-08-15
U04992,Rebecca Randolph,heather76@example.com,F,69.0,Rodriguezside,2025-09-09
U03116,Jodi Anderson,amandalopez@example.org,M,29.0,Brianbury,2025-05-01
U01307,Brenda Ramirez,ehammond@example.net,Other,20.0,New Shawnport,2025-04-21
U02323,,elizabeth55@example.com,F,51.0,Figueroachester,2024-06-28
U03550,Savannah Pope,rchen@example.net,F,52.0,Katrinaburgh,2025-07-31
U01459,Eric Rivera,fischerlaura@example.org,F,69.0,Chapmanmouth,2024-04-06
U00172,Todd Reynolds,nmiller@example.com,Other,42.0,Lake Charles,
U04380,Becky Miller,triley@example.org,M,56.0,,2024-02-27
U03570,Anthony Santiago,warrenjames@example.net,M,24.0,Malloryshire,2024-01-20
U04304,Michael Joseph,aanderson@example.com,F,59.0,Port Sarashire,2025-05-14
U00939,Jesse Moss,mannleroy@example.org,F,33.0,Garciahaven,2024-08-26
U00061,Christine Gallegos,brendali@example.org,Other,34.0,Kimtown,2024-07-27
U01241,Danielle Fox,shawn42@example.com,M,66.0,Monicaburgh,2024-06-22
U04370,Christina Stein,gutierrezkevin@example.net,F,37.0,Lake Amber,2025-03-16
U02121,Vanessa Taylor,christophercruz@example.net,M,65.0,Owensside,2025-07-21
U01525,Krystal Kennedy,eharrington@example.com,Other,60.0,West Leahchester,2024-05-18
U00154,Gregory Schneider,ufloyd@example.net,F,24.0,Russellport,2024-10-08
U00482,Andrew Cruz,kentprice@example.org,F,42.0,Tommouth,2025-06-27
U03921,Christina Obrien,danarusso@example.org,F,42.0,Michaelport,2025-09-01
U01763,Mario Stewart,sandraruiz@example.org,M,18.0,Morrisonport,2025-06-16
U00751,Desiree Patterson,kevinhodge@example.com,F,58.0,Townsendland,2025-04-14
U01786,Laura Branch,fjones@example.org,Other,64.0,Lake Rebeccaside,2025-06-12
U02712,Cheryl Cook,karibrown@example.com,M,54.0,South Cheryl,2025-12-20
U01334,James Martinez,rhernandez@example.net,Other,34.0,West Mike,2024-02-11
U04650,Ashley Smith,ashley96@example.com,F,58.0,North Wendymouth,2024-10-03
U02855,Shelly Orozco,amy49@example.net,M,42.0,Murrayview,2025-11-10
U00187,Justin Mullen,laurensoto@example.org,Other,48.0,Fosterborough,2024-11-30
U01137,Jeremy Benson,lbradley@example.com,M,26.0,Lake Richard,2025-07-31
U02059,Mallory Wells,joshuaberry@example.net,F,29.0,Gregoryfort,2025-09-05
U04382,Wendy Rivera,jenniferwebb@example.net,Other,48.0,Hartmanborough,2025-05-13
U00149,Barbara Haney,urice@example.org,Other,26.0,Port Andrewport,2024-12-10
,Nicole Reilly,sarahjenkins@example.org,M,33.0,North Paul,2025-08-04
U03364,Tonya Williams,steven77@example.net,Other,41.0,Taylorborough,2025-01-10
U02867,Matthew Crane,allisoncampbell@example.com,F,63.0,Port Katelynmouth,2024-11-17
U03777,Craig Smith,daniel06@example.org,F,43.0,East Michael,2024-09-08
,Kimberly Mcdowell,amyferrell@example.com,F,29.0,West Jeremymouth,2025-12-08
U04938,Paul Ball,melissamccarthy@example.com,Other,63.0,North Jessicamouth,2024-11-13
U03630,Hannah Steele,barrettrachel@example.com,Other,54.0,,2025-02-13
U04702,Melissa Gonzalez DVM,waltervargas@example.net,Other,65.0,New Ginaville,
U03029,Katherine Bailey,rnguyen@example.net,F,63.0,Stefanietown,
U02970,Jo Taylor,teresa16@example.net,F,57.0,Patelborough,2024-05-20
U04546,Christopher Garcia,kayla21@example.org,M,60.0,Jasmineside,2024-11-18
U01709,Lisa Peters,angela22@example.net,M,33.0,Georgestad,2024-04-18
U02954,Matthew Ballard,lauradixon@example.org,F,48.0,Wongburgh,2025-07-28
U00455,Stacy Berger,shermandonna@example.com,M,55.0,Petershire,2024-11-28
U00610,Angela Watson,qward@example.org,Other,22.0,Port Karen,2024-11-10
U04435,Mr. John Hays,sara86@example.net,Other,37.0,Martinborough,2024-11-24
U02075,Laura Wilson,ashleynelson@example.net,F,54.0,Port Karenborough,2024-06-20
U04053,Shawn Richmond,thompsonamber@example.net,M,47.0,Jenkinsport,2024-08-15
U04248,,wanderson@example.org,M,35.0,East Reginamouth,2024-05-11
U01623,Eric Johnson,hunter12@example.org,M,62.0,North Brenda,2024-09-20
,Jamie Stevens,andrewpowell@example.org,M,41.0,Roseport,2025-05-15
U00041,Nicholas Monroe,cgrimes@example.net,M,21.0,Reedside,2025-07-17
U02090,Brian Mooney,ryan56@example.org,Other,27.0,Michaelhaven,2024-08-10
U03925,Stephanie Smith,taylorthomas@example.org,Other,58.0,Pettyville,2025-11-05
U02176,Ralph Ramirez,tylerwilson@example.net,Other,69.0,,2025-04-22
U00075,Kelsey Parker,randallgreene@example.org,Other,67.0,West Sierra,2025-07-20
U04184,Cynthia Walker,bakerevelyn@example.org,F,36.0,Robertsburgh,2025-01-05
U03799,Gregory Michael,shannon31@example.net,Other,18.0,Port Randyside,2024-09-01
U02658,Lauren Brown,campbelllisa@example.net,M,60.0,Christopherbury,2025-10-28
U03181,Tara Jimenez,dlogan@example.org,F,64.0,Petersonmouth,2024-10-08
U02077,Kimberly Vazquez,chandlerstephanie@example.com,F,23.0,Burketon,2024-03-01
U00442,Morgan Mills,douglas18@example.net,M,66.0,East Jenny,2024-12-07
U02052,,powelltimothy@example.org,F,68.0,Charlesmouth,2025-06-29
U02542,Pamela Clark,knguyen@example.net,M,39.0,Michaelland,2025-05-21
U01302,David Anderson,lisacarpenter@example.net,F,28.0,East Jennifer,2024-06-23
U03431,Laura Maldonado,ycollins@example.com,Other,39.0,West Samuel,2024-09-17
U01305,Denise Alvarado,jamiegomez@example.net,M,52.0,South Tracy,2024-07-25
U00237,Robert Stark,gallagherstacie@example.net,F,23.0,Kellyburgh,2024-05-14
U04359,Colleen Hughes,valerieschroeder@example.net,Other,54.0,Cabrerafort,2025-05-11
U02600,April Park,gsmith@example.net,M,68.0,Tuckerville,2024-10-01
U02574,Monica Walker,sarahvega@example.com,M,42.0,Jamesmouth,2024-06-28
U03281,Caroline King,ycervantes@example.org,M,37.0,New Susan,2024-08-10
U03187,Jennifer Mitchell,jessicascott@example.org,Other,46.0,Terryshire,2024-12-03
U03954,Kelly Barrett,nancy87@example.org,Other,25.0,North Brett,2024-05-14
U02769,Megan Bennett DDS,taylorkimberly@example.net,Other,58.0,Andersonmouth,2025-12-06
U02107,Angela Flores,operry@example.com,M,68.0,West Brianaside,2024-02-18
U02680,Steve Andrews,,F,49.0,Williamtown,2025-01-15
U02762,Amber Roberts,cooperchristopher@example.org,M,26.0,Port Jaychester,
U01388,Richard Chapman,hpowell@example.com,Other,55.0,Gravesfurt,2025-09-27
U04901,Scott Weaver,wmurray@example.com,Other,26.0,Andersonmouth,2024-12-12
U04725,Molly Wall,butlerjacob@example.net,F,53.0,West Joycebury,2025-07-25
U01280,Kevin Cole,patricia03@example.net,M,69.0,Ralphtown,2025-01-28
U00805,Anne Russell,shawkimberly@example.org,F,29.0,Woodston,2024-08-06
U01556,Gina Williams,djones@example.com,F,62.0,Hudsonshire,2024-01-16
U03191,Jennifer Cooke,ryan52@example.org,Other,29.0,North Jonathanstad,2024-05-10
U04896,Melissa Rush,qbradford@example.com,M,39.0,Brendaville,2025-02-08
U03595,Nicole Hughes,elizabeth86@example.org,Other,23.0,Morganview,2025-10-11
U01921,Andrea Turner,harrislisa@example.com,,50.0,Edwinside,2024-12-15
U00514,Michael Conway,evanwilson@example.com,F,24.0,South Jorge,2024-05-20
U04178,Jesse Hogan,sullivankelly@example.org,M,46.0,East Nicole,2025-03-25
U01309,John Robinson,danielgriffith@example.net,Other,21.0,Hannahview,2025-09-28
U00915,Zachary Wise,matthew60@example.net,M,59.0,Michaelview,2025-07-31
U03453,Jonathon Romero,carpentermegan@example.com,F,27.0,Bowmanmouth,2025-07-10
U03696,Abigail Andrews,katiegriffin@example.net,,38.0,Port Michaelbury,2025-05-07
U03157,Lisa Perry,daniellerodriguez@example.org,,33.0,New Peterland,2024-07-18
U02199,John Sparks,virginia57@example.net,Other,,Port Dawnview,2024-08-17
U00775,Jennifer Nelson,adamarmstrong@example.net,M,40.0,Port Williamhaven,2025-06-07
U00944,Brian Ibarra,robert75@example.org,F,42.0,Wilsonmouth,2025-12-06
U00823,Alexis Mosley,lyonsdeborah@example.com,Other,45.0,Jenkinsstad,Invalid_Data
U00165,Ashley Davis,johnharvey@example.com,M,27.0,Josephfurt,2024-03-04
U03984,Ryan Stevenson,patrickallen@example.net,M,20.0,Port Emilyland,2025-09-15
U02539,Kristin Dixon MD,laurenwilliams@example.com,Other,34.0,North George,2024-11-24
U04985,Derek Cook,melissawalter@example.org,Other,65.0,New Loriport,2025-06-09
U01312,Laura Smith,jacoboconnor@example.net,M,22.0,Kingview,2025-03-10
U04746,Aimee Oliver,davisdonald@example.org,M,70.0,East Sonya,2025-06-04
U04360,Steven Hernandez,mcphersontiffany@example.net,M,30.0,North Jamesmouth,2025-04-17
U04848,Nicholas Hunt,williamsjose@example.com,F,65.0,West Kelseytown,2025-07-01
U03301,Dennis Trevino,tbarajas@example.com,F,29.0,Fitzpatrickville,2025-11-24
U03311,Michael Lopez,michaelklein@example.org,F,40.0,Steelefort,2024-12-07
U00328,Robin Riley,rebeccaarnold@example.net,Other,68.0,Valdezberg,2024-09-30
U02491,Rachel Munoz,elizabethortiz@example.com,Other,44.0,North Josephland,2025-10-06
U04891,Danielle Fitzgerald,hernandezjennifer@example.com,M,,Port Kimberlyside,2025-10-25
U00833,Paula Lopez,kennethnichols@example.org,F,20.0,Townsendton,2024-07-25
U03080,,patriciaburnett@example.com,M,40.0,East Janet,2025-09-06
U03463,Tonya Garcia,matthewmoses@example.org,F,,North Alyssaton,2024-03-03
U04585,Peter Holmes,sandrarobinson@example.org,Other,55.0,Rachelshire,2025-06-05
U00055,Veronica Coffey,christopher60@example.com,M,19.0,South Miguelview,2025-03-09
U04065,Jon Meyer,debra42@example.com,Other,52.0,South Leahport,2024-06-17
U03452,David Moore,cmartinez@example.net,Other,65.0,Gonzaleschester,2025-10-12
U01902,Jeremy Williams,palmeramber@example.net,M,,South Erikberg,2025-01-27
U01482,Matthew Marks,joshua96@example.com,Other,20.0,South Karlafort,2025-10-23
U04151,Maria Phillips,lford@example.com,M,25.0,Comptonport,2024-10-07
U03336,Michelle Sandoval,walterssuzanne@example.org,F,34.0,North Robertchester,2025-02-25
U00947,Anthony Washington,matthewcardenas@example.com,F,54.0,Ortizshire,2025-10-08
U03294,Sarah Williams,jacob98@example.com,M,32.0,West Janet,2024-01-29
U02162,Ebony Flores,ydelgado@example.org,Other,62.0,Port Carrietown,2024-11-25
U03058,Michael Johnson,imcbride@example.com,M,60.0,Valenciachester,2024-06-02
U00769,John Cook,davisalexander@example.net,M,42.0,West Michael,2025-08-21
U04909,Kyle Thompson IV,uvelasquez@example.net,F,29.0,Nielsenland,2024-12-05
U03496,Austin Molina,roger53@example.org,Other,52.0,South Karenview,2025-03-06
U00286,William Baker,garciagregg@example.org,M,54.0,Michaelmouth,2024-11-13
U01501,Kim Murray,terri25@example.com,F,23.0,West David,2025-05-12
U04811,Michelle Thompson,williamsdavid@example.com,M,57.0,East Jerry,2025-12-08
U02333,Troy Ross,bobby90@example.com,M,54.0,Lake Wayneshire,2025-01-10
U02718,George Riley,johnsonlisa@example.net,F,32.0,Summerston,2024-01-12
U02080,Troy Carrillo,wayne54@example.net,Other,51.0,Pamelaton,2024-06-08
U03390,Melissa Morris,bbarnett@example.org,F,21.0,Port Elizabethberg,2025-02-09
U00723,Meagan Wade,sdavis@example.com,F,50.0,New Katie,2025-03-21
U00952,Jonathan Warner,vsmith@example.net,F,37.0,North Jill,2025-08-08
U04557,Charles Cohen,jerry30@example.org,M,42.0,Port Jacob,2025-12-02
U02263,Anthony Allen,hharper@example.net,F,42.0,Kimberlyton,2025-04-26
U00990,,stephen27@example.org,Other,50.0,East Nicole,2024-08-14
U03213,Christopher Jones,ericlynn@example.com,Other,27.0,Matthewborough,2024-06-01
U01760,Andrea Flowers DDS,john02@example.org,F,60.0,Kellyberg,2024-05-20
U04288,Casey Smith,ureynolds@example.net,Other,26.0,Elizabethborough,2024-10-17
U01725,Julia Howe,ruth45@example.org,M,41.0,Lauraborough,2024-11-13
U00342,Andrew Moreno,shawnaolson@example.com,F,40.0,Briannashire,2024-03-18
U03702,Phillip Morgan,nstone@example.org,Other,50.0,East John,2025-03-29
U04244,Luis Bush,sydneycox@example.com,F,23.0,Jocelyntown,2024-02-29
U00689,Michael Robinson,,Other,20.0,South Hannahmouth,2024-02-14
U03433,Dr. Eric Nguyen,washingtonalexandria@example.org,M,31.0,West Calvin,2025-07-17
U00967,Nancy Gilbert,aclark@example.org,F,41.0,North Sarah,2025-03-31
U04934,Lisa Ward,william53@example.com,M,20.0,Gamblehaven,2025-09-11
U02204,Cynthia Johnson,hkennedy@example.com,Other,43.0,New Rachelport,2024-07-03
U02714,Willie Molina,,M,65.0,Christopherhaven,2024-09-13
U04605,Martin Johnson,tmartinez@example.net,Other,48.0,,2025-03-01
U03573,David Ritter,angelaholder@example.org,F,57.0,Ryanstad,2025-03-13
U01991,Rhonda Foley,felicia51@example.com,M,49.0,Gomezmouth,2024-03-24
U04121,April Donaldson,kevin12@example.net,M,52.0,Lake John,2025-11-13
U04489,Susan Johnston,samantha38@example.org,Other,26.0,Taylorstad,2025-09-30
U04951,Jesus Blake,codyanderson@example.org,Other,22.0,North Melissa,2025-09-22
U03601,Justin Wagner,edward07@example.com,Other,54.0,South Deniseton,2024-11-15
U04766,James Hunter,lydia20@example.net,Other,66.0,Davestad,2024-03-08
U00475,Scott Anderson,pauladominguez@example.com,F,22.0,Stevenland,2025-04-17
U04306,Daniel Carter,adamblack@example.net,F,36.0,Hubbardburgh,2024-08-17
,Michael Hansen,llopez@example.net,M,27.0,Mariomouth,2024-07-26
U04562,Clinton Fischer,jasonkeith@example.net,Other,60.0,Port Kyle,2025-05-03
U04768,Ashley Ramos,victoria03@example.com,Other,44.0,Marissahaven,2025-06-16
U00537,Ashley Davenport,gcoleman@example.org,Other,19.0,Rodriguezmouth,2024-04-06
U04870,Alexis Fields,aherrera@example.net,M,64.0,Crossside,2024-04-17
U04213,Robert Green,hamiltonkenneth@example.org,F,47.0,Brandonmouth,2024-04-07
U03508,Lindsey Humphrey,kimberlygilmore@example.org,Other,,North Jacob,2024-10-18
U00202,Kathleen Morris,matthew92@example.net,F,56.0,Kramerton,2024-02-09
U01333,Andrew Williams,nina65@example.net,M,57.0,Christopherhaven,2024-07-26
U03503,Thomas Wilson,christine89@example.net,F,67.0,Adamstown,2025-06-29
U02709,Linda Chambers,tvasquez@example.net,M,66.0,Grimesburgh,2025-04-01
U04022,Curtis Mosley,dustingonzales@example.com,,46.0,New Deborahport,2024-08-28
U01855,Aaron Watkins,leslie24@example.org,M,24.0,East Janet,2024-02-21
U04668,Lisa Gardner,josephdavis@example.org,M,43.0,East Michaelstad,2025-11-25
U02873,Tyler Price,zcontreras@example.net,Other,36.0,North Donnaside,2024-05-19
U03031,Christopher Patterson,dan14@example.net,Other,43.0,North Kyle,2025-12-14
U01206,Angela Ramsey,gibsonkaitlyn@example.org,Other,67.0,Johnsonport,2025-02-13
U01646,Chad Taylor,gberry@example.org,M,45.0,North Jerry,2024-06-15
U03418,Julia Johnson,adrian55@example.org,,42.0,West Jamesfurt,2024-09-10
U03477,William Pacheco,kbrown@example.org,M,66.0,South Juliaberg,2025-07-15
U02862,Anna Shaw,carterchristopher@example.org,F,23.0,Reneefort,2025-02-18
U01793,Andrew Proctor,drakekevin@example.net,M,29.0,Holderberg,2024-04-07
U03798,Mrs. Tammy Jackson MD,steven73@example.net,F,23.0,Larryview,2025-08-31
U03369,Heather Neal,joshuahopkins@example.com,Other,27.0,Nancyshire,2025-12-07
U03368,,,M,33.0,Lake Williamtown,2025-06-11
U03534,Lisa Rogers,patrickherman@example.com,Other,42.0,East Andrewmouth,2025-12-28
U04588,Marie Smith,tiffany41@example.com,F,24.0,Lake Nicholasborough,2025-12-22
U03450,Margaret Dixon,deborah82@example.net,F,37.0,South Ericland,2024-04-26
U00604,Curtis Obrien,leonsherry@example.com,Other,70.0,Jimmyside,2024-02-10
U03057,Michael Spencer,perrycatherine@example.net,,19.0,Bowersbury,2025-04-22
U04550,Daniel Andrews,justinlewis@example.net,F,60.0,Smithport,2024-04-08
U00127,Emily Long,brittney88@example.net,Other,51.0,Ericksonport,2024-12-19
U03877,Lance Reynolds,crystal98@example.com,M,54.0,Campostown,2025-09-06
U02936,Christopher Carter,freemanreginald@example.com,F,31.0,New Matthewview,2025-05-06
U03532,Kelly Williams,lindsaymyers@example.com,Other,57.0,Beltranport,2024-04-08
U02731,Matthew Richardson,harrisonwilliam@example.org,Other,54.0,North Edwardland,2024-01-18
U00828,Danny Campbell,kyle63@example.org,Other,69.0,Johnsontown,2024-04-28
U01640,Joshua Watson,kennethwhite@example.com,Other,23.0,Lake Joyce,2024-01-31
U00985,Frank Elliott,morrisdaniel@example.com,M,20.0,East Robertmouth,2024-09-09
U03282,Tara Dudley,timothylong@example.com,M,37.0,New Brandy,2024-07-19
U03006,Kevin Glover PhD,rebecca46@example.org,M,44.0,East Davidview,2024-01-24
U02189,Michelle Ponce,fordbeverly@example.org,M,50.0,Arianaville,2024-04-15
U04813,Austin Jones,susanaustin@example.com,F,55.0,,2024-06-10
U02444,Michael Webb,sperry@example.org,F,70.0,Reyesberg,2024-04-08
U00363,Kelly Le,jevans@example.net,Other,34.0,South Coreyburgh,2024-02-19
U02350,Noah Johnston,geraldcampbell@example.org,Other,,Katherineborough,2024-08-17
U00346,Laura Schroeder MD,melissahopkins@example.net,,37.0,South Krista,2025-11-30
U00815,Dr. John Ramirez,gardnerstacy@example.org,F,60.0,West Ashley,2025-12-29
U03206,Marisa Copeland MD,jeremy60@example.com,Other,33.0,East James,2024-11-04
U04343,William Campbell,christopher63@example.org,Other,44.0,Lake Edward,2024-03-28
U03100,Abigail Faulkner,jason68@example.org,Other,69.0,Rebeccatown,2025-01-27
U03326,Lauren Rosales,urios@example.net,F,46.0,Carlsonfurt,2024-07-05
U04107,James Jones,sstewart@example.net,M,35.0,North Regina,2025-09-02
U02117,Elizabeth Deleon,adrian20@example.com,Other,62.0,Lake Brendaville,2025-03-03
U01835,Aimee Silva,jacobroach@example.net,M,32.0,Cooleyshire,2025-08-09
,Tammie Brown,Invalid_Data,Other,43.0,Port Melissa,2025-12-17
U01956,Michael James,taraortiz@example.com,Other,30.0,West Amber,2024-01-29
U02675,Charles Rosales MD,ginapierce@example.com,F,26.0,Michaelville,2024-06-09
U00095,Jerry Bailey,perryrandy@example.com,F,47.0,South Virginia,2024-10-07
U04226,April Johnson,katie19@example.com,M,66.0,South Gavinbury,2024-07-30
U03757,Cory Pearson,lewisshane@example.org,Other,44.0,North Melissa,2025-04-28
U02892,Angela Mills,schavez@example.net,F,40.0,Port Henry,2024-07-01
U02372,Maureen Burns,terrimartinez@example.com,Other,26.0,Ashleyton,2025-01-19
U04332,Randall Boone,shaun53@example.org,Other,21.0,New Jenniferfurt,2024-03-02
U04630,Arthur Burgess,grimesbrittney@example.com,M,54.0,Hartville,2024-12-28
U03229,Andrew Green PhD,carolynjones@example.com,F,21.0,New Sophiamouth,2024-07-22
U02854,Jose Hernandez,jill37@example.net,Other,21.0,Gilberttown,2025-01-01
U02913,Heather Williams,daniel74@example.net,M,48.0,Fowlerborough,2024-09-28
U01866,Adam Smith,sfoster@example.com,Other,20.0,East Roberttown,2024-07-16
,Brandon Gardner,courtney58@example.org,F,25.0,Lake Sara,2024-01-12
U02646,Bradley Raymond,perezstephanie@example.net,Other,34.0,Lake Davidhaven,2025-01-05
U02244,Daniel Phillips,jonesstephen@example.org,F,21.0,Grantville,2024-10-06
U02337,Douglas Rivas,elizabeth71@example.net,Other,64.0,East Williamborough,2024-09-03
U00951,Alexander Welch,arthurbrady@example.com,Other,47.0,Andersonview,2025-09-28
U03069,Caitlin Herman,parsonslaurie@example.net,Other,58.0,New Blakeview,2025-10-25
U01121,Matthew Walker,wilsonrachel@example.com,F,66.0,East Amandaburgh,2025-11-26
U02598,Dr. Laura Richardson MD,maguilar@example.org,M,23.0,Port Kathleen,2024-07-16
U02205,Marie Wise,dianebanks@example.com,Other,,Port Theresa,2024-11-16
U00420,Frederick Ellis II,mparsons@example.net,Other,27.0,Cortezfurt,2025-03-29
U00923,Nicholas James,friedmansusan@example.org,F,48.0,Ryanville,2025-09-17
U01255,Olivia Hamilton,estradaamy@example.net,Other,64.0,East Sarahfurt,2024-09-04
U00478,Susan Baldwin,johnsonchad@example.net,M,26.0,Kimberlytown,2025-10-23
U02036,Tammy Taylor,dennishale@example.org,F,60.0,Christinaside,2024-02-04
U01203,Jamie Wolfe,matthew53@example.com,M,64.0,Harveyfort,2025-04-15
U02627,Daniel Gonzales,lindseymcintyre@example.net,F,68.0,Joneschester,2025-04-15
U04192,Sandra Logan,walkerbianca@example.com,F,,Lake Stephaniemouth,2024-08-30
U01971,Becky Smith,pkramer@example.org,F,68.0,East Kiara,2024-11-18
U03111,Meghan Carter,wheelergregory@example.org,F,62.0,Williamsbury,2024-04-05
U04019,Tara Wells,calvinosborne@example.net,M,58.0,Wilsonmouth,2024-04-05
U02152,Thomas Garcia,timothygarcia@example.org,F,50.0,West Zacharyfurt,2024-11-12
U03688,Patricia Jones,danielleroth@example.com,M,51.0,Hobbschester,2025-07-07
U01998,William Beltran Jr.,tyrone39@example.com,Other,64.0,West Breannaside,2024-02-09
U04034,Sarah Smith,aaron39@example.org,M,39.0,Lake Diana,2025-11-28
U03055,Sarah Taylor,ucollins@example.org,Other,26.0,South Michaelport,2025-03-01
U01249,Holly Evans,treyes@example.com,Other,26.0,West Tonytown,2024-06-12
U02193,Jessica Wong,alicia00@example.net,F,37.0,Kimtown,2025-06-15
U02713,Calvin Paul,michael57@example.org,Other,60.0,North Cheryl,
U00993,Timothy Ross,rachael69@example.com,M,43.0,West Tracyshire,2024-01-26
U02191,Jaclyn Harmon,stewartsandra@example.net,Other,59.0,Davidmouth,2024-03-26
U03763,Christina Bradley,pperry@example.org,Other,55.0,East Laurabury,2025-05-04
U03598,Erika Williams,jessica14@example.com,Other,36.0,New Teresa,2024-07-15
U01319,Howard Chavez,anthonydavis@example.net,F,60.0,Lake Joshuaburgh,2025-08-30
U01864,Paul Ferguson,jessica62@example.com,Other,37.0,Jacksonchester,2024-05-23
U02344,Diana Solis,timothyadams@example.com,F,41.0,Mariahfort,2024-09-07
U02450,Randy Martin,steven36@example.com,F,47.0,North Jenniferberg,2025-03-24
U02137,Lisa Silva,jonathanwiley@example.org,F,66.0,East Barbaraport,2024-11-21
U01066,Jason Jones,amarshall@example.net,M,57.0,Taylortown,2024-08-21
U00601,Ethan Brown,hsmall@example.com,Other,30.0,Shanechester,2024-01-22
U04228,Evan Sherman,christinesmith@example.net,M,38.0,Bradleyland,2024-08-16
U02622,,vazquezsydney@example.com,F,70.0,Lake Shawn,2025-05-06
U00078,Donna Sullivan,george97@example.net,M,68.0,Christopherville,2024-07-02
U02899,Ronald Francis,lbrown@example.com,M,53.0,New Rachel,2025-09-08
U01315,Christine Gutierrez,garciaveronica@example.net,Other,47.0,Higginsbury,2025-06-29
U04564,Martin Reed,,M,49.0,Phillipschester,2024-08-04
U00873,John Smith,donna00@example.com,M,33.0,West Natasha,2025-08-03
U03851,John Stone,richardsimon@example.net,Other,51.0,Jonesbury,2025-08-10
U04998,Kristin Smith,jenniferphillips@example.net,M,19.0,Garciahaven,2024-07-12
U02966,Barbara Leach,lcurry@example.com,F,57.0,Port Melissa,2025-10-19
U03392,Mariah Evans,robertbeck@example.net,M,22.0,Adamsview,2025-05-15
U02561,Christina Fletcher,gbrown@example.org,Other,39.0,Stephenland,2024-04-10
U01571,Katie Perkins,lindahill@example.com,F,26.0,Lake Codyhaven,2024-04-16
U02636,Mr. Ronald Kim,fryeadrian@example.org,Other,56.0,Port Jeffrey,2025-04-17
U03531,Karla Welch,Invalid_Data,Other,68.0,North Paula,2024-08-03
U00376,Connie Miller,zacharymarsh@example.net,F,29.0,,2025-08-20
U01909,Brooke Walker,john28@example.com,Other,48.0,Sullivanton,2024-07-07
U04521,Holly Conway,ericbrown@example.com,Other,49.0,Michellemouth,2024-05-14
U04571,Krista Taylor,gallegosaaron@example.net,Other,52.0,Wadefort,2024-04-04
,Jessica Larson,rlarsen@example.net,F,22.0,North Benjaminland,2025-12-03
U01605,Rachel Cooper,tammy53@example.org,Other,40.0,East Edward,2025-05-27
U01119,Christopher George,,M,34.0,Jamieview,2024-11-01
U03678,Sydney Vincent,newtonjason@example.net,,61.0,East Alexandraland,2025-04-16
U03491,Debbie Johnson,wademelissa@example.net,Other,63.0,Kellyberg,2025-07-31
U02039,Hayley Ellis,bvelez@example.com,M,43.0,Port Lisa,2025-08-23
U02959,Michele Perry,youngsarah@example.com,M,62.0,Charlesview,2025-02-13
U01995,Anthony Carr,anthonyfranklin@example.com,F,28.0,East Josephshire,2024-01-15
U02825,Dale Carter,pmcdonald@example.com,M,62.0,Heatherfurt,2025-09-29
U04586,William Haynes,pgarza@example.org,M,66.0,Lake Matthewtown,2026-01-06
U02377,Shawn Pope,dwilliams@example.com,Other,38.0,East Amanda,2024-06-11
U01343,Kerry Hendricks,ingramjessica@example.com,Other,66.0,New Heidi,2025-01-20
U00321,Barbara Smith,fmedina@example.com,F,19.0,,2025-06-20
U01620,Julie Knight,ksullivan@example.net,M,26.0,Lewisburgh,2024-11-13
U03714,Maria Wall,davidsonshannon@example.com,M,48.0,Brianview,2025-05-10
U02061,Phillip Price,mitchellsanchez@example.net,F,46.0,New Sabrinachester,2024-08-13
U02220,Cindy Harrington,parkermax@example.org,F,28.0,Debraton,2024-04-22
U01674,Jessica Thomas,leeandre@example.net,M,31.0,North Justinview,2025-01-29
U00261,Eric Manning,joseph69@example.net,M,59.0,East Scottchester,2025-07-01
U04614,Seth Taylor,wfisher@example.org,F,50.0,East Michael,2025-08-31
U02040,James Burns,noahjones@example.net,Other,53.0,Jillfurt,2025-10-21
U00902,Marie Reynolds,kimberly30@example.org,M,58.0,Port Kimberlyborough,2025-01-31
U03745,Heather George,udurham@example.net,F,47.0,Lake Bonnieport,
U02027,Justin Dorsey,dawn33@example.org,M,,Christopherstad,2024-02-26
U04235,Sandra Moon,paynelisa@example.org,Other,51.0,North Lauren,2025-05-11
U01918,David Fox,millsmichelle@example.com,Other,40.0,North Mark,2025-03-22
U01829,Brianna Gonzalez,uharmon@example.net,F,24.0,Pattersonview,2025-07-27
U01574,Ashley Fisher,barbara30@example.net,Other,59.0,Lake Courtney,2024-01-16
U04416,Thomas Hill,matthewcampos@example.org,F,44.0,Fitzgeraldville,2025-11-09
U04589,Rhonda Nelson,stonealicia@example.com,,40.0,Lake Denisebury,2024-04-13
U04209,Karen Butler,sylvia12@example.org,Other,21.0,Clarkeport,2025-09-23
U00225,Judy Adkins,wagnerdana@example.com,M,55.0,New Ashleychester,2025-05-05
U00724,Jamie Love,yvaldez@example.net,M,45.0,Stokesbury,2024-07-14
U04684,Ronald Bailey,,M,38.0,South Lynnborough,2024-04-08
U01142,Vanessa Beck,reginadavis@example.org,Other,48.0,South Thomas,2024-12-20
U02763,Richard Parsons,kingjulie@example.com,Other,50.0,New Jacquelinefort,2025-10-31
U00847,Mason Chase,buckjustin@example.com,F,33.0,New Samanthaton,2024-09-09
U04290,Thomas Irwin,anthony29@example.org,F,29.0,Williamshire,2025-11-17
U02552,Taylor Nguyen,traceywong@example.net,Other,38.0,Jimmyview,2025-07-01
U02929,Lisa Carr,lewiseric@example.net,F,31.0,West Shane,2025-12-03
U00118,Angela Fry,debra96@example.net,F,59.0,South Pamelaside,2024-08-05
U00646,Michael Santos,ryan64@example.org,Other,29.0,Simpsonhaven,2025-07-14
U00004,Patricia Gibson,jennifercruz@example.com,M,63.0,East Diana,2024-01-11
U04171,Donald Rodriguez,robertfoster@example.net,M,44.0,Markport,2024-04-10
U00468,Michael Washington,cooperchristopher@example.org,Other,51.0,Port Tyler,2026-01-02
U00006,Casey Marshall,stephanie79@example.net,F,39.0,Rivasside,2024-11-27
U00920,Jorge Young,ashley61@example.net,M,49.0,Liuberg,2024-01-25
U02596,Nathan Zimmerman,cscott@example.org,M,47.0,West Jamesfort,2024-03-01
U04325,Michele Perry,,M,23.0,Patriciahaven,2025-04-22
U01064,Damon Powell,regina49@example.com,Other,62.0,Port Anthonytown,2025-10-17
,Melissa Newton,pollardgary@example.net,M,52.0,West Jonathanchester,2024-09-30
U00243,Nicholas Phillips,jessicarush@example.net,F,21.0,Rosalesshire,2024-01-30
U01161,Shelley Kramer,ofritz@example.org,M,50.0,Diazchester,2025-08-07
U02871,Jeremy Davis,patrick93@example.net,M,30.0,Johnmouth,2024-09-04
U03736,Jacob Horn,xburgess@example.org,M,57.0,Katieport,2025-11-22
U02398,Glenda Jackson,taylordaniel@example.net,F,38.0,New Jeanmouth,2024-10-01
U03518,Christopher Johnson,hfloyd@example.com,F,55.0,Brownshire,2024-08-16
U03422,,ashleypoole@example.net,F,60.0,Alyssaton,2024-10-31
U02564,Susan Chase,jasonrhodes@example.net,Other,51.0,Nicoleberg,2025-01-16
U01606,Cristina Gilbert,aaroncox@example.com,Other,57.0,Port Michael,2024-04-10
U01598,Mary Stevenson,ryanbullock@example.com,M,37.0,Josephfort,2024-02-11
U02325,Eric Miller,johnsonteresa@example.net,Other,44.0,Hendrixfurt,2025-05-25
U02710,Samuel Lindsey,lisa65@example.com,Other,26.0,South Thomas,2024-09-26
U04794,Elizabeth Chase,vjackson@example.com,F,67.0,Port Daniel,2024-09-18
U01313,Mckenzie Yu,cody79@example.org,Other,27.0,West Brandon,2024-09-08
U03449,Laura Bell,monicafuller@example.org,F,44.0,Morganstad,2024-10-26
U03813,Christopher Turner,rgarcia@example.org,F,45.0,Ryanburgh,2024-06-24
U04859,Julie Graves,carneyglenda@example.net,M,27.0,Davisshire,2025-10-03
U02363,William Reynolds,gsandoval@example.com,Other,21.0,Owenburgh,Invalid_Data
U01976,April Howe,alexanderwilliams@example.net,Other,68.0,Leehaven,2025-05-05
U03515,Joseph Sims,ywoodward@example.org,F,44.0,New Edgar,2024-06-29
U01762,Devon Harmon,esalinas@example.org,Other,29.0,Jensenborough,2025-05-13
U02740,Corey Daniels,jody71@example.net,F,49.0,South Joshua,2025-08-24
U04863,Ricky Carter,ograham@example.org,M,63.0,South Kimberlyburgh,2025-02-27
U02473,Joshua Jenkins,greentimothy@example.net,Other,37.0,South Nicholashaven,2025-06-18
U04008,Nicholas Walker,swalters@example.org,F,21.0,Mirandaborough,2024-12-21
U01494,Cathy Barnes,brian65@example.net,F,41.0,Jeremyton,2024-01-13
U04207,Gina Gonzalez,orodriguez@example.com,Other,23.0,Schwartzfurt,2024-03-06
U02159,Eugene Little,martindavid@example.net,Other,53.0,Sherrychester,2024-03-24
U01170,Desiree Thomas,,M,43.0,Michaelfort,2025-02-20
U04715,Lisa Smith,jeffreyboyd@example.org,F,68.0,Baileyville,2025-02-24
U00233,Jeffery Gomez,joshuagriffin@example.org,Other,49.0,New Christinebury,2025-04-24
U00067,Sarah Curtis,russellbeasley@example.com,M,,Mariafurt,2024-11-06
U01604,Marcus Bell,aprilmyers@example.net,Other,55.0,New Deannashire,2025-06-20
U03284,David Anderson,robertsonlisa@example.com,F,19.0,Port Mariahaven,2025-09-22
U03597,Jonathan Floyd,michael70@example.net,Other,56.0,South Travis,2025-02-10
U00126,Jordan Porter,williamsjennifer@example.com,F,48.0,Hernandezhaven,2024-04-18
U01297,Patrick Taylor,rushbrianna@example.org,F,66.0,Williamsstad,2024-10-29
U01977,Ryan Pacheco,yware@example.com,F,32.0,Danielport,2025-03-01
U04716,Regina Carpenter,taylorrichard@example.net,M,41.0,South Jessicashire,2025-09-14
U04680,David Brady,weaverjimmy@example.net,Other,29.0,Patrickton,2025-01-27
U02076,Dillon Alvarez,qwhitaker@example.org,M,48.0,Amandaville,2024-07-30
U03087,Claudia Smith,lamelizabeth@example.org,F,56.0,West Wyatt,2025-09-27
U04535,Chelsea Johnson,sean97@example.org,M,58.0,East Jacqueline,2024-03-20
U03346,Joshua Hicks,alexissalazar@example.com,Other,33.0,Austinburgh,2024-10-03
U04663,,mary65@example.org,M,44.0,South Alan,2025-07-20
U02798,Deborah Alexander,ygreen@example.org,M,56.0,East Melissa,2025-10-30
U00919,Trevor Braun,allen58@example.net,Other,58.0,New Jimmyville,2024-03-03
U01647,Invalid_Data,santiagoronald@example.com,M,49.0,Sarahtown,2024-11-21
U00365,Gregory Frazier,barbarasantos@example.net,Other,67.0,Port Justin,2024-08-31
U03288,James Bennett,ramosjeffery@example.com,Other,54.0,Port Kellyfort,2024-07-17
U02126,James Petersen,pharris@example.org,F,49.0,East Gabriella,2024-04-05
U04124,Ashley Drake,rodrigueznicole@example.com,Other,25.0,East John,2025-06-04
U00526,Michael Mccann,brooksjessica@example.org,Other,19.0,Franciscoton,2024-04-22
U00056,Teresa Rodriguez,,Other,27.0,Rosebury,2025-04-24
U00639,Maria Smith,asmith@example.net,M,38.0,South Angela,2025-05-30
U00303,Brandi Page,williambenson@example.com,F,68.0,Port Michaelfort,2025-03-08
U02767,Luke Smith,shawn76@example.org,M,51.0,Melanieside,2024-08-04
U01277,Grant Mendez,aaron78@example.org,F,34.0,East Marvin,
U02056,Christopher White,hmoses@example.org,Other,52.0,East Jessica,
U04433,Brandon Castillo,tracey79@example.com,Other,66.0,North Jeffrey,2024-07-25
U03645,Alyssa Warner,uevans@example.net,F,53.0,Reidport,2024-06-17
U04144,,tparker@example.com,F,64.0,Williamsville,2024-03-28
U02879,David Williams,edward86@example.com,M,41.0,Stephenville,2025-09-30
U04203,Tracy English,zhall@example.org,F,62.0,Joseland,2025-06-02
U02287,Tammy Nguyen,brewerkimberly@example.com,F,19.0,South Matthew,
U02262,Joshua Hall,michael13@example.net,F,45.0,Lucasville,2024-08-23
U02297,Andrew Mendez,qcervantes@example.com,Other,57.0,Christinaport,2025-04-26
U01754,James Williams,hernandezreginald@example.net,F,64.0,North Sarah,2024-04-26
U01969,Kathleen Jones,pamelasmith@example.net,F,26.0,Riveramouth,2025-09-28
U04541,Christopher Wells,,F,56.0,Ortizchester,2025-01-07
U03118,Alexandria Brooks,gregorywolfe@example.net,F,26.0,East Felicia,2025-07-11
U02394,Louis Morales,jennifer39@example.net,Other,28.0,,2025-08-10
U00524,Courtney Moody,joseblanchard@example.net,Other,57.0,Martinezport,2024-11-06
U03901,Tracey Rosales,bkidd@example.org,F,67.0,Davidmouth,2024-04-27
U03123,Dr. Tommy Clark,campbellemily@example.com,F,31.0,North Charlene,2024-07-30
,Thomas Powell,katherinecurry@example.org,Other,57.0,Parkerhaven,2025-07-04
U01970,Derrick Peterson,cbrown@example.com,M,64.0,Carrollland,2024-06-02
U00672,Zachary Bautista,kennedywilliam@example.org,F,59.0,Perezborough,2024-12-18
U04189,John Guzman,peterhall@example.org,Other,47.0,Whiteberg,2024-03-21
U00667,Steven Hayes,randytorres@example.com,Invalid_Data,62.0,Port Neil,
U04527,Vincent Bell,sgonzalez@example.com,F,48.0,Doughertytown,2025-11-24
U01888,Maria Parsons,wiseshannon@example.net,F,70.0,Murphyhaven,2025-07-15
U03267,Stephen Porter,welchryan@example.org,Other,38.0,Melissabury,2025-09-25
U00281,Linda Williams,valdezandrew@example.net,F,39.0,South Seanville,2025-02-10
U01720,Ashley Patel,timothy90@example.net,,49.0,Port Sarah,2025-06-08
U02948,Timothy Ponce,erik86@example.com,F,49.0,Port Shanefurt,2024-01-28
U04456,James Brown,johnramirez@example.net,M,68.0,Jimenezfurt,2024-09-18
U00900,Amy Harris,sandra03@example.com,Other,36.0,Port Stacyton,2024-09-15
U01999,Jessica Jackson,joseph03@example.org,F,46.0,Rhondaberg,2024-09-05
U00761,Patrick Santana,elizabethvaughan@example.net,F,33.0,Davidfort,2025-02-12
U01907,Robert James,dawncook@example.net,Other,36.0,Yoderland,2024-05-16
U04043,Nancy Garcia,qgomez@example.org,M,20.0,New Marco,2025-06-13
U03824,Eddie Walker,torrestravis@example.org,M,64.0,South Cheryl,2025-08-29
U04139,Marcus Santos,wdominguez@example.com,M,45.0,Wongport,2024-03-03
U03819,Megan Alvarez,robert18@example.com,F,27.0,Jeffreyfort,2024-12-03
U04301,Tracy Raymond,staceyrose@example.com,F,27.0,Natashaton,2025-02-17
U02594,Debbie Alexander,robert77@example.com,M,65.0,South Christopherhaven,2025-01-06
U04165,George Jordan,christophernelson@example.org,Other,45.0,Rachelburgh,2024-01-30
U03032,Juan Cannon,robin46@example.org,F,46.0,South Nancyview,2025-05-05
U03580,Katherine Dyer,michelle12@example.net,M,23.0,Ramoshaven,2024-12-28
U02833,Michael Graves,reginawright@example.com,Other,35.0,Smithhaven,2025-07-29
U03473,Karen Bell,deborah45@example.net,M,44.0,New Trevor,2024-02-04
U00138,Shelia Roberts,smithashley@example.org,Other,29.0,Justinside,2025-01-24
U02181,Richard Miller,emilypatterson@example.org,F,45.0,Melissashire,2024-08-15
U02129,Paul Cunningham,morganwarner@example.org,M,37.0,East Jordan,2024-09-14
U03178,Renee Williams,jamesclayton@example.net,F,53.0,North William,2024-10-06
U04558,Rhonda Nelson,sabrina13@example.org,F,38.0,North Michaelchester,2025-01-08
U04262,John Lawrence,umccoy@example.net,M,51.0,East Emilymouth,2024-07-26
U04345,Dr. Christopher Murphy,kristin96@example.com,M,69.0,Barryburgh,2025-06-06
U01332,Joseph Tate,gregoryhines@example.net,M,33.0,West Nicolaston,2025-01-11
U02018,John Young,cannonmary@example.net,M,38.0,North Marcus,2024-09-11
U04543,,megan39@example.com,M,37.0,Gabrielleport,2025-07-07
U02483,Jose Crawford,michaelboyd@example.com,Other,29.0,East Matthew,2024-12-02
U01359,Daniel Warren,kelly01@example.org,F,52.0,Peggytown,2025-08-09
U01330,Karen Trujillo,ibowers@example.net,M,24.0,Briantown,2025-06-15
U02151,Timothy James,crodriguez@example.net,F,41.0,Barryton,2024-04-29
U04531,Annette Cherry,roberthall@example.org,M,67.0,Manningberg,2024-03-30
U02123,Susan Mora,bdickson@example.com,F,19.0,Morganstad,2024-05-15
U03982,Jenna Casey,brewermarcus@example.com,M,46.0,Grimesberg,2024-05-05
U01253,Eric Hunter,gaydustin@example.net,M,46.0,Brianhaven,2024-06-14
U03279,Barbara Ochoa,klawson@example.com,F,56.0,Port Markton,Invalid_Data
U03375,Mr. John Leon PhD,stevenskaren@example.org,M,65.0,Kaylastad,2024-10-18
U02815,Laurie Romero,sromero@example.net,M,23.0,Websterton,2025-11-15
U01849,Danielle Golden,melissa62@example.net,Other,38.0,,2024-01-26
U03038,John Lawrence,zcooper@example.net,Other,33.0,Brooksshire,Invalid_Data
U00389,Douglas Ortiz,daniel81@example.org,F,69.0,East Morgan,2024-06-02
U00236,Alyssa Cochran,brian78@example.com,Other,20.0,East Craig,2025-05-01
U01078,Julie Taylor,aaron48@example.net,F,59.0,Jasonland,2024-02-19
U01985,,archerjames@example.net,F,67.0,,2024-10-25
U04364,Jacob Gonzales,davidlang@example.org,F,55.0,Lake Sheenaside,2025-09-04
U03963,Walter Stewart,fernandezjaime@example.net,M,58.0,Waltersburgh,2025-06-20
U00771,Stacey Roth,janetschaefer@example.org,Other,42.0,Kevinfort,2025-12-30
U02166,Jamie Bond,keithadams@example.org,Other,67.0,Edwinport,2025-11-27
U04534,Christopher Parks,matthewmcguire@example.com,F,49.0,East Jamesfurt,2025-08-30
U00674,Jerry Hansen,don24@example.net,M,60.0,South Lisastad,2024-09-11
U00250,Kimberly Guerrero,john06@example.net,M,36.0,Hernandezstad,2024-01-09
U01575,Daniel Williams,jefferyanderson@example.net,,44.0,,2025-05-29
U03420,Christopher Chan,stewartamy@example.net,F,32.0,Harringtonburgh,2024-12-25
U02082,John Wyatt,gibbsdarren@example.org,Other,27.0,New Evelyntown,2026-01-04
U01824,Janet Martin,martintownsend@example.com,Other,62.0,Zavalamouth,2024-05-21
U04833,Paul Sanchez,marc45@example.org,Other,42.0,East Dianaberg,2024-02-29
,Justin Soto,amy97@example.net,M,66.0,,2024-08-12
U00717,Jennifer Houston,anthonymartinez@example.net,Other,48.0,Stephaniebury,2024-10-02
U04873,Charles Jones,hatkinson@example.org,M,36.0,West Katherineshire,2025-04-24
U02049,Andrew Powers,rodney25@example.com,M,58.0,South Dawntown,2024-04-20
U04179,Danielle Scott,erivera@example.com,F,33.0,South Richardfort,2024-05-04
U02725,Lisa Lawson,ericamiller@example.com,M,20.0,East Frederickhaven,2024-10-06
U04720,John Massey,ashleeramirez@example.com,Other,56.0,Lake Jenniferchester,2025-01-05
U01461,Andrea Mueller MD,mortonkenneth@example.net,M,70.0,Noblefurt,2025-08-01
U01669,Robert Miller,clintonpoole@example.org,Other,37.0,Karahaven,2025-05-05
U02757,Vicki Stein,jennifersantos@example.org,Other,28.0,Vargasstad,2025-11-26
U02001,Julia Lynch,douglascarl@example.com,M,33.0,Victoriahaven,2025-06-17
U04572,Andrea Gates,cindy85@example.org,Other,48.0,Jessicastad,2024-11-10
U00405,Jessica Bailey,melvin04@example.org,Other,22.0,Christinamouth,2025-04-06
U00385,Beth Hall,linda73@example.org,M,47.0,Howardberg,2024-07-08
U04691,Amber Smith,carmen18@example.com,M,54.0,Lake Jessica,
U02153,Vanessa Rodriguez,yserrano@example.com,F,58.0,Bethhaven,2024-06-02
U01634,Kenneth Roth,cory21@example.org,M,43.0,Andersonburgh,2024-03-31
U04785,Allison Reyes,jenniferroberts@example.com,F,62.0,Hannahside,2024-05-29
U03926,Jonathan Morgan,whitakercody@example.com,F,45.0,Josephshire,2025-11-02
U04159,Antonio Poole,ramseywilliam@example.com,Other,32.0,New Robertbury,2024-11-22
U00224,Cynthia Vasquez,kaufmandouglas@example.com,F,35.0,North Samanthahaven,2024-11-03
U02194,Derrick Padilla,alexandrawest@example.com,Other,24.0,Danielleton,2025-04-08
U03137,Thomas Fields,amandawarren@example.net,M,67.0,Bowersstad,2025-06-08
U04470,Laura Brooks,kentrichard@example.net,Other,66.0,East Sharon,2024-06-29
U01825,Elizabeth Williams,ipatterson@example.org,M,39.0,Delgadofurt,2025-05-20
U04830,Brandon Perry,vcosta@example.com,Other,69.0,Martinfort,2025-11-20
U00798,Alexis Rodriguez,ibarraantonio@example.org,F,40.0,North Randy,2024-11-11
U02872,Eric Thomas,alejandro26@example.net,Other,69.0,Port Angelashire,2025-08-17
U00010,Guy Molina,vmedina@example.net,F,62.0,South Jeffrey,2024-11-20
U01945,Meghan Taylor,christopherchristensen@example.com,Other,,Reeseshire,2024-09-10
U01839,Donald Wallace,ruthsmith@example.org,M,55.0,Lake Raymondmouth,2024-07-15
U00256,William Graham,maryscott@example.net,M,37.0,North Paulfurt,2025-02-13
U04486,Scott Wright,connorbaker@example.org,F,25.0,South Amanda,2025-07-21
U04707,Rhonda Ramos,keithcrawford@example.net,F,44.0,East Shelby,2025-01-07
U01582,Kevin Maxwell,kevin07@example.com,M,35.0,Pettyport,2025-03-24
U02957,Corey Wright,wcortez@example.org,F,61.0,Lucerotown,2025-01-03
U00925,Heidi Bryant,steelesean@example.com,Other,43.0,Christopherside,2025-01-10
U04627,Brian Hill,jason28@example.net,Other,55.0,West Allenfurt,2024-05-15
U02509,Heather Meadows,collinsheather@example.net,Other,61.0,South Courtney,2025-12-23
U03776,Allison Meyer,josebrown@example.net,F,29.0,West Jennaport,
U04137,Jeff Wall,christopherwright@example.net,M,48.0,Shawtown,2025-12-12
U02780,Latasha Hernandez,francisco65@example.com,Other,50.0,Cochranmouth,2024-09-27
U00540,Michael White,zpowers@example.com,F,44.0,North Douglasfurt,2025-05-29
,William Young,whale@example.net,Other,35.0,Mckinneyland,2025-04-17
U04697,Jody Jones DVM,fwright@example.net,M,56.0,North Brandonstad,2024-05-26
U04770,Dave Taylor,qweaver@example.com,F,65.0,Jonesport,2025-12-21
U01146,Samuel Lee,tina07@example.com,M,61.0,North Debra,2025-06-02
U04469,Gina Lewis,codypaul@example.net,M,70.0,Joshualand,2024-05-24
U00668,Bradley Wallace,jerry07@example.net,Other,43.0,Ronaldmouth,2024-11-18
U03020,Andrea Lee,stephanie86@example.net,M,,Matamouth,2024-06-13
U00358,,travis84@example.com,Other,65.0,Port Barbara,2024-02-15
U02832,Brandon Robinson,andersontravis@example.com,Other,41.0,Carmenshire,2025-01-21
U02784,Kayla Ruiz,benitezscott@example.com,Other,55.0,Jamesfurt,2025-06-07
U01354,Paul Cross,aprilrussell@example.net,M,32.0,Port Michaeltown,2025-07-28
U00471,Joan Gregory,davisamanda@example.com,M,48.0,Bishopview,2024-09-07
U02704,Brooke Potter,piercefrank@example.org,Other,23.0,Webbshire,2024-02-20
U03331,Ryan Gibbs,rwilliams@example.net,F,27.0,North Danielhaven,2025-05-26
U03638,Heidi Mills,ataylor@example.net,M,58.0,Francofurt,2024-12-08
U01397,Julia Bishop,jcruz@example.net,Other,,Wagnerberg,2025-09-09
U03585,Blake Clark,ravenstanley@example.org,M,36.0,Lake Marcusport,2024-10-03
U04685,Russell Brown,eric41@example.net,Other,37.0,Franklinview,
U03377,Jack Patel,uburns@example.net,M,52.0,South Taraland,2025-07-05
U01257,Troy Lee,robertmckenzie@example.org,F,42.0,Payneview,2025-12-31
U03513,Whitney Taylor,jeremy09@example.com,,62.0,Hannahside,2024-12-31
U01251,James Marquez,nicole72@example.com,F,31.0,East Stacieville,2024-08-09
U03841,Kevin Ruiz,kimberly91@example.org,Other,50.0,Port Cassandramouth,2024-07-17
U04299,Amber Leonard,pyoung@example.net,F,49.0,Hurleyborough,2024-06-20
U03285,Felicia Johnson,david23@example.com,Other,70.0,,2025-03-31
U02934,Rebecca Howe,thomas00@example.com,M,33.0,Port Laceyshire,2025-01-25
U04176,Dr. Alexandra Medina,monica19@example.net,F,48.0,South Lukefurt,2025-06-25
U01853,Mrs. Brandi Foster,warnercory@example.com,M,67.0,Lake Richard,2025-11-27
U03628,Holly Gonzalez,gonzaleseduardo@example.org,Other,39.0,South Jamie,2025-09-15
U02106,Jessica Bennett,pricerobert@example.org,Other,67.0,South Katelyn,2024-10-04
U00134,David Mendoza,marianelson@example.net,M,64.0,Derrickshire,2024-06-29
U00929,Andrew Reynolds,veronicaanderson@example.net,F,44.0,Strongstad,2024-04-09
U00824,,stephenbrooks@example.net,F,58.0,New Ryan,2024-08-02
U04742,Maria Cox,chaneymichele@example.org,F,48.0,Lake John,2025-12-01
U01532,Brenda Richard,tyler09@example.org,M,31.0,North Crystalbury,2025-11-13
U01215,Michael Smith,dixonalexander@example.net,F,32.0,Brendatown,2024-08-15
U00505,Timothy Robertson,pamela16@example.com,M,53.0,Harveystad,2024-09-30
U04286,Mr. Thomas Meyer II,kathleenwilliams@example.net,M,25.0,Melissafort,2025-04-01
U01997,Ashley Cox,alisha45@example.org,Other,60.0,Harrisfurt,2025-07-09
U03073,Stephen Moreno,karenreed@example.com,M,69.0,Miguelborough,2025-06-29
U01959,Joseph Armstrong,david44@example.org,F,21.0,East Brittany,2024-08-18
U01385,Roy Fowler,lshannon@example.net,M,40.0,North Courtney,2024-07-15
U00895,Christina Patrick,wardricky@example.net,M,51.0,West Jacobhaven,Invalid_Data
U00456,Shawn Evans,samantha65@example.org,F,19.0,New Valeriefurt,2025-09-17
U04839,Gary Lopez,martinjeffrey@example.net,M,50.0,South Jessica,2024-10-17
U03710,Susan Hernandez,spencerhowell@example.net,M,37.0,Medinachester,2026-01-04
U04819,,angelagarcia@example.com,Other,,Port Charles,2025-10-06
U04269,Robin Walter,amyhowe@example.com,Other,51.0,Josephton,2025-09-07
U03523,Kimberly Davis,seanlambert@example.net,Other,68.0,Randallport,2025-09-13
U04135,Matthew Ball,antoniogarrett@example.com,F,30.0,East Danielstad,2025-12-07
U03603,Bryan Stevens,morrisanthony@example.com,M,57.0,Smithmouth,2024-09-17
U00714,Donald Peterson,timothychambers@example.org,M,69.0,North Josephtown,2025-05-07
U04187,Robert Robertson,cheryl16@example.org,F,60.0,,2025-03-20
U02215,Jennifer Gonzalez,gwright@example.org,Other,63.0,Lake Loganfort,2024-10-06
U02924,Kathleen Johnson,rachelstevens@example.org,M,43.0,Zacharyborough,2024-10-11
U01811,Michael Jones,sanchezmelissa@example.com,F,18.0,North Marc,2025-06-27
U03487,Michael Harris,leblanctheodore@example.net,F,43.0,Christophertown,2025-05-19
U03142,William Perez,melodyjacobson@example.com,M,47.0,North Melissa,2024-11-02
U01828,Cynthia Brown,kimberly34@example.org,Other,64.0,,2025-11-26
U01156,Katie Mitchell,wking@example.net,M,38.0,New Adrian,2025-10-18
U01325,Brandon Perkins,rachelhall@example.net,F,52.0,New Timothyshire,2025-06-10
U04313,Victoria Chaney,anamathews@example.com,M,26.0,Lake Heatherview,2025-08-15
U00511,Jason Rojas,carterbryan@example.org,F,64.0,Robertmouth,2025-04-30
U01681,Sonya Harris,vrussell@example.org,M,,Cynthiaside,2025-11-04
U00500,Daniel Pennington,robinvillanueva@example.com,M,23.0,North Vickiehaven,2024-01-31
U04735,Katrina Cook,griffinkelly@example.org,M,37.0,Harrymouth,2025-09-17
U01857,Thomas Murray,josejacobs@example.org,F,38.0,Heatherview,2025-09-26
U01389,Steven Holmes PhD,diazaaron@example.net,Other,42.0,North Donna,2024-05-10
U03720,Dorothy Dalton,bmosley@example.net,Other,55.0,Davisfort,2025-07-15
U02387,Maria Garcia,seanbean@example.com,Other,64.0,Kimberlyside,2025-07-29
U03237,Brandon Leach,gonzalezmichael@example.com,,53.0,New Kellyshire,2024-07-31
U01541,Cindy Townsend,johnsonmartin@example.org,Other,49.0,Kimfurt,2024-06-17
U01218,Angel Martin DDS,,Other,36.0,Richardchester,2024-02-07
U02682,Joshua Wilson,paul03@example.com,M,59.0,North Zacharyburgh,2024-10-25
U02994,David Blake,james25@example.com,F,53.0,Phillipsmouth,2024-06-08
U01192,Arthur Hammond,jennifer73@example.com,Other,26.0,Lake Josephborough,2024-06-26
U01543,Joshua Williams,lwest@example.net,F,56.0,Lake Wendy,2025-10-19
U03302,Robert Benson,trandouglas@example.net,F,70.0,East Melissaside,2025-04-06
U03325,Lisa Brooks,zschmidt@example.com,Other,64.0,Christopherborough,2024-09-14
U02540,Vicki Farmer,amy22@example.org,M,28.0,Andersonland,2025-04-02
U00954,Jamie Jordan,tammyhoffman@example.com,M,43.0,Rebeccaside,2025-01-11
U04331,George Robinson,smithalan@example.org,Other,56.0,Mirandafurt,2024-05-25
U00733,Charles Robinson,jillsmith@example.net,F,24.0,Lake Kristenberg,2024-10-08
U01157,Diana Martin,brownmax@example.net,Other,46.0,New Katelynchester,2024-03-05
U03295,Manuel Morrison,spencer54@example.net,F,69.0,,2025-09-23
U02983,Michelle Campos,joseph07@example.net,M,53.0,Bryanthaven,2025-10-07
U02157,Mr. Austin Rivera,sarah68@example.com,Other,46.0,North Lisa,2025-07-27
U01063,Christopher Thompson,judypatrick@example.org,Other,35.0,Natashaville,2025-08-03
U02617,Tammy Kelley,higginsdonald@example.org,F,68.0,Thomasview,2025-03-27
U01168,Tracie Harrington,jeanlynch@example.org,Other,69.0,Elliotttown,2024-08-23
U03223,Kaylee Thomas,annecurtis@example.net,M,24.0,Susanshire,2025-07-13
U03637,Colton Dickerson,mjohnson@example.net,M,48.0,West Steven,2024-02-12
U02939,Kimberly Knight,gregory49@example.org,F,27.0,North Lisa,2025-09-28
U04492,Jason Oneal,johnny71@example.org,F,53.0,Port Marystad,2024-11-05
U03141,Bonnie Allen,tranangela@example.net,Other,20.0,Sullivanberg,2024-12-17
U00144,Kaitlin Medina,kathleenbecker@example.net,F,24.0,New Seanstad,2024-03-04
U03578,Jesse Harris,moralesmichael@example.com,F,65.0,Jameschester,2024-11-26
U02783,John Fox,angelarivera@example.org,F,47.0,Matthewbury,2025-02-14
U00718,Mary Alvarez,akeller@example.net,F,53.0,Allenstad,2025-10-06
U01820,Julia Perez,ssmith@example.com,M,27.0,Changstad,2025-07-24
U02503,Jennifer Greene,ohampton@example.net,M,21.0,Williamhaven,2024-02-26
U04361,,aolson@example.org,M,42.0,Nancyville,2025-11-13
U04172,Christina Chapman,,M,20.0,Jonesfurt,2025-03-29
U00396,Joshua Garner,suzanne76@example.org,Other,61.0,West Caitlinhaven,2024-04-14
U01530,Chad Adams,donaldhahn@example.com,F,42.0,South Brianview,2025-06-17
U04493,James Patterson,kelly55@example.org,Other,20.0,Robinsonfort,2024-11-13
U01366,James Wilson,bcompton@example.net,F,22.0,Thompsonborough,2024-08-20
U04757,Maureen Johnson,whenderson@example.net,Other,46.0,North Janiceburgh,2024-05-22
U00596,Matthew Garner,nturner@example.com,F,32.0,Ballardland,2024-04-07
U03953,Gary Gutierrez,shelley85@example.org,Other,25.0,Gillview,2025-12-27
U02915,Dr. Mary Landry,javier35@example.com,M,42.0,Waltonburgh,2024-09-19
U02327,Brittany Miller,okelly@example.com,M,53.0,Lake Kimberly,2025-09-08
U03767,Jonathan Farmer,taylorgary@example.org,Other,33.0,Maddenville,2025-03-20
U03441,Kathy Bowers,owensjesse@example.org,M,59.0,Port Matthewfort,2024-03-15
U03852,Jenna Moody,allensheena@example.org,F,47.0,Andersonhaven,2024-11-10
U04133,David Stewart,codygonzalez@example.net,,24.0,Donaldhaven,2024-12-22
U04790,Jason Andrade,gardnershannon@example.net,M,41.0,Larryview,2024-10-17
U02144,Christy Sweeney DDS,yjohnson@example.net,Other,54.0,Lake Amber,2024-10-29
U01572,Karen Smith,andreagilbert@example.net,M,70.0,Lake Sara,2025-12-22
U04080,Mariah Adams,andersonbrandy@example.net,M,19.0,Roachbury,2025-02-11
U01123,Christina Miller,hgonzalez@example.org,F,55.0,Mendozaville,2024-06-22
U02787,Matthew Castillo,jennifer14@example.com,M,24.0,North Cynthia,2024-04-05
U02968,Randall Harrington,emily00@example.org,Other,34.0,New Lauriebury,2025-06-05
U02505,Pamela Walker,tedwards@example.net,F,31.0,Port James,2025-12-30
U03466,Juan Farmer,danielwilliams@example.org,Other,56.0,Duketon,2025-01-25
U00676,Rebecca Mcintyre,,Other,51.0,New Paulfort,2024-03-26
U02809,Alexandria Smith,ydavis@example.com,Other,69.0,Padillatown,2024-08-21
,Peggy Johnson,patriciasmith@example.com,F,38.0,Millertown,2024-11-09
,Kathleen Padilla,zbrown@example.com,Other,41.0,Port Jennifer,2025-09-17
U00413,Anita Reyes,robertberry@example.com,M,33.0,Reneemouth,2024-11-30
U03147,Elizabeth Chase,nicholas81@example.com,Other,37.0,East Claireville,2025-12-22
U01517,Katie Welch,hespinoza@example.org,M,65.0,Port Kennethstad,2024-10-13
U00826,Invalid_Data,zgordon@example.org,Other,58.0,Melissaborough,2024-06-17
U03268,Crystal Davis,pricejimmy@example.com,F,44.0,Whiteberg,2025-01-24
U03975,Holly Baker,amanda26@example.org,F,30.0,Port Jennifer,2024-07-04
U00617,Mrs. Amy Watson,david17@example.com,Other,58.0,South Matthewbury,2025-08-17
U00115,Vincent Reynolds,guerraapril@example.com,Other,44.0,East Marcus,2025-06-08
U00418,Karen Shaw,xjoseph@example.org,Other,44.0,Henryberg,2024-05-05
U03070,,robert22@example.org,Other,52.0,South Matthewchester,2024-06-13
U01626,Todd Barnes,paulbailey@example.net,F,33.0,West Michaelaton,2024-01-23
U00776,Elizabeth Robinson,andrea23@example.org,M,64.0,West Benjamin,2024-04-24
U04186,Mr. Shawn Bishop DDS,shelbysimon@example.net,M,19.0,East Karen,2024-01-28
U02897,James Diaz,jeffreybutler@example.org,F,29.0,West Timothystad,2025-06-01
U04876,Ashley Day,szuniga@example.com,F,54.0,North Kimberly,2024-09-15
U02083,John Dillon,tarameyer@example.net,M,66.0,West Christopherberg,2025-09-12
U00754,Patrick Tapia,lawsontami@example.net,F,56.0,East Charles,2025-09-11
,Steven Simmons,ehuff@example.net,Other,57.0,Albertborough,2025-09-25
U03970,Casey Haynes,jamiemarshall@example.net,M,42.0,East Alicialand,2024-02-08
U03374,Todd Esparza,olsonjoseph@example.com,M,39.0,Claychester,2025-03-23
U04108,Elizabeth Walters,kjohnson@example.org,M,30.0,South Makaylatown,2024-03-25
U02445,Christian Johnson,ocasey@example.org,M,63.0,Lake Susanton,2025-11-03
U04381,Crystal Tapia,michaelhorton@example.net,Other,41.0,North Robinview,2025-02-03
U01067,Steven Anderson,summer17@example.com,Other,55.0,East Jeffrey,2024-04-10
,Carrie Allison,fishergary@example.net,Other,32.0,New Larryview,2025-01-25
U03499,Erica Adkins,rodriguezlauren@example.net,F,51.0,North Joshua,2025-05-29
U02739,Ray Snow,david90@example.net,F,70.0,Paulstad,
U04001,Cathy Stokes,landerson@example.net,M,52.0,North Adam,2024-01-10
U01569,Laura Ford,sjackson@example.org,Other,21.0,Hawkinston,2025-06-08
U02428,Todd Thomas,jessicadouglas@example.org,Other,46.0,Lake Paigestad,2024-08-11
U03747,April Garcia,robinharris@example.com,F,56.0,East Kimberlychester,2025-01-14
U04842,Wayne Fitzgerald,natasha55@example.org,M,38.0,South Madison,2025-03-17
U01688,Nicholas Smith DDS,jacquelinebennett@example.net,F,26.0,Fergusonburgh,2025-03-29
U00852,Charles Silva,qwalsh@example.org,M,34.0,New Timothy,2024-12-30
U03547,Mary Humphrey,garretthannah@example.org,Other,66.0,Lake John,2025-03-08
U00896,Laura Wells,michael82@example.org,M,37.0,Pattersonfurt,2025-10-06
U04593,Rodney Jackson,sparkscraig@example.org,M,33.0,Port Cassandra,2024-03-20
U00336,Kevin Holland,cjohnson@example.org,Other,34.0,East Crystal,2024-02-04
U02840,Rachael Martinez,erik02@example.net,F,34.0,Jamesbury,
U03088,Karen Griffin,justin58@example.com,M,68.0,South Gabrielport,2025-12-11
U04612,Jimmy Sparks,maddoxlynn@example.org,Other,61.0,South Andrewhaven,2025-05-24
U01349,Cody Hoover,willismatthew@example.com,Other,28.0,New Davidhaven,2025-11-12
U01016,Melinda Garcia,amccann@example.org,Other,33.0,New Jeffreyhaven,2026-01-06
U02817,,patrickhernandez@example.com,,44.0,Barrettstad,2025-03-16
U01632,Dana Lawson,joshua74@example.org,F,22.0,Natalieview,2024-01-19
U02490,Benjamin Houston,gentryanthony@example.org,Other,60.0,,2025-08-22
U03731,Gregory Harmon,bnguyen@example.org,M,47.0,South Jamesbury,2024-10-06
U03252,Michael Thompson,bflores@example.org,Other,29.0,Lake Kevin,2025-07-04
U04836,Jessica Sexton,zwilliams@example.net,M,53.0,Harrellborough,2025-05-30
U02071,,dawn29@example.net,Other,21.0,South Megan,2024-08-10
U04453,Mrs. Mary Hamilton DDS,colescott@example.net,F,20.0,Drakeside,2025-09-21
U01758,Brandon Harris,vknight@example.net,F,57.0,Wilkersonfurt,2025-01-03
U01636,David Williams,ashley46@example.org,F,62.0,Lake Cheryl,2025-02-24
U04647,Jennifer Thomas,sullivanjose@example.com,F,31.0,Christopherfurt,2025-09-24
U02480,Joseph Mendoza,nicholas63@example.org,F,61.0,,2024-07-31
U02266,Timothy Chavez,hschwartz@example.com,Other,41.0,Lake Kelly,2024-01-15
U02960,Diana Jackson,brandi51@example.org,,47.0,Lake Austin,2024-09-02
U04939,Jesse Mcintyre,lisa62@example.com,M,49.0,Barronshire,2025-02-03
U03060,Stephanie Rodriguez,owenwilliam@example.net,F,47.0,South Michaelhaven,2025-01-29
U02142,Charles Roy,hgonzalez@example.org,Other,43.0,Port Margaret,
U03119,Jerry Martin,dianawilliams@example.org,Other,46.0,East Danielchester,2024-12-13
U02730,,adrian89@example.com,F,55.0,Kristinport,2024-11-05
U04046,Breanna Smith,,M,48.0,East Travisland,2025-09-23
U03357,Sherry Lopez,wallsjulian@example.com,M,67.0,Carneybury,2025-06-09
U02745,John Green,stephen91@example.net,M,50.0,South Christopherburgh,2024-03-31
U03507,Lisa Dixon,longlauren@example.org,M,62.0,East Susanville,2024-12-08
U01680,Jim Graham,michaelathompson@example.net,Other,39.0,Port Walter,2025-10-20
U04250,Jessica Mcintosh,jaredjohnson@example.org,M,49.0,West Dale,2024-10-15
U03148,Paul May,rachelguerrero@example.com,F,28.0,New Caitlyn,2025-01-07
U02295,Christina Wood,tdavis@example.net,M,42.0,South Nicoleville,
U00581,Lisa Juarez,zachary62@example.com,Other,45.0,Gallagherberg,2025-02-16
U01471,Kyle Davis,villawilliam@example.com,F,52.0,Laceychester,2025-02-19
U04800,George Jones,davidbooker@example.org,F,36.0,West Diana,2024-07-15
U04071,David Miller MD,villanuevabrian@example.net,F,27.0,West Robert,2025-01-14
U03344,Peggy Burns,amy18@example.net,M,53.0,Lake Marcushaven,2024-06-01
U04584,Kristin Evans,matthewsjacqueline@example.org,F,69.0,East Meganhaven,
U03673,Jessica Carter,christinamartin@example.net,F,48.0,North Nicolas,2024-07-14
U00560,Samuel Stuart,dcasey@example.org,Other,60.0,Carolynland,2025-10-26
U02850,Elizabeth Spencer,dyermegan@example.net,Other,43.0,New Ashleyview,2024-08-04
U00513,Dwayne Bruce,michaelbryant@example.org,Other,37.0,Lake Amanda,2024-05-19
U04730,Kayla Wilson,smithkristi@example.net,Other,33.0,Lake Pamela,2024-12-20
U01082,Brittany Beard,nancy06@example.com,F,59.0,Lake Stevenshire,2024-05-09
U01665,Brittany Mitchell,morrismichelle@example.com,F,23.0,North Edward,2024-08-26
U01013,Daniel Gay,gregory26@example.net,Other,58.0,Bellborough,2024-11-07
U01932,Rachel Soto,christopher32@example.net,M,60.0,Christianstad,2024-10-13
U01151,Cynthia Miller,smithalexander@example.com,M,54.0,East Brandimouth,2025-04-12
U02839,Cody Garrett,xsims@example.com,Other,53.0,Port Jennifermouth,2024-04-28
U00117,Martin Vargas,georgeweber@example.net,M,62.0,Meganshire,2024-02-06
U00741,William Barrett,kevinshah@example.net,F,57.0,Donnamouth,2024-04-18
U02691,Erin Guerrero,nancy14@example.org,M,70.0,Jonathanfurt,2024-11-14
U03676,Bruce Hernandez,justinellison@example.com,F,27.0,Lake Mistytown,2025-01-16
U00831,Beth Wilson,ocameron@example.com,M,56.0,West James,2024-03-15
U00120,Charles Hensley,jessica56@example.org,F,68.0,Zacharyville,2024-08-27
U04753,Joseph Washington,thomas90@example.com,F,47.0,Stevenland,2024-11-25
U04989,Diana Odom,kellijones@example.org,Other,41.0,Gillmouth,2025-10-05
U04947,Lisa Phillips,michaelchang@example.org,Other,37.0,Port Nancy,2024-04-01
U00636,David Frazier,megan39@example.net,Other,,,2025-02-21
U04466,Stephanie Rodriguez,john86@example.net,Other,57.0,North Sarahhaven,2025-10-19
U04365,Matthew Wyatt,jeffrey02@example.com,F,49.0,Pereztown,2025-05-16
U04143,Kelly Walker,jasonarnold@example.com,F,26.0,East Daniel,2025-10-22
U00992,Michael Hale,dbarnett@example.net,Other,38.0,Port Sabrina,2024-10-16
U00877,Kimberly Bennett,hdavis@example.com,F,69.0,Williamstad,2024-12-14
U00005,Patricia Rodriguez,zrobinson@example.net,F,33.0,Williamsbury,2025-11-07
U03052,Mary Rodriguez,ysantos@example.com,F,32.0,West Leslieside,2025-03-12
U03125,Antonio Harrington MD,fhayes@example.org,,68.0,New Dianabury,2026-01-04
U02661,David Weiss,tateedward@example.org,Other,22.0,Lake Jasminehaven,2024-03-08
U02492,Natasha Rivas,jessicaboone@example.com,Other,65.0,West Jessica,2024-11-01
U03855,Sarah Haynes,peggyhardin@example.org,M,33.0,North Kristyshire,2024-05-05
U04778,Christopher Hill,joe65@example.com,F,42.0,Christopherhaven,2025-03-26
U01716,Eugene Brown,davidholt@example.com,Other,,Marieborough,2025-11-14
U01149,Wendy Coleman,david54@example.net,F,51.0,South Juan,2024-03-07
U03262,Jamie Ramos,gclayton@example.net,F,50.0,Penaland,2024-05-28
U00575,Deborah Francis,nanderson@example.net,Other,69.0,Port Justin,2025-05-16
U03770,Megan Solomon,victoria96@example.com,Other,63.0,Medinaside,2025-09-05
U03737,Tim Sherman,flewis@example.org,F,41.0,South Vanessa,2025-03-11
U04147,Gina Hicks,jennifer93@example.com,M,39.0,Port Juanside,2025-01-04
U00854,Christine Miller,abrown@example.net,F,31.0,,2024-05-23
U01983,Kevin Schmidt,sheila42@example.net,Other,18.0,West Raymond,2024-12-09
U02775,Stephanie Rivera,lopezdavid@example.com,F,28.0,Samanthatown,2024-09-03
U01167,David Wiggins,,Other,47.0,Barbaramouth,2025-05-31
U00972,Justin Cuevas,patrickwhite@example.net,F,22.0,East Scotthaven,2024-05-28
U02702,Dr. Daisy Chang DDS,gerald47@example.org,F,26.0,Taraburgh,2024-07-01
U04496,Kimberly Hall,jennifermedina@example.org,F,36.0,Karenborough,2024-03-10
U03848,Vicki Shepard,perezrobert@example.net,Other,48.0,Lake Rebeccaside,2025-04-27
U02369,Katelyn Harper,gcox@example.org,Other,42.0,Powellberg,2025-08-04
U04116,Dr. Evelyn Gordon,tschmidt@example.org,M,45.0,Heatherborough,2025-03-25
U04781,Joseph Franklin,johnsonadam@example.net,Other,59.0,Richardside,2024-03-15
U04132,Laura Adkins,brooksmatthew@example.net,M,38.0,Brittanystad,2024-05-08
U02951,Invalid_Data,hollykhan@example.com,F,32.0,North Haileyfort,2025-12-13
U00525,Michael Sanchez Jr.,trevor19@example.net,Other,59.0,Biancashire,
U02456,Christine White,rodneygarcia@example.org,F,55.0,West Katherine,2025-11-19
U01842,Ruth Brown,chiggins@example.com,F,22.0,Madisonmouth,2025-09-28
U00538,Chad Farmer,angela01@example.com,M,65.0,Wilsonport,2024-12-06
U02807,Lawrence Smith,hatkinson@example.com,F,68.0,,2024-06-18
U04342,Kylie Clarke,smithpatrick@example.com,Other,46.0,Gilbertfort,2025-09-14
U03176,Dennis Russell,rosetyrone@example.com,M,26.0,South Douglas,2024-05-17
U00785,Mr. Jeremy Martin,timothy30@example.net,Other,48.0,Courtneyville,2024-01-22
U04058,Brandon Gray,grusso@example.net,Other,32.0,Shawburgh,2025-06-05
U01410,Jesus Gilbert,hortonalexandra@example.net,M,56.0,New Jessicaberg,2025-07-13
U02538,Adrian Williams,chuber@example.net,F,,New Tamara,2025-04-10
U00155,Kara Atkinson,meredith27@example.org,M,54.0,Faulknerside,2025-01-28
U03010,Michael Schwartz,john98@example.net,Other,59.0,Stacieberg,2024-12-08
U01687,,iriley@example.net,F,41.0,New Heather,2024-09-18
U02902,Gregory Cox,schroedercatherine@example.net,M,69.0,East Jennifer,2024-02-29
U04015,Renee Lowery,yvettecampbell@example.net,Other,20.0,North Jennifer,2024-11-04
U04722,Brittney Dudley,,Other,69.0,Williemouth,2025-05-18
U03864,Anthony Salas,janicedixon@example.net,M,48.0,West Erinmouth,2025-12-24
U02734,Michael Smith,carpenterarthur@example.org,F,55.0,Anachester,2024-10-22
U01896,Mitchell Garza,teresamiller@example.org,Other,45.0,Kevintown,2024-03-29
U00570,Curtis Torres,rodriguezjohn@example.net,Other,45.0,Port Brooke,2024-11-01
U01817,Robert Gilmore,rhonda64@example.org,Other,49.0,Wagnershire,2025-08-04
U02066,Joshua Porter,ksanchez@example.org,Other,60.0,Gloverfurt,2025-06-24
U00128,Gary Rodriguez,ysilva@example.net,F,45.0,New Thomasshire,2025-03-04
U03395,Aaron Conway,ftucker@example.com,Other,41.0,Victorland,2025-03-12
U03328,Tristan Jones,thomasmeyer@example.net,Other,23.0,Jefferyburgh,2024-12-04
,Mark Knight,jay04@example.org,F,42.0,Port Henry,2024-09-07
U02976,Claudia Castillo,andersonjason@example.net,F,35.0,New Tashabury,2025-03-31
U00981,Michael Thompson,annettegutierrez@example.org,F,66.0,Nicoleburgh,2025-12-22
U02301,Mitchell Duncan,joanna65@example.com,M,21.0,Jessicaberg,2024-07-02
U00191,Jennifer Taylor,,Other,,New Garrett,2024-08-05
U01140,Emily Conway,talvarez@example.org,Other,41.0,Kevinside,2024-05-02
U00700,Troy Williams DVM,davidthompson@example.net,M,46.0,East William,2024-11-13
U04990,Lacey Simpson,michaelfleming@example.com,Other,61.0,Michaelborough,2024-03-26
U00607,Michelle House,wlloyd@example.org,F,30.0,Port Cherylville,2025-08-31
U04277,Jenny Harris,ashley84@example.net,M,27.0,East Jessicafort,2025-10-19
U00302,Nicole Evans,,M,22.0,New Jennifer,2025-05-22
U03421,Taylor Walker,danielgood@example.net,M,39.0,West Christopher,2024-12-17
U01679,Henry Norris,nkirby@example.org,M,18.0,North Shannonside,2025-05-30
U01061,Sara Hamilton,jerome16@example.com,Other,48.0,West Jessicamouth,2024-02-09
U02566,Amber Blankenship,newmanthomas@example.com,Other,18.0,Christinaport,2025-07-31
U03445,Jonathan Poole,andrewlopez@example.net,Other,25.0,South John,2024-10-19
U01070,Nicole Marsh,bauertiffany@example.org,Other,32.0,Lake Austin,2025-08-09
U02525,Bruce Burton,rodneylopez@example.net,Other,63.0,South Melaniechester,2024-07-25
U02206,Gabrielle Nichols,andrew45@example.org,Other,26.0,Virginiaton,2025-03-17
U01244,Kristen Wood,ericfrederick@example.org,F,63.0,West Melissaview,2025-01-16
U00017,Sarah Burke,hoganashlee@example.org,,,Amandastad,2024-02-26
U03121,Ashley Hamilton,vnorton@example.net,M,23.0,Doyletown,2024-05-17
U04643,John Moreno,jordansims@example.com,Other,29.0,Anitafort,2025-05-07
U04755,Lynn Adams,elizabeth34@example.net,M,59.0,Davidshire,2024-10-02
U00816,Amy Stokes,nirwin@example.org,F,37.0,Port Andrew,2025-07-14
U03068,Ruth Snyder MD,,Other,45.0,Port Albert,2025-02-04
U04994,Matthew Osborne,kimberlycardenas@example.com,M,26.0,Jessicastad,2025-05-08
U00960,Carol Kim,williamsroger@example.org,Other,59.0,Taylorside,2024-11-07
U04894,Sarah Foster,sotorobert@example.org,Other,35.0,Stephaniemouth,2025-02-20
U00226,Eddie Rosales,vhaynes@example.com,F,58.0,Shawnbury,2024-03-01
U03355,Maria Lopez,douglas53@example.net,F,40.0,New David,2024-07-17
U02486,Scott Khan,rogersrobert@example.com,F,63.0,Lake Amyville,2025-09-19
U00563,Renee Manning,grobinson@example.org,Other,21.0,West Scott,2024-07-10
U03437,Kathryn Wilson,imontes@example.net,M,26.0,East Patriciabury,2025-09-25
U01694,Kimberly Ferguson,lcarter@example.net,Other,59.0,West Kellytown,2025-08-08
U01046,Jacob Mclean,,M,62.0,Tiffanychester,2025-08-31
U03447,Phillip Nelson,ryanmartinez@example.com,M,64.0,West Eric,2024-09-21
U04566,Jodi Cook,rossdonald@example.net,F,63.0,East Debrashire,2024-03-31
U00955,Willie Luna,kathryn17@example.org,Other,47.0,South Kelliemouth,2024-10-03
U04556,Amber Villanueva,taylormendoza@example.com,M,45.0,Whitestad,2024-05-30
U02736,Todd Davis,ynorton@example.net,Other,34.0,New Jamesville,2025-11-08
U03105,Jasmin Rodgers,nbender@example.org,F,44.0,Teresaview,2025-10-18
U04736,William Miller,jerry47@example.org,M,28.0,Curtischester,2025-09-15
U01060,Heather Scott,duffyallen@example.com,Other,34.0,Rossville,2024-09-22
U01219,James Lee,peter93@example.net,M,70.0,South Christina,2025-08-06
U01528,Benjamin Murray,william17@example.com,Other,30.0,Carterland,2025-05-11
U03988,Matthew Martin,masondavidson@example.com,F,19.0,Lake Sarahmouth,2024-06-23
U04912,Tiffany Barr,,,31.0,New Chadhaven,
U01301,Debra Jensen,mannjonathan@example.net,M,64.0,Smithville,2024-10-29
U04494,Marc Bell,jacksonjeremy@example.com,M,38.0,East Patricia,2025-02-20
U00161,Christian Rivera,phudson@example.com,M,43.0,Jonathanfort,2025-12-13
U04068,Andrea White MD,christopher51@example.com,M,55.0,East Christina,2024-11-21
U00957,Nathan Knight,briansnyder@example.com,Other,40.0,Joyberg,
U03792,Cristina Baldwin,garybaker@example.org,Other,46.0,Avilaborough,2025-05-15
U03235,Makayla Johnson,daniel19@example.net,F,69.0,Staceyfurt,
U02870,Jeremy Glover,,F,46.0,Josephshire,2024-05-09
U03778,Christina Barrett,jonathandavis@example.com,M,56.0,East Amy,2025-10-31
U04434,Sean Peck,nvelasquez@example.com,F,29.0,Christopherfurt,2024-10-19
U02962,David Valencia,wperez@example.com,M,18.0,Port Matthewtown,2024-07-09
U02201,Eric Case,jonathanramsey@example.com,M,27.0,Riosside,2025-12-19
U00099,Aaron Gomez,qlopez@example.org,M,23.0,Carloshaven,2025-02-07
U02558,Heather Russell,sean99@example.org,Other,,Lake Jacobmouth,2025-12-30
U03184,Monique Taylor,jacobshah@example.org,F,64.0,,2025-12-25
U00254,Crystal Brown,acardenas@example.net,Other,69.0,Armstrongbury,
U03924,Daniel Davidson,sotomaria@example.net,M,24.0,Port Lawrence,2024-07-08
U04200,Rebekah Johnston,jonathanharris@example.com,F,51.0,Craigburgh,
U01446,Kimberly Hughes,jasonjohnson@example.org,Invalid_Data,62.0,North Donald,2024-12-24
U01649,Steven Kent,lisa23@example.org,F,39.0,West Jennifer,
U04683,Joseph Luna,steven60@example.org,M,21.0,Vaughanborough,2024-04-04
U04724,Sheila Porter,brianmills@example.org,Other,33.0,Olsenton,2024-11-22
U03992,Mikayla Cook,kfranco@example.com,Other,42.0,South Julieborough,2024-11-15
U01697,Shawn Berry,nancyballard@example.com,M,,Torresside,2025-02-12
U03192,Veronica Koch,xsimpson@example.com,Other,40.0,Tristantown,2025-08-04
U04500,Emily Maldonado,htorres@example.com,M,53.0,Sergiotown,2025-09-30
U01155,Chelsey Martinez,lopezmelinda@example.org,Other,27.0,South Cynthia,2025-03-14
U02256,Daniel Morrow,fjones@example.com,F,31.0,Port Felicia,2024-05-11
U01683,Christopher Wagner,,F,22.0,North Emily,2025-09-18
U03171,Susan Howell,kmurphy@example.org,Other,39.0,Crawfordshire,2025-12-01
U02057,Jennifer Campbell,jaylopez@example.com,F,29.0,Kendraport,2025-03-27
U04091,Keith Miller,caseytammy@example.com,F,44.0,South Stephenchester,2025-12-19
U03109,Renee Davis,ernestmarsh@example.org,Other,47.0,Lewishaven,2025-07-18
U04549,Melissa Stout,lscott@example.org,F,30.0,Turnerberg,2024-08-28
U03724,Christian Collins,cynthia76@example.com,F,39.0,New Josephstad,2025-09-29
U02050,Kenneth Gonzalez,watsonjose@example.net,F,23.0,North Richard,2024-02-14
U04977,Victoria Santos,bryanschroeder@example.com,F,61.0,Tiffanystad,2025-01-13
U03644,Cheryl Butler,amber72@example.com,Other,61.0,East Craigland,2025-05-10
U01017,Monique Dougherty,,M,54.0,Cohenstad,2024-01-23
U00624,Robert Burns,kelleycarlos@example.org,F,55.0,Olsonport,2025-02-23
U00263,Corey Whitaker,wrightstephen@example.com,Other,36.0,West Micheal,
U03370,Michael Anderson,lisa30@example.com,F,18.0,South Davidmouth,
U04062,Catherine Peters DVM,cooperselena@example.org,Other,61.0,Smithville,2025-04-02
U01803,Stacey Moore,gabriela90@example.net,Other,61.0,Coreyport,2025-09-15
U04737,Meghan Washington,shortjared@example.org,F,58.0,Lauraberg,2024-07-25
U02920,Christopher Garza,kellyrichardson@example.com,F,51.0,New Teresa,2025-08-14
U02386,Raymond Patel,christopher67@example.org,M,45.0,Lake Matthewton,2024-06-05
U01960,Amy Bennett,jessica53@example.org,M,27.0,Heathermouth,2025-03-08
U02977,Rebecca Williams,rwalker@example.com,F,29.0,New Johnnymouth,2025-06-30
U00489,Christopher Sanchez,andersonkylie@example.net,Other,64.0,Stricklandtown,2025-10-11
U01844,Elizabeth Smith,wchaney@example.com,M,45.0,East Bradleytown,2025-05-07
U01735,Kimberly Cantrell,odavis@example.com,M,20.0,Wadeland,2025-04-26
U02912,Barbara Harris,uallen@example.net,,55.0,Robleshaven,2025-07-31
U03220,Ryan Rios,jeanette90@example.org,M,29.0,Annaview,2025-03-06
U00147,Robert Reese,williamsmelvin@example.org,M,37.0,North Valeriefort,2024-01-30
U01987,Stephen Weaver,chasemichele@example.com,M,56.0,East Randall,2024-04-03
U01370,Laura Cooper,mcleanjay@example.net,Other,52.0,Stokesville,2025-05-12
U02812,Michael Brown,cbradley@example.org,M,45.0,Rhondafort,2024-03-22
U00660,Alvin Wilson,scott95@example.org,F,36.0,East Jamesburgh,2024-06-15
U01795,Mark Bridges,frank49@example.org,Other,65.0,South Donnaview,2025-08-14
U02512,Dana Howell,yhopkins@example.net,Other,53.0,Beckview,2025-06-02
U03398,Melissa Gillespie,waynejensen@example.org,F,32.0,Aaronborough,2024-12-26
U04283,Peter Solis,elizabethpeterson@example.net,M,63.0,North Jacquelineburgh,2025-01-14
U01148,James Conway,sprice@example.net,M,51.0,Heidimouth,2024-10-01
U03273,Timothy Charles,reginajordan@example.org,M,42.0,Lake Joshua,2025-10-23
U00609,Matthew Cook,davidharris@example.com,M,66.0,East Maryfort,2024-09-12
U03583,Billy Huang,kshaffer@example.org,M,66.0,New Kimberly,2024-07-29
U01931,Kimberly Cline,lesliejones@example.org,M,24.0,Gutierrezland,2025-07-28
U00198,Tiffany Robertson,taylorkaren@example.com,M,59.0,West Michelleberg,2025-06-02
,,suzannerivas@example.com,Other,30.0,Lauraburgh,2024-04-21
U02328,Jane Thomas,crystalcrawford@example.net,F,31.0,Lake Adamstad,2025-02-25
U04390,Michael Dixon,stephanie43@example.org,F,28.0,South Debbiemouth,2025-08-24
U00767,Courtney Simmons,hicksdawn@example.com,Other,50.0,West Michaelstad,2025-06-10
U04497,Mark Jones,michaelwilson@example.org,F,56.0,Mosleyburgh,
U04219,Jonathan Davis,zburnett@example.com,Other,67.0,Michellemouth,2025-03-18
U03256,Christopher Spears,dcarpenter@example.net,Other,54.0,Timothyburgh,2025-12-03
U00203,,scottsmith@example.com,Other,70.0,Lake Regina,2025-10-12
U03511,Shari White,lowekyle@example.org,Other,50.0,New Johnnyton,
U04932,Ashley Brooks,christophermartin@example.org,M,45.0,New Emilyview,2024-09-01
U01734,Michael Hicks,ncarroll@example.com,M,34.0,Port Christine,2025-06-04
U02778,Mr. Michael Mcbride,erinreid@example.com,Other,,Lake Morgan,2024-02-08
U01708,Kaitlyn Leblanc,cynthiaford@example.org,F,59.0,Bartonside,2025-04-20
U03475,Darrell Cox,campbelljason@example.org,F,32.0,Emilyshire,2024-11-09
U00855,Daniel Garza,kathleen47@example.net,Other,36.0,Port William,2025-11-05
U04738,Kimberly Hamilton,cohenleslie@example.com,F,69.0,,2024-05-29
U04098,Katie Wilson,mgalvan@example.org,F,40.0,Villarrealborough,2025-02-22
U02161,Courtney Grimes,stephanieleon@example.com,M,,Gillespieville,2024-04-04
U00699,Danielle Mcdaniel,cathyjames@example.com,Other,64.0,South Crystal,2024-02-23
U03153,Patrick Huerta,mccallcrystal@example.org,Invalid_Data,58.0,Fishershire,2024-10-17
U03000,Joseph Cortez,brian14@example.net,Other,24.0,Tammyburgh,2025-08-13
U03697,Gary Holland,floresdaniel@example.net,F,60.0,West Christopher,2025-10-31
U01637,Brenda Mclaughlin,daniel13@example.net,F,47.0,Cookfurt,2025-09-29
U03458,Stacy Davis,garciarichard@example.net,F,56.0,East Johnberg,2025-02-03
U03582,Emily Davenport,craig57@example.org,F,42.0,Lake Willieberg,2024-01-20
U01292,Danielle Herrera,gcarter@example.org,F,32.0,Elizabethberg,2025-05-29
U04660,Kylie Tran,valerieadams@example.com,F,45.0,Velezbury,2024-03-07
U01854,Denise Flores,gking@example.org,Other,24.0,New Ronaldmouth,2025-08-20
U03764,Tiffany Castillo,jeffreygarcia@example.com,F,68.0,Lake Alexanderside,2024-08-12
U03305,Jason Martinez,miguel67@example.org,M,56.0,Underwoodchester,
U01496,James Gallagher,pricedale@example.org,Other,55.0,Jennaville,2024-03-14
U03744,Alexis Benson,shunter@example.com,M,40.0,Port Brianchester,2025-04-26
U03446,Christopher Nolan,asantiago@example.net,M,38.0,Campbellville,2024-08-21
